Player,Nation,Pos,Squad,Age,Born,90s,CrdY,CrdR,2CrdY,Fls,Fld,Off,Crs,Int,TklW,PKwon,PKcon,OG,Matches
Patrick van Aanholt\Patrick-van-Aanholt,nl NED,DFMF,Sunderland,25,1990,19.8,2,0,0,11,15,6,56,46,28,0,1,0,Matches
Patrick van Aanholt\Patrick-van-Aanholt,nl NED,DFMF,Crystal Palace,25,1990,7.9,1,0,0,3,2,0,22,14,5,0,0,0,Matches
Charlie Adam\Charlie-Adam,sco SCO,MF,Stoke City,30,1985,16.9,7,0,0,41,26,0,86,24,17,0,0,0,Matches
Albert Adomah\Albert-Adomah,gh GHA,MF,Middlesbrough,28,1987,1.4,0,0,0,3,2,0,9,2,4,0,0,0,Matches
Adrián\Adrian,es ESP,GK,West Ham,29,1987,16,1,0,0,0,3,0,0,0,0,0,0,0,Matches
Ibrahim Afellay\Ibrahim-Afellay,nl NED,MF,Stoke City,30,1986,4.3,0,0,0,3,7,2,15,5,2,0,0,0,Matches
Benik Afobe\Benik-Afobe,cd COD,FW,Bournemouth,23,1993,16.2,1,0,0,22,13,14,3,6,9,0,0,0,Matches
Sergio Agüero\Sergio-Aguero,ar ARG,FW,Manchester City,28,1988,26.7,4,1,0,23,34,23,18,4,14,1,0,0,Matches
Dan Agyei\Dan-Agyei,eng ENG,FW,Burnley,19,1997,0.3,0,0,,1,,,,,,,,,Matches
Ola Aina\Ola-Aina,ng NGA,DFMF,Chelsea,19,1996,0.3,0,0,0,0,1,0,0,0,0,0,0,0,Matches
Nathan Aké\Nathan-Ake,nl NED,DF,Bournemouth,21,1995,8.2,0,0,0,3,3,0,2,9,14,0,0,0,Matches
Nathan Aké\Nathan-Ake,nl NED,DF,Chelsea,21,1995,1.1,1,0,0,1,0,0,0,2,3,0,0,0,Matches
Marc Albrighton\Marc-Albrighton,eng ENG,MF,Leicester City,26,1989,26.8,5,0,0,21,20,2,212,38,45,0,0,0,Matches
Toby Alderweireld\Toby-Alderweireld,be BEL,DF,Tottenham,27,1989,28.9,1,0,0,9,5,0,6,26,35,0,0,0,Matches
Trent Alexander-Arnold\Trent-Alexander-Arnold,eng ENG,MFDF,Liverpool,17,1998,1.9,0,0,0,1,2,0,6,2,2,0,0,0,Matches
Joe Allen\Joe-Allen,wal WAL,MF,Stoke City,26,1990,32.6,9,0,0,29,59,0,51,63,52,1,0,0,Matches
Dele Alli\Dele-Alli,eng ENG,MF,Tottenham,20,1996,33.7,4,0,0,50,76,11,22,13,40,4,0,0,Matches
Ryan Allsop\Ryan-Allsop,eng ENG,GK,Bournemouth,24,1992,1,0,0,0,0,0,0,0,0,0,0,0,0,Matches
Marcos Alonso\Marcos-Alonso,es ESP,MF,Chelsea,25,1990,29.9,2,0,0,25,20,3,102,43,38,0,0,0,Matches
Daniel Amartey\Daniel-Amartey,gh GHA,MF,Leicester City,21,1994,18.6,3,0,0,28,9,0,3,27,29,0,0,0,Matches
Jordi Amat\Jordi-Amat,es ESP,DF,Swansea City,24,1992,15.7,5,0,0,26,5,0,0,31,23,0,2,0,Matches
Nordin Amrabat\Nordin-Amrabat,ma MAR,MFFW,Watford,29,1987,23.2,4,0,0,47,36,2,129,27,35,0,1,0,Matches
Victor Anichebe\Victor-Anichebe,ng NGA,FWMF,Sunderland,28,1988,13.5,2,0,0,25,33,7,38,9,8,0,0,0,Matches
Michail Antonio\Michail-Antonio,eng ENG,MFFW,West Ham,26,1990,27,5,2,1,30,49,18,94,28,28,1,1,0,Matches
Ikechi Anya\Ikechi-Anya,sco SCO,FWMF,Watford,28,1988,0.1,0,0,0,0,0,0,0,0,0,0,0,0,Matches
Álvaro Arbeloa\Alvaro-Arbeloa,es ESP,DF,West Ham,33,1983,2.9,3,0,0,5,3,0,6,9,4,0,0,0,Matches
Scott Arfield\Scott-Arfield,ca CAN,MF,Burnley,27,1988,23.4,3,0,0,37,18,3,71,34,27,1,0,0,Matches
Marko Arnautovi?\Marko-Arnautovic,at AUT,MFFW,Stoke City,27,1989,30.2,9,1,0,40,31,33,112,29,27,0,0,0,Matches
Harry Arter\Harry-Arter,ie IRL,MF,Bournemouth,26,1989,32.9,12,2,1,37,46,0,22,50,66,0,0,0,Matches
Joel Asoro\Joel-Asoro,se SWE,FW,Sunderland,17,1999,0.1,0,0,0,0,0,0,0,0,0,0,0,0,Matches
Charlie Austin\Charlie-Austin,eng ENG,FW,Southampton,27,1989,10.4,1,0,0,14,22,8,9,4,12,0,0,0,Matches
Daniel Ayala\Daniel-Ayala,es ESP,DF,Middlesbrough,25,1990,10.2,3,0,0,15,3,1,6,27,8,0,0,0,Matches
André Ayew\Andre-Ayew,gh GHA,MFFW,West Ham,26,1989,16,1,0,0,13,27,6,7,11,12,0,0,0,Matches
Jordan Ayew\Jordan-Ayew,gh GHA,FWMF,Swansea City,24,1991,9.6,1,0,0,18,22,6,19,8,12,0,0,0,Matches
César Azpilicueta\Cesar-Azpilicueta,es ESP,DF,Chelsea,26,1989,38,4,0,0,28,24,2,43,71,66,1,0,0,Matches
Eric Bailly\Eric-Bailly,ci CIV,DF,Manchester Utd,22,1994,22.9,4,0,0,28,26,0,2,66,43,0,1,0,Matches
Leighton Baines\Leighton-Baines,eng ENG,DFMF,Everton,31,1984,31.3,4,0,0,35,31,0,114,42,49,0,0,0,Matches
Patrick Bamford\Patrick-Bamford,eng ENG,FWMF,Burnley,22,1993,0.4,0,0,0,1,2,1,0,0,0,0,0,0,Matches
Patrick Bamford\Patrick-Bamford,eng ENG,FW,Middlesbrough,22,1993,3.2,1,0,0,8,9,1,4,4,5,0,0,0,Matches
Phil Bardsley\Phil-Bardsley,sco SCO,DF,Stoke City,31,1985,13,5,2,1,25,16,0,28,30,27,0,1,0,Matches
Ross Barkley\Ross-Barkley,eng ENG,MFFW,Everton,22,1993,32.2,5,0,0,49,38,8,114,13,26,0,0,0,Matches
Ashley Barnes\Ashley-Barnes,eng ENG,FW,Burnley,26,1989,19.7,7,2,1,54,75,21,9,5,18,1,0,0,Matches
Antonio Barragán\Antonio-Barragan,es ESP,DF,Middlesbrough,29,1987,24.4,5,0,0,26,20,1,72,61,54,0,0,0,Matches
Modou Barrow\Modou-Barrow,gm GAM,MFFW,Swansea City,23,1992,12.7,1,0,0,13,36,10,59,6,18,0,0,0,Matches
Gareth Barry\Gareth-Barry,eng ENG,MF,Everton,35,1981,23.4,10,0,0,47,25,2,20,39,49,0,0,0,Matches
Joey Barton\Joey-Barton,eng ENG,MF,Burnley,33,1982,12.3,4,0,0,20,17,0,11,27,35,0,0,0,Matches
Borja Bastón\Borja-Baston,es ESP,FW,Swansea City,23,1992,6.2,0,0,0,4,9,4,6,4,2,0,0,0,Matches
Michy Batshuayi\Michy-Batshuayi,be BEL,FW,Chelsea,22,1993,2.8,0,0,0,9,4,4,2,2,2,0,0,0,Matches
Asmir Begovi?\Asmir-Begovic,ba BIH,GK,Chelsea,29,1987,2,0,0,0,0,0,0,0,0,0,0,0,0,Matches
Valon Behrami\Valon-Behrami,ch SUI,MF,Watford,31,1985,22.6,7,0,0,29,40,0,3,34,56,0,0,0,Matches
Héctor Bellerín\Hector-Bellerin,es ESP,DFMF,Arsenal,21,1995,27.8,4,0,0,20,15,0,69,39,22,0,0,0,Matches
Yohan Benalouane\Yohan-Benalouane,tn TUN,DF,Leicester City,29,1987,10.2,4,0,0,15,3,0,0,27,15,0,1,0,Matches
Christian Benteke\Christian-Benteke,be BEL,FW,Crystal Palace,25,1990,34.8,10,0,0,81,51,37,1,7,6,3,0,0,Matches
Jonathan Benteke\Jonathan-Benteke,be BEL,FW,Crystal Palace,21,1995,0.1,0,0,0,0,0,0,0,0,0,0,0,0,Matches
Saido Berahino\Saido-Berahino,bi BDI,FW,Stoke City,22,1993,8,0,0,0,11,1,6,1,1,6,0,0,0,Matches
Saido Berahino\Saido-Berahino,bi BDI,FW,West Brom,22,1993,2.7,1,0,0,9,5,2,0,0,2,0,0,0,Matches
Jóhann Berg Guðmundsson\Johann-Berg-Gudmundsson,is ISL,MF,Burnley,25,1990,11.1,1,0,0,3,9,1,71,20,17,0,1,0,Matches
Ryan Bertrand\Ryan-Bertrand,eng ENG,DF,Southampton,26,1989,27.9,3,0,0,24,36,2,98,48,26,0,1,0,Matches
Mame Biram Diouf\Mame-Biram-Diouf,sn SEN,MFFW,Stoke City,28,1987,15.4,3,0,0,28,23,9,26,18,26,0,0,0,Matches
Daley Blind\Daley-Blind,nl NED,DF,Manchester Utd,26,1990,20.3,2,0,0,14,15,0,87,44,34,0,0,0,Matches
Yannick Bolasie\Yannick-Bolasie,cd COD,FWMF,Crystal Palace,27,1989,0.3,1,0,0,1,0,0,2,0,0,0,0,0,Matches
Yannick Bolasie\Yannick-Bolasie,cd COD,MFFW,Everton,27,1989,11.4,2,0,0,22,15,3,82,3,13,0,0,0,Matches
Wilfried Bony\Wilfried-Bony,ci CIV,FW,Stoke City,27,1988,7.6,1,0,0,11,13,2,1,3,3,0,0,0,Matches
Fabio Borini\Fabio-Borini,it ITA,FWMF,Sunderland,25,1991,19.3,5,0,0,28,43,0,37,23,16,0,0,0,Matches
Artur Boruc\Artur-Boruc,pl POL,GK,Bournemouth,36,1980,35,2,0,0,0,6,0,0,1,0,0,0,0,Matches
Sofiane Boufal\Sofiane-Boufal,ma MAR,FWMF,Southampton,22,1993,12.3,5,0,0,25,22,1,35,7,26,0,0,0,Matches
Jarrod Bowen\Jarrod-Bowen,eng ENG,MF,Hull City,19,1996,2,0,0,0,3,8,0,0,1,1,0,0,0,Matches
George Boyd\George-Boyd,sco SCO,MF,Burnley,30,1985,31.5,3,0,0,32,29,8,42,35,68,0,0,0,Matches
Robbie Brady\Robbie-Brady,ie IRL,MF,Burnley,24,1992,8,1,0,0,8,16,0,63,12,14,0,0,0,Matches
Claudio Bravo\Claudio-Bravo,cl CHI,GK,Manchester City,33,1983,21.9,0,0,0,0,3,0,0,0,0,0,0,0,Matches
Miguel Britos\Miguel-Britos,uy URU,DF,Watford,31,1985,25.4,8,4,2,36,24,2,13,52,33,0,1,0,Matches
Leon Britton\Leon-Britton,eng ENG,MF,Swansea City,33,1982,12.9,3,0,0,6,9,0,0,24,15,0,0,0,Matches
Chris Brunt\Chris-Brunt,nir NIR,MFDF,West Brom,31,1984,27.5,5,0,0,17,10,2,174,33,27,0,0,0,Matches
Jack Butland\Jack-Butland,eng ENG,GK,Stoke City,23,1993,5,0,0,0,0,1,0,0,0,0,0,0,0,Matches
Sam Byram\Sam-Byram,eng ENG,DFMF,West Ham,22,1993,13.9,6,2,1,20,13,2,27,44,20,0,0,0,Matches
Willy Caballero\Willy-Caballero,ar ARG,GK,Manchester City,34,1981,16.1,0,0,0,0,2,0,0,0,1,0,0,0,Matches
Yohan Cabaye\Yohan-Cabaye,fr FRA,MF,Crystal Palace,30,1986,23.6,7,0,0,31,21,2,109,72,39,0,0,0,Matches
Martín Cáceres\Martin-Caceres,uy URU,DF,Southampton,29,1987,1,0,0,0,0,0,0,0,1,1,0,0,0,Matches
Gary Cahill\Gary-Cahill,eng ENG,DF,Chelsea,30,1985,36.6,5,0,0,34,25,2,1,48,41,0,1,1,Matches
Jonathan Calleri\Jonathan-Calleri,ar ARG,FW,West Ham,22,1993,6,0,0,0,10,8,9,16,4,5,0,0,0,Matches
Dominic Calvert-Lewin\Dominic-Calvert-Lewin,eng ENG,MFFW,Everton,19,1997,3.9,1,0,0,4,7,1,0,3,4,0,0,0,Matches
Geoff Cameron\Geoff-Cameron,us USA,MFDF,Stoke City,31,1985,18.1,1,0,0,17,19,2,14,34,36,0,0,0,Matches
Fraizer Campbell\Fraizer-Campbell,eng ENG,FW,Crystal Palace,28,1987,1.8,0,0,0,2,3,0,2,1,1,0,0,0,Matches
Emre Can\Emre-Can,de GER,MF,Liverpool,22,1994,26.3,6,0,0,70,30,2,23,32,54,0,0,0,Matches
Étienne Capoue\Etienne-Capoue,fr FRA,MF,Watford,28,1988,35.6,5,0,0,52,46,1,80,61,44,0,0,0,Matches
Baily Cargill\Baily-Cargill,eng ENG,DF,Bournemouth,21,1995,0.1,0,0,0,0,0,0,0,0,1,0,0,0,Matches
Michael Carrick\Michael-Carrick,eng ENG,MF,Manchester Utd,35,1981,17.8,2,0,0,5,19,0,5,44,18,0,0,0,Matches
Andy Carroll\Andy-Carroll,eng ENG,FW,West Ham,27,1989,14.6,3,0,0,25,29,5,10,6,3,0,0,0,Matches
Tom Carroll\Tom-Carroll,eng ENG,MF,Tottenham,24,1992,0,0,0,0,0,0,0,0,0,0,0,0,0,Matches
Tom Carroll\Tom-Carroll,eng ENG,MF,Swansea City,24,1992,15.4,1,0,0,13,10,0,38,18,27,0,0,0,Matches
Joel Castro Pereira\Joel-Castro-Pereira,pt POR,GK,Manchester Utd,20,1996,1,0,0,0,0,0,0,0,0,0,0,0,0,Matches
Craig Cathcart\Craig-Cathcart,nir NIR,DF,Watford,27,1989,12.9,3,0,0,13,2,0,6,16,18,0,0,0,Matches
Lee Cattermole\Lee-Cattermole,eng ENG,MF,Sunderland,28,1988,7,4,0,0,12,9,0,3,22,8,0,0,0,Matches
Santi Cazorla\Santi-Cazorla,es ESP,MF,Arsenal,31,1984,6.9,2,0,0,4,2,1,39,8,2,0,0,0,Matches
Petr ?ech\Petr-Cech,cz CZE,GK,Arsenal,34,1982,34.4,2,0,0,0,2,0,0,1,0,0,2,1,Matches
Nacer Chadli\Nacer-Chadli,be BEL,MFFW,West Brom,26,1989,23.7,2,0,0,17,16,3,58,22,20,0,0,0,Matches
Nathaniel Chalobah\Nathaniel-Chalobah,eng ENG,MF,Chelsea,21,1994,1.9,2,0,0,2,1,0,0,2,4,0,0,0,Matches
Calum Chambers\Calum-Chambers,eng ENG,DF,Middlesbrough,21,1995,24,4,0,0,23,11,1,22,50,38,0,1,0,Matches
Calum Chambers\Calum-Chambers,eng ENG,DF,Arsenal,21,1995,1,0,0,0,0,2,0,0,1,1,0,0,0,Matches
Ben Chilwell\Ben-Chilwell,eng ENG,DFMF,Leicester City,19,1996,7.8,2,0,0,7,15,1,18,27,15,0,0,0,Matches
Lee Chung-yong\Lee-Chung-yong,kr KOR,MF,Crystal Palace,28,1988,5.2,0,0,0,5,11,0,14,4,14,0,0,0,Matches
Jordy Clasie\Jordy-Clasie,nl NED,MF,Southampton,25,1991,11.3,3,0,0,15,6,0,9,15,9,0,1,0,Matches
Adam Clayton\Adam-Clayton,eng ENG,MF,Middlesbrough,27,1989,31.2,10,0,0,52,44,0,24,68,54,0,0,0,Matches
Tom Cleverley\Tom-Cleverley,eng ENG,MF,Everton,26,1989,4.5,1,0,0,7,2,0,3,11,10,0,0,0,Matches
Tom Cleverley\Tom-Cleverley,eng ENG,MF,Watford,26,1989,16,3,0,0,16,10,0,59,19,20,0,0,0,Matches
Gaël Clichy\Gael-Clichy,fr FRA,DF,Manchester City,31,1985,23.6,2,0,0,12,8,1,26,53,34,0,2,0,Matches
Sam Clucas\Sam-Clucas,eng ENG,MF,Hull City,25,1990,35.4,9,1,0,22,27,1,64,52,60,0,1,0,Matches
Nathaniel Clyne\Nathaniel-Clyne,eng ENG,DF,Liverpool,25,1991,36.9,0,0,0,15,20,1,95,46,66,0,0,0,Matches
Séamus Coleman\Seamus-Coleman,ie IRL,DFMF,Everton,27,1988,25.7,3,0,0,18,26,4,89,28,45,0,0,0,Matches
James Collins\James-Collins,wal WAL,DF,West Ham,32,1983,18.4,3,0,0,7,7,1,0,37,18,0,0,0,Matches
Lewis Cook\Lewis-Cook,eng ENG,MF,Bournemouth,19,1997,4.8,1,0,0,3,3,0,2,7,9,0,0,0,Matches
Steve Cook\Steve-Cook,eng ENG,DF,Bournemouth,25,1991,38,5,0,0,16,16,0,12,83,33,0,0,0,Matches
Francis Coquelin\Francis-Coquelin,fr FRA,MF,Arsenal,25,1991,19.8,5,0,0,33,40,0,5,52,44,0,1,0,Matches
Jack Cork\Jack-Cork,eng ENG,MF,Swansea City,27,1989,24.8,7,0,0,24,32,1,21,57,46,0,0,2,Matches
Diego Costa\Diego-Costa,es ESP,FW,Chelsea,27,1988,34.2,10,0,0,42,92,26,9,9,11,1,0,0,Matches
Thibaut Courtois\Thibaut-Courtois,be BEL,GK,Chelsea,24,1992,36,1,0,0,0,2,0,0,0,0,0,1,0,Matches
Philippe Coutinho\Philippe-Coutinho,br BRA,FWMF,Liverpool,24,1992,24.7,2,0,0,18,36,5,126,18,25,0,0,0,Matches
Aaron Cresswell\Aaron-Cresswell,eng ENG,DFMF,West Ham,26,1989,23.5,3,2,1,11,8,4,97,25,16,0,0,0,Matches
Peter Crouch\Peter-Crouch,eng ENG,FW,Stoke City,35,1981,14.9,3,0,0,26,18,7,0,3,4,0,0,0,Matches
Charlie Daniels\Charlie-Daniels,eng ENG,DF,Bournemouth,29,1986,34,1,0,0,12,27,0,87,51,40,1,1,0,Matches
Scott Dann\Scott-Dann,eng ENG,DF,Crystal Palace,29,1987,20,2,0,0,13,13,0,3,32,11,0,1,0,Matches
Matteo Darmian\Matteo-Darmian,it ITA,DF,Manchester Utd,26,1989,14.8,3,0,0,19,15,1,19,38,28,0,0,0,Matches
Ben Davies\Ben-Davies,wal WAL,DFMF,Tottenham,23,1993,19.3,1,0,0,13,26,2,75,12,30,0,0,0,Matches
Curtis Davies\Curtis-Davies,eng ENG,DF,Hull City,31,1985,23.7,4,0,0,12,22,0,5,92,25,0,1,1,Matches
Tom Davies\Tom-Davies,eng ENG,MF,Everton,18,1998,17.2,4,0,0,25,37,4,11,20,26,0,0,0,Matches
Steven Davis\Steven-Davis,nir NIR,MF,Southampton,31,1985,29.4,3,0,0,18,13,1,71,26,41,0,1,0,Matches
Craig Dawson\Craig-Dawson,eng ENG,DF,West Brom,26,1990,36.4,10,0,0,55,37,2,85,61,46,0,0,0,Matches
Michael Dawson\Michael-Dawson,eng ENG,DF,Hull City,32,1983,19.1,4,0,0,13,6,1,0,29,12,0,1,1,Matches
Kevin De Bruyne\Kevin-De-Bruyne,be BEL,MF,Manchester City,25,1991,32,4,0,0,37,40,3,276,24,35,1,0,0,Matches
Mathieu Debuchy\Mathieu-Debuchy,fr FRA,DF,Arsenal,31,1985,0.2,0,0,0,0,0,0,0,1,0,0,0,0,Matches
Troy Deeney\Troy-Deeney,eng ENG,FW,Watford,28,1988,32.7,7,0,0,42,28,20,16,18,16,0,0,1,Matches
Jermain Defoe\Jermain-Defoe,eng ENG,FW,Sunderland,33,1982,36.9,1,0,0,25,30,36,19,4,14,1,0,0,Matches
Steven Defour\Steven-Defour,be BEL,MF,Burnley,28,1988,11.9,1,0,0,14,8,2,70,33,16,0,0,0,Matches
Damien Delaney\Damien-Delaney,ie IRL,DF,Crystal Palace,35,1981,22.4,8,0,0,25,14,1,5,43,22,0,1,0,Matches
Fabian Delph\Fabian-Delph,eng ENG,MF,Manchester City,26,1989,2.5,1,0,0,6,5,0,1,7,4,0,0,0,Matches
Mousa Dembélé\Mousa-Dembele,be BEL,MF,Tottenham,29,1987,22.8,5,0,0,43,21,0,3,26,55,1,0,0,Matches
Jason Denayer\Jason-Denayer,be BEL,MFDF,Sunderland,21,1995,20.9,2,0,0,18,9,1,10,36,26,0,1,1,Matches
Memphis Depay\Memphis-Depay,nl NED,FWMF,Manchester Utd,22,1994,0.3,1,0,0,1,0,1,4,0,1,0,0,0,Matches
Mike van der Hoorn\Mike-van-der-Hoorn,nl NED,DF,Swansea City,23,1992,7.4,1,0,0,13,9,0,0,19,8,0,1,0,Matches
Gerard Deulofeu\Gerard-Deulofeu,es ESP,FWMF,Everton,22,1994,5.1,1,0,0,2,3,10,37,4,5,0,0,0,Matches
Eric Dier\Eric-Dier,eng ENG,DFMF,Tottenham,22,1994,33.8,6,0,0,25,19,3,20,37,34,0,0,0,Matches
Virgil van Dijk\Virgil-van-Dijk,nl NED,DF,Southampton,25,1991,20.6,4,2,1,18,17,0,1,54,30,0,0,0,Matches
Adama Diomande\Adama-Diomande,no NOR,FWMF,Hull City,26,1990,13,1,0,0,20,16,10,4,8,22,0,0,0,Matches
Papy Djilobodji\Papy-Djilobodji,sn SEN,DF,Sunderland,27,1988,17.5,5,2,1,22,16,2,5,54,18,0,0,0,Matches
Abdoulaye Doucouré\Abdoulaye-Doucoure,fr FRA,MF,Watford,23,1993,15.1,4,0,0,12,5,0,6,22,13,0,0,0,Matches
Stewart Downing\Stewart-Downing,eng ENG,MFFW,Middlesbrough,32,1984,24.6,1,0,0,9,14,6,165,34,20,0,0,0,Matches
Danny Drinkwater\Danny-Drinkwater,eng ENG,MF,Leicester City,26,1990,27.4,6,0,0,46,10,1,28,42,58,0,0,0,Matches
Nathan Dyer\Nathan-Dyer,eng ENG,MFFW,Swansea City,28,1987,2.4,0,0,0,4,7,0,6,3,4,0,0,0,Matches
Ovie Ejaria\Ovie-Ejaria,eng ENG,MF,Liverpool,18,1997,0.1,0,0,0,0,0,0,0,0,0,0,0,0,Matches
Omar Elabdellaoui\Omar-Elabdellaoui,no NOR,DFMF,Hull City,24,1991,6.8,0,0,0,2,3,0,15,10,4,0,0,0,Matches
Andrew Eleftheriou\Andrew-Eleftheriou,eng ENG,DF,Watford,18,1997,0.6,0,0,0,0,0,0,1,2,1,0,0,0,Matches
Ahmed Elmohamady\Ahmed-Elmohamady,eg EGY,DFMF,Hull City,28,1987,28,3,1,0,22,15,1,124,51,36,0,1,1,Matches
Mohamed Elneny\Mohamed-Elneny,eg EGY,MF,Arsenal,24,1992,7.7,1,0,0,10,5,0,8,8,14,0,0,0,Matches
Christian Eriksen\Christian-Eriksen,dk DEN,MF,Tottenham,24,1992,35.1,0,0,0,20,27,2,246,25,35,0,0,0,Matches
Bernardo Espinosa\Bernardo-Espinosa,co COL,DF,Middlesbrough,27,1989,10.8,2,0,0,17,7,1,2,21,17,0,1,0,Matches
Jonny Evans\Jonny-Evans,nir NIR,DF,West Brom,28,1988,29.3,8,0,0,30,27,0,9,82,26,0,0,0,Matches
?ukasz Fabia?ski\Lukasz-Fabianski,pl POL,GK,Swansea City,31,1985,37,1,0,0,0,4,0,0,1,2,0,1,0,Matches
Fábio\Fabio,br BRA,DF,Middlesbrough,26,1990,20.5,8,0,0,29,21,4,71,37,51,0,0,0,Matches
Cesc Fàbregas\Cesc-Fabregas,es ESP,MF,Chelsea,29,1987,14.9,8,0,0,23,18,0,85,14,27,0,0,0,Matches
Adam Federici\Adam-Federici,au AUS,GK,Bournemouth,31,1985,2,1,0,0,0,0,0,0,0,0,0,0,0,Matches
Sofiane Feghouli\Sofiane-Feghouli,dz ALG,MFFW,West Ham,26,1989,11.6,1,1,0,11,18,2,64,14,13,0,1,0,Matches
Marouane Fellaini\Marouane-Fellaini,be BEL,MF,Manchester Utd,28,1987,17.8,9,1,0,41,20,3,4,30,41,0,2,0,Matches
Leroy Fer\Leroy-Fer,nl NED,MF,Swansea City,26,1990,26.7,9,0,0,48,50,1,15,23,41,0,0,0,Matches
Edimilson Fernandes\Edimilson-Fernandes,ch SUI,MF,West Ham,20,1996,11.1,4,0,0,16,7,1,11,20,14,0,0,0,Matches
Federico Fernández\Federico-Fernandez,ar ARG,DF,Swansea City,27,1989,27,7,0,0,26,16,0,5,50,30,0,2,0,Matches
Fernandinho\Fernandinho,br BRA,MFDF,Manchester City,31,1985,30.6,4,2,0,48,36,2,24,65,55,0,2,0,Matches
Fernando\Fernando,br BRA,MFDF,Manchester City,29,1987,6.3,3,0,0,11,7,0,1,14,14,0,0,0,Matches
Sam Field\Sam-Field,eng ENG,MF,West Brom,18,1998,3.1,2,0,0,5,2,0,7,4,6,0,0,0,Matches
Roberto Firmino\Roberto-Firmino,br BRA,FW,Liverpool,24,1991,34,5,0,0,50,31,19,60,25,42,3,0,0,Matches
Viktor Fischer\Viktor-Fischer,dk DEN,FWMF,Middlesbrough,22,1994,4.9,0,0,0,1,7,3,16,1,4,0,0,0,Matches
Mathieu Flamini\Mathieu-Flamini,fr FRA,MF,Crystal Palace,32,1984,3,0,0,0,1,0,0,1,5,2,0,0,0,Matches
Jon Flanagan\Jon-Flanagan,eng ENG,DF,Burnley,23,1993,4,2,0,0,9,2,0,5,14,14,0,0,0,Matches
Ashley Fletcher\Ashley-Fletcher,eng ENG,FW,West Ham,20,1995,4.1,2,0,0,9,5,1,6,0,2,0,0,0,Matches
Darren Fletcher\Darren-Fletcher,sco SCO,MF,West Brom,32,1984,35.9,0,0,0,22,24,1,31,44,30,0,0,0,Matches
Michael Folivi\Michael-Folivi,eng ENG,FW,Watford,18,1998,0.1,0,0,0,1,0,0,0,0,0,0,0,0,Matches
José Fonte\Jose-Fonte,pt POR,DF,West Ham,32,1983,15.6,2,0,0,11,5,0,4,39,14,0,2,0,Matches
José Fonte\Jose-Fonte,pt POR,DF,Southampton,32,1983,17,2,0,0,17,12,0,3,37,20,0,2,0,Matches
Adam Forshaw\Adam-Forshaw,eng ENG,MF,Middlesbrough,24,1991,29.9,4,0,0,34,33,1,51,36,42,1,0,0,Matches
Fraser Forster\Fraser-Forster,eng ENG,GK,Southampton,28,1988,38,3,0,0,0,0,0,1,0,2,0,0,0,Matches
Ben Foster\Ben-Foster,eng ENG,GK,West Brom,33,1983,38,2,0,0,0,5,0,0,2,0,0,0,0,Matches
Timothy Fosu-Mensah\Timothy-Fosu-Mensah,nl NED,DF,Manchester Utd,18,1998,1.1,0,0,0,3,0,0,0,2,4,0,0,0,Matches
Simon Francis\Simon-Francis,eng ENG,DF,Bournemouth,31,1985,32.7,4,1,0,27,20,0,67,56,51,0,2,0,Matches
Ryan Fraser\Ryan-Fraser,sco SCO,MF,Bournemouth,22,1994,19.6,3,0,0,18,64,2,127,13,13,5,0,0,Matches
George Friend\George-Friend,eng ENG,DF,Middlesbrough,28,1987,21.8,4,0,0,29,24,0,36,56,49,0,0,0,Matches
Zeki Fryers\Zeki-Fryers,eng ENG,DF,Crystal Palace,23,1992,2.1,0,0,0,4,2,0,9,2,1,0,0,0,Matches
Christian Fuchs\Christian-Fuchs,at AUT,DF,Leicester City,30,1986,34.5,10,0,0,29,10,1,96,68,76,0,0,0,Matches
Jay Fulton\Jay-Fulton,sco SCO,MF,Swansea City,22,1994,7.7,2,0,0,10,11,1,5,7,20,0,0,0,Matches
Ramiro Funes Mori\Ramiro-Funes-Mori,ar ARG,DF,Everton,25,1991,17.1,0,0,0,11,15,1,5,33,17,0,0,0,Matches
Manolo Gabbiadini\Manolo-Gabbiadini,it ITA,FW,Southampton,24,1991,8,1,0,0,9,10,10,3,3,3,0,0,0,Matches
Brendan Galloway\Brendan-Galloway,eng ENG,DF,West Brom,20,1996,2.7,0,0,0,6,3,0,3,7,6,0,1,0,Matches
Idrissa Gana Gueye\Idrissa-Gana-Gueye,sn SEN,MF,Everton,26,1989,29.8,11,0,0,51,53,0,13,77,103,1,0,0,Matches
Aleix García\Aleix-Garcia,es ESP,MF,Manchester City,19,1997,0.9,0,0,0,0,4,0,1,4,2,0,0,0,Matches
Craig Gardner\Craig-Gardner,eng ENG,MF,West Brom,29,1986,2.4,1,0,0,8,2,0,12,2,3,0,0,0,Matches
David de Gea\David-de-Gea,es ESP,GK,Manchester Utd,25,1990,35,2,0,0,0,2,0,0,0,0,0,0,0,Matches
Rudy Gestede\Rudy-Gestede,bj BEN,FW,Middlesbrough,27,1988,5.9,3,0,0,8,12,3,2,3,6,0,0,0,Matches
Kieran Gibbs\Kieran-Gibbs,eng ENG,MFDF,Arsenal,26,1989,7.8,3,0,0,11,1,0,31,10,7,0,0,0,Matches
Ben Gibson\Ben-Gibson,eng ENG,DF,Middlesbrough,23,1993,38,4,0,0,19,16,1,0,59,27,0,0,0,Matches
Darron Gibson\Darron-Gibson,ie IRL,MF,Sunderland,28,1987,7.1,4,0,0,12,0,0,12,13,11,0,0,0,Matches
Olivier Giroud\Olivier-Giroud,fr FRA,FW,Arsenal,29,1986,13.4,2,0,0,21,12,12,3,7,9,1,0,0,Matches
Shay Given\Shay-Given,ie IRL,GK,Stoke City,40,1976,5,1,0,0,0,1,0,0,0,0,0,0,1,Matches
Evandro Goebel\Evandro-Goebel,br BRA,MF,Hull City,29,1986,6.4,1,0,0,14,20,0,18,3,14,0,0,0,Matches
Angel Gomes\Angel-Gomes,eng ENG,MF,Manchester Utd,15,2000,0,0,0,0,0,0,0,0,0,0,0,0,0,Matches
Heurelho Gomes\Heurelho-Gomes,br BRA,GK,Watford,35,1981,37.1,1,0,0,0,4,0,0,3,0,0,1,1,Matches
Lynden Gooch\Lynden-Gooch,us USA,MF,Sunderland,20,1995,4.1,3,0,0,8,6,0,13,6,11,0,0,0,Matches
Dan Gosling\Dan-Gosling,eng ENG,MF,Bournemouth,26,1990,15.2,6,0,0,26,31,1,7,26,40,0,0,0,Matches
Lewis Grabban\Lewis-Grabban,eng ENG,FWMF,Bournemouth,28,1988,0.7,0,0,0,1,0,0,1,0,1,0,0,0,Matches
Max Gradel\Max-Gradel,ci CIV,FWMF,Bournemouth,28,1987,1.5,3,0,0,4,1,2,8,3,4,0,0,0,Matches
Lee Grant\Lee-Grant,eng ENG,GK,Stoke City,33,1983,28,1,0,0,0,2,0,0,1,1,0,0,0,Matches
Andre Gray\Andre-Gray,jm JAM,FW,Burnley,25,1991,25.1,2,0,0,17,17,36,28,5,4,0,0,0,Matches
Demarai Gray\Demarai-Gray,eng ENG,MFFW,Leicester City,20,1996,11.7,2,0,0,12,14,2,82,11,14,1,0,0,Matches
Kamil Grosicki\Kamil-Grosicki,pl POL,MF,Hull City,28,1988,12.7,1,0,0,12,6,6,108,13,4,0,0,0,Matches
Marko Gruji?\Marko-Grujic,rs SRB,MF,Liverpool,20,1996,0.5,1,0,0,2,2,0,0,0,0,0,0,0,Matches
Adlène Guedioura\Adlene-Guedioura,dz ALG,MF,Watford,30,1985,8,2,0,0,21,8,1,27,10,17,0,0,0,Matches
Adlène Guedioura\Adlene-Guedioura,dz ALG,MF,Middlesbrough,30,1985,1.6,0,0,0,2,1,0,6,3,5,0,0,0,Matches
?lkay Gündo?an\Ilkay-Gundogan,de GER,MF,Manchester City,25,1990,7.8,0,0,0,2,10,0,7,9,9,0,0,0,Matches
Brad Guzan\Brad-Guzan,us USA,GK,Middlesbrough,31,1984,10,0,0,0,0,1,0,0,1,1,0,1,0,Matches
Josh Harrop\Josh-Harrop,eng ENG,FW,Manchester Utd,20,1995,1,0,0,0,4,1,0,4,0,3,0,0,0,Matches
Eden Hazard\Eden-Hazard,be BEL,FWMF,Chelsea,25,1991,33.1,3,0,0,19,101,8,87,28,14,1,0,0,Matches
Tom Heaton\Tom-Heaton,eng ENG,GK,Burnley,30,1986,35,1,0,0,0,1,0,0,2,2,0,0,0,Matches
Jordan Henderson\Jordan-Henderson,eng ENG,MF,Liverpool,26,1990,23.5,8,0,0,28,17,0,65,47,64,0,0,0,Matches
Jeff Hendrick\Jeff-Hendrick,ie IRL,MF,Burnley,24,1992,29.9,6,1,0,42,37,4,17,44,15,0,0,0,Matches
Wayne Hennessey\Wayne-Hennessey,wal WAL,GK,Crystal Palace,29,1987,29,1,0,0,0,3,0,0,1,2,0,0,0,Matches
Markus Henriksen\Markus-Henriksen,no NOR,MF,Hull City,24,1992,7.1,1,0,0,15,12,1,12,5,9,0,1,0,Matches
Abel Hernández\Abel-Hernandez,uy URU,FW,Hull City,25,1990,15.8,0,0,0,18,11,11,1,4,6,0,0,0,Matches
Luis Hernández\Luis-Hernandez,es ESP,DF,Leicester City,27,1989,3.6,1,0,0,5,1,0,10,9,5,0,0,0,Matches
Ander Herrera\Ander-Herrera,es ESP,MF,Manchester Utd,26,1989,27.4,6,2,1,48,45,0,50,86,63,0,0,0,Matches
Son Heung-min\Son-Heung-min,kr KOR,MFFW,Tottenham,24,1992,22.9,2,0,0,10,33,22,62,7,13,2,0,0,Matches
Rob Holding\Rob-Holding,eng ENG,DF,Arsenal,20,1995,9,3,0,0,10,2,0,2,11,9,0,1,0,Matches
José Holebas\Jose-Holebas,gr GRE,DFMF,Watford,32,1984,32.3,14,0,0,43,24,1,166,58,47,0,0,0,Matches
Mason Holgate\Mason-Holgate,eng ENG,DF,Everton,19,1996,15.2,2,0,0,13,16,0,52,22,33,0,0,0,Matches
George Honeyman\George-Honeyman,eng ENG,MF,Sunderland,21,1994,2.6,1,0,0,4,8,2,9,4,8,0,0,0,Matches
Tom Huddlestone\Tom-Huddlestone,eng ENG,MF,Hull City,29,1986,22.5,5,1,0,33,16,1,14,48,25,0,2,1,Matches
James Husband\James-Husband,eng ENG,DF,Middlesbrough,22,1994,0.6,0,0,0,0,0,0,0,0,0,0,0,0,Matches
Robert Huth\Robert-Huth,de GER,DF,Leicester City,31,1984,32.5,9,0,0,45,18,0,0,44,24,0,1,2,Matches
Pierre Højbjerg\Pierre-Hojbjerg,dk DEN,MF,Southampton,20,1995,14.5,2,0,0,17,30,0,21,31,31,0,0,0,Matches
Jordon Ibe\Jordon-Ibe,eng ENG,MFFW,Bournemouth,20,1995,11.7,0,0,0,7,13,1,43,10,11,0,0,0,Matches
Didier Ibrahim Ndong\Didier-Ibrahim-Ndong,ga GAB,MF,Sunderland,22,1994,28,5,0,0,39,28,4,39,50,64,1,1,0,Matches
Zlatan Ibrahimovi?\Zlatan-Ibrahimovic,se SWE,FW,Manchester Utd,34,1981,27.1,7,0,0,54,20,37,18,12,6,0,0,0,Matches
Odion Ighalo\Odion-Ighalo,ng NGA,FW,Watford,27,1989,14.3,1,0,0,18,15,9,6,4,8,0,0,0,Matches
Kelechi Iheanacho\Kelechi-Iheanacho,ng NGA,FW,Manchester City,19,1996,6,0,0,0,7,2,6,4,0,5,0,0,0,Matches
Giannelli Imbula\Giannelli-Imbula,cd COD,MF,Stoke City,23,1992,8.8,1,0,0,3,12,0,8,4,10,0,0,1,Matches
Branislav Ivanovi?\Branislav-Ivanovic,rs SRB,DF,Chelsea,32,1984,6.5,2,0,0,8,8,2,23,11,11,0,0,0,Matches
Alex Iwobi\Alex-Iwobi,ng NGA,MF,Arsenal,20,1996,16.2,1,0,0,7,13,3,19,8,15,0,0,0,Matches
Phil Jagielka\Phil-Jagielka,eng ENG,DF,Everton,33,1982,25,5,2,1,14,28,0,1,41,34,0,3,0,Matches
Eldin Jakupovi?\Eldin-Jakupovic,ch SUI,GK,Hull City,31,1984,22,0,0,0,0,2,0,0,1,0,0,0,0,Matches
Matty James\Matty-James,eng ENG,MF,Leicester City,25,1991,0,0,0,0,0,0,0,0,0,0,0,0,0,Matches
Daryl Janmaat\Daryl-Janmaat,nl NED,MFDF,Watford,27,1989,18,2,0,0,16,4,5,54,23,30,0,0,0,Matches
Vincent Janssen\Vincent-Janssen,nl NED,FW,Tottenham,22,1994,9.4,0,0,0,31,25,8,10,4,14,1,1,0,Matches
Adnan Januzaj\Adnan-Januzaj,be BEL,MFFW,Sunderland,21,1995,18.1,4,2,1,26,38,3,66,9,15,0,0,0,Matches
Mile Jedinak\Mile-Jedinak,au AUS,MF,Crystal Palace,31,1984,1,0,0,0,4,2,0,1,1,2,0,0,0,Matches
Carl Jenkinson\Carl-Jenkinson,eng ENG,DF,Arsenal,24,1992,0.9,0,0,0,1,1,0,3,2,3,0,0,0,Matches
Gabriel Jesus\Gabriel-Jesus,br BRA,FWMF,Manchester City,19,1997,7.2,2,0,0,11,17,9,2,3,7,0,0,0,Matches
Glen Johnson\Glen-Johnson,eng ENG,DF,Stoke City,31,1984,21.7,1,0,0,12,19,0,34,42,37,0,0,0,Matches
Billy Jones\Billy-Jones,eng ENG,DFMF,Sunderland,29,1987,25.2,8,0,0,25,12,0,44,50,43,0,0,0,Matches
David Jones\David-Jones,eng ENG,MF,Burnley,31,1984,1,1,0,0,1,0,0,11,1,0,0,0,0,Matches
Phil Jones\Phil-Jones,eng ENG,DF,Manchester Utd,24,1992,17.6,2,0,0,9,11,0,1,27,25,0,1,0,Matches
Lukas Jutkiewicz\Lukas-Jutkiewicz,eng ENG,FW,Burnley,27,1989,0.1,0,0,0,1,1,0,0,0,0,0,0,0,Matches
Christian Kabasele\Christian-Kabasele,be BEL,DFMF,Watford,25,1991,8.6,1,0,0,15,4,0,10,16,13,0,0,0,Matches
Younès Kaboul\Younes-Kaboul,fr FRA,DF,Sunderland,30,1986,1,0,0,0,0,1,0,1,1,0,0,0,0,Matches
Younès Kaboul\Younes-Kaboul,fr FRA,DF,Watford,30,1986,20.2,2,0,0,20,7,0,11,47,20,0,0,0,Matches
Sullay Kaikai\Sullay-Kaikai,eng ENG,FWMF,Crystal Palace,20,1995,0.3,0,0,0,0,0,0,2,0,0,0,0,0,Matches
Harry Kane\Harry-Kane,eng ENG,FW,Tottenham,23,1993,28,3,0,0,23,45,17,29,7,15,1,0,0,Matches
N'Golo Kanté\NGolo-Kante,fr FRA,MF,Chelsea,25,1991,34.9,9,0,0,54,16,0,12,83,84,0,0,0,Matches
Loris Karius\Loris-Karius,de GER,GK,Liverpool,23,1993,10,0,0,0,0,1,0,0,1,0,0,0,0,Matches
Michael Keane\Michael-Keane,eng ENG,DF,Burnley,23,1993,35,4,0,0,16,11,1,7,66,28,0,1,0,Matches
Will Keane\Will-Keane,eng ENG,FW,Hull City,23,1993,3.1,0,0,0,4,2,2,3,1,0,0,0,0,Matches
Martin Kelly\Martin-Kelly,eng ENG,DF,Crystal Palace,26,1990,23.6,4,0,0,18,9,0,36,26,34,0,0,0,Matches
Kenedy\Kenedy,br BRA,FWMF,Watford,20,1996,0.2,0,0,0,1,1,0,1,0,0,0,0,0,Matches
Kenedy\Kenedy,br BRA,MF,Chelsea,20,1996,0.8,0,0,0,1,1,0,1,2,0,0,0,0,Matches
Jonjoe Kenny\Jonjoe-Kenny,eng ENG,DFFW,Everton,19,1997,0.1,0,0,0,1,0,0,4,0,0,0,0,0,Matches
Wahbi Khazri\Wahbi-Khazri,tn TUN,MFFW,Sunderland,25,1991,9.4,6,0,0,20,16,7,71,9,10,0,0,0,Matches
Michael Kightly\Michael-Kightly,eng ENG,MF,Burnley,30,1986,1.2,0,0,0,3,2,0,14,0,4,0,0,0,Matches
Andy King\Andy-King,wal WAL,MF,Leicester City,27,1988,16.1,4,0,0,18,17,1,14,26,29,0,0,0,Matches
Joshua King\Joshua-King,no NOR,MFFW,Bournemouth,24,1992,30.1,1,0,0,58,43,6,42,22,41,0,0,0,Matches
Stephen Kingsley\Stephen-Kingsley,sco SCO,DF,Swansea City,22,1994,11.5,0,0,0,3,7,0,46,9,10,0,0,0,Matches
Jan Kirchhoff\Jan-Kirchhoff,de GER,MF,Sunderland,25,1990,4.8,1,0,0,8,1,0,1,11,10,0,0,0,Matches
Ragnar Klavan\Ragnar-Klavan,ee EST,DF,Liverpool,30,1985,15.7,3,0,0,15,8,0,3,14,17,0,1,0,Matches
Aleksandar Kolarov\Aleksandar-Kolarov,rs SRB,DF,Manchester City,30,1985,28.2,6,0,0,34,39,0,27,47,35,0,0,1,Matches
Vincent Kompany\Vincent-Kompany,be BEL,DF,Manchester City,30,1986,9.1,5,0,0,19,6,0,1,19,11,0,0,0,Matches
Arouna Koné\Arouna-Kone,ci CIV,FW,Everton,32,1983,0.8,0,0,0,0,0,0,0,0,0,0,0,0,Matches
Lamine Koné\Lamine-Kone,ci CIV,DF,Sunderland,27,1989,28.3,4,0,0,15,10,2,3,51,28,0,0,0,Matches
Laurent Koscielny\Laurent-Koscielny,fr FRA,DF,Arsenal,30,1985,31.4,4,1,0,19,26,2,3,90,42,1,1,0,Matches
Cheikhou Kouyaté\Cheikhou-Kouyate,sn SEN,MFDF,West Ham,26,1989,30.2,3,0,0,45,39,2,15,78,53,0,1,0,Matches
Bojan Krki?\Bojan-Krkic,es ESP,MFFW,Stoke City,25,1990,5.3,1,0,0,4,10,0,25,3,5,1,0,0,Matches
Adam Lallana\Adam-Lallana,eng ENG,MFFW,Liverpool,28,1988,26.1,3,0,0,17,30,12,48,20,35,0,0,0,Matches
Rickie Lambert\Rickie-Lambert,eng ENG,FW,West Brom,34,1982,0.1,0,0,0,1,0,0,0,1,0,0,0,0,Matches
Érik Lamela\Erik-Lamela,ar ARG,MF,Tottenham,24,1992,6.6,1,0,0,13,11,1,26,4,12,0,1,0,Matches
Manuel Lanzini\Manuel-Lanzini,ar ARG,MF,West Ham,23,1993,30.1,9,0,0,20,38,7,73,51,34,0,0,0,Matches
Seb Larsson\Seb-Larsson,se SWE,MF,Sunderland,31,1985,16.3,4,1,0,30,8,0,72,17,31,0,1,0,Matches
Grant Leadbitter\Grant-Leadbitter,eng ENG,MF,Middlesbrough,30,1986,7.9,1,0,0,8,7,0,20,9,12,0,0,0,Matches
Joe Ledley\Joe-Ledley,wal WAL,MF,Crystal Palace,29,1987,12.9,1,0,0,9,10,0,7,28,16,0,0,0,Matches
Lucas Leiva\Lucas-Leiva,br BRA,MFDF,Liverpool,29,1987,12.4,4,0,0,18,12,0,5,36,26,0,0,0,Matches
Jonathan Leko\Jonathan-Leko,eng ENG,FWMF,West Brom,17,1999,2,0,0,0,0,5,0,11,2,0,0,0,0,Matches
Aaron Lennon\Aaron-Lennon,eng ENG,MFFW,Everton,29,1987,5.7,0,0,0,2,3,0,11,5,12,0,0,0,Matches
Jeremain Lens\Jeremain-Lens,nl NED,FWMF,Sunderland,28,1987,0.8,0,0,0,1,3,0,2,2,2,0,0,0,Matches
Joleon Lescott\Joleon-Lescott,eng ENG,DF,Sunderland,33,1982,1.4,0,0,0,2,1,0,0,4,0,0,0,0,Matches
Filip Lesniak\Filip-Lesniak,sk SVK,MF,Tottenham,20,1996,0.1,0,0,0,0,0,0,0,0,1,0,0,0,Matches
Jesse Lingard\Jesse-Lingard,eng ENG,MFFW,Manchester Utd,23,1992,15.1,3,0,0,26,19,5,26,15,16,0,0,0,Matches
Jake Livermore\Jake-Livermore,eng ENG,MF,West Brom,26,1989,14.5,2,0,0,17,8,0,3,19,21,0,0,0,Matches
Jake Livermore\Jake-Livermore,eng ENG,MFDF,Hull City,26,1989,18.6,3,1,0,17,13,1,5,30,35,0,1,0,Matches
Fernando Llorente\Fernando-Llorente,es ESP,FW,Swansea City,31,1985,27.1,2,0,0,51,31,12,8,2,17,0,0,0,Matches
Hugo Lloris\Hugo-Lloris,fr FRA,GK,Tottenham,29,1986,33.4,0,0,0,0,4,0,0,2,0,0,0,0,Matches
Ruben Loftus-Cheek\Ruben-Loftus-Cheek,eng ENG,MF,Chelsea,20,1996,0.4,0,0,0,2,0,0,0,0,0,0,0,0,Matches
Kevin Long\Kevin-Long,ie IRL,DF,Burnley,25,1990,3,0,0,0,1,3,0,0,3,4,0,0,0,Matches
Shane Long\Shane-Long,ie IRL,FW,Southampton,29,1987,14.7,2,0,0,27,37,13,25,5,11,2,0,0,Matches
Ademola Lookman\Ademola-Lookman,eng ENG,FW,Everton,18,1997,3.2,0,0,0,4,7,2,1,2,4,0,0,0,Matches
Donald Love\Donald-Love,sco SCO,DF,Sunderland,21,1994,6.8,1,0,0,8,4,0,20,15,14,0,0,0,Matches
Dejan Lovren\Dejan-Lovren,hr CRO,DF,Liverpool,27,1989,28.4,6,0,0,25,20,1,7,47,32,0,0,0,Matches
Matthew Lowton\Matthew-Lowton,eng ENG,DF,Burnley,27,1989,36,9,0,0,34,23,0,116,70,71,0,1,0,Matches
David Luiz\David-Luiz,br BRA,DF,Chelsea,29,1987,32.8,6,0,0,29,30,3,7,69,27,0,0,0,Matches
Romelu Lukaku\Romelu-Lukaku,be BEL,FW,Everton,23,1993,36.3,3,0,0,32,34,36,46,0,9,0,0,0,Matches
Harry Maguire\Harry-Maguire,eng ENG,DF,Hull City,23,1993,25.6,5,0,0,24,34,3,15,67,39,0,1,0,Matches
Riyad Mahrez\Riyad-Mahrez,dz ALG,MF,Leicester City,25,1991,31.4,4,0,0,23,66,8,153,28,24,1,0,0,Matches
Ainsley Maitland-Niles\Ainsley-Maitland-Niles,eng ENG,DFFW,Arsenal,18,1997,0,0,0,0,0,0,0,0,0,1,0,0,0,Matches
Shaun Maloney\Shaun-Maloney,sco SCO,MF,Hull City,33,1983,3.1,0,0,0,3,7,0,12,1,6,0,0,0,Matches
Steve Mandanda\Steve-Mandanda,fr FRA,GK,Crystal Palace,31,1985,9,0,0,0,0,1,0,0,0,0,0,0,0,Matches
Sadio Mané\Sadio-Mane,sn SEN,FW,Liverpool,24,1992,24.8,4,0,0,32,55,13,41,11,18,1,1,0,Matches
Vito Mannone\Vito-Mannone,it ITA,GK,Sunderland,28,1988,9,0,0,0,0,0,0,0,1,0,0,0,0,Matches
Javier Manquillo\Javier-Manquillo,es ESP,DFMF,Sunderland,22,1994,15.9,2,0,0,14,13,5,36,25,22,0,0,0,Matches
Adrian Mariappa\Adrian-Mariappa,jm JAM,DF,Watford,29,1986,6.2,0,0,0,4,4,2,1,14,16,0,0,0,Matches
Lazar Markovi?\Lazar-Markovic,rs SRB,MF,Hull City,22,1994,11.2,4,0,0,17,19,2,18,14,12,0,0,0,Matches
Dean Marney\Dean-Marney,eng ENG,MF,Burnley,32,1984,19.6,7,0,0,34,20,0,7,28,28,0,0,0,Matches
David Marshall\David-Marshall,sco SCO,GK,Hull City,31,1985,16,0,0,0,0,1,0,0,0,0,0,0,1,Matches
Anthony Martial\Anthony-Martial,fr FRA,MFFW,Manchester Utd,20,1995,17.3,2,0,0,26,28,6,57,9,16,0,0,0,Matches
Cuco Martina\Cuco-Martina,cw CUW,DF,Southampton,26,1989,6.6,0,0,0,4,5,1,37,14,9,0,0,0,Matches
Emiliano Martínez\Emiliano-Martinez,ar ARG,GK,Arsenal,23,1992,2,0,0,0,0,0,0,0,0,0,0,1,0,Matches
Bruno Martins Indi\Bruno-Martins-Indi,nl NED,DF,Stoke City,24,1992,35,4,0,0,25,10,2,4,66,42,0,0,0,Matches
Brandon Mason\Brandon-Mason,eng ENG,DF,Watford,18,1997,1.3,0,0,0,3,2,0,0,3,1,0,0,0,Matches
Ryan Mason\Ryan-Mason,eng ENG,MF,Hull City,25,1991,10.3,4,0,0,10,16,0,25,14,10,0,0,0,Matches
Arthur Masuaku\Arthur-Masuaku,cd COD,DFMF,West Ham,22,1993,10.8,1,0,0,16,10,0,30,26,32,0,1,0,Matches
Juan Mata\Juan-Mata,es ESP,MFFW,Manchester Utd,28,1988,17.9,3,0,0,9,16,9,93,13,18,0,0,1,Matches
Nemanja Mati?\Nemanja-Matic,rs SRB,MF,Chelsea,27,1988,29.9,4,0,0,33,26,2,8,55,40,0,0,0,Matches
Joël Matip\Joel-Matip,cm CMR,DF,Liverpool,24,1991,27.3,3,0,0,14,11,0,5,49,37,0,1,0,Matches
Alfie Mawson\Alfie-Mawson,eng ENG,DF,Swansea City,22,1994,27,1,0,0,10,19,0,1,29,24,0,1,2,Matches
Dieumerci Mbokani\Dieumerci-Mbokani,cd COD,FW,Hull City,30,1985,8.5,0,0,0,14,23,12,3,1,3,1,0,0,Matches
James McArthur\James-McArthur,sco SCO,MF,Crystal Palace,28,1987,22.2,5,0,0,41,27,4,27,26,45,0,0,0,Matches
Gareth McAuley\Gareth-McAuley,nir NIR,DF,West Brom,36,1979,34.9,5,0,0,26,12,0,6,74,37,0,1,1,Matches
Oliver McBurnie\Oliver-McBurnie,sco SCO,FW,Swansea City,20,1996,0.9,0,0,0,1,0,0,1,0,1,0,0,0,Matches
James McCarthy\James-McCarthy,ie IRL,MF,Everton,25,1990,6.8,2,0,0,10,9,0,4,11,12,0,0,0,Matches
James McClean\James-McClean,ie IRL,MFFW,West Brom,27,1989,16.4,9,0,0,30,17,7,97,19,41,0,0,0,Matches
Paddy McNair\Paddy-McNair,nir NIR,MF,Sunderland,21,1995,3.9,0,0,0,6,3,0,7,5,6,0,0,1,Matches
Sam McQueen\Sam-McQueen,eng ENG,DF,Southampton,21,1995,6.8,0,0,0,3,3,0,37,15,11,1,0,0,Matches
Scott McTominay\Scott-McTominay,sco SCO,MF,Manchester Utd,19,1996,1.1,1,0,0,2,2,0,1,2,1,0,0,0,Matches
Ben Mee\Ben-Mee,eng ENG,DF,Burnley,26,1989,33.5,5,0,0,23,28,1,6,74,31,1,2,2,Matches
Nampalys Mendy\Nampalys-Mendy,sn SEN,MF,Leicester City,24,1992,3,1,0,0,4,8,0,1,6,1,0,0,0,Matches
Per Mertesacker\Per-Mertesacker,de GER,DF,Arsenal,31,1984,0.4,0,0,0,0,1,0,0,1,1,0,0,0,Matches
David Meyler\David-Meyler,ie IRL,MFDF,Hull City,27,1989,10.7,2,0,0,9,17,1,15,20,20,0,0,0,Matches
Simon Mignolet\Simon-Mignolet,be BEL,GK,Liverpool,28,1988,28,0,0,0,0,5,0,0,1,1,0,0,0,Matches
Luka Milivojevi?\Luka-Milivojevic,rs SRB,MF,Crystal Palace,25,1991,13.6,4,0,0,27,16,0,6,41,18,0,0,0,Matches
James Milner\James-Milner,eng ENG,DF,Liverpool,30,1986,35,5,0,0,38,24,2,260,44,64,0,1,0,Matches
Tyrone Mings\Tyrone-Mings,eng ENG,DF,Bournemouth,23,1993,5.6,0,0,0,7,5,0,1,6,10,0,0,2,Matches
Kevin Mirallas\Kevin-Mirallas,be BEL,FWMF,Everton,28,1987,23,2,0,0,26,25,4,137,8,14,0,0,0,Matches
Demetri Mitchell\Demetri-Mitchell,eng ENG,DF,Manchester Utd,19,1997,1,0,0,0,2,2,0,2,3,4,0,0,0,Matches
Henrikh Mkhitaryan\Henrikh-Mkhitaryan,am ARM,FWMF,Manchester Utd,27,1989,15,1,0,0,19,26,8,48,22,18,0,0,0,Matches
Nacho Monreal\Nacho-Monreal,es ESP,DF,Arsenal,30,1986,35,5,0,0,33,36,8,63,89,64,0,1,0,Matches
Jefferson Montero\Jefferson-Montero,ec ECU,MFFW,Swansea City,26,1989,5.4,0,0,0,1,9,2,38,1,5,0,0,0,Matches
Alberto Moreno\Alberto-Moreno,es ESP,DF,Liverpool,24,1992,3.4,1,0,0,2,6,0,13,2,6,0,1,0,Matches
Wes Morgan\Wes-Morgan,jm JAM,DF,Leicester City,32,1984,27,3,0,0,20,9,1,1,56,15,1,1,0,Matches
James Morrison\James-Morrison,sco SCO,MF,West Brom,30,1986,19.3,3,0,0,18,16,3,22,22,19,0,0,0,Matches
Victor Moses\Victor-Moses,ng NGA,MF,Chelsea,25,1990,27.6,4,0,0,28,32,3,119,41,42,0,0,0,Matches
Lys Mousset\Lys-Mousset,fr FRA,FW,Bournemouth,20,1996,3,0,0,0,6,5,1,3,0,1,0,0,1,Matches
Marc Muniesa\Marc-Muniesa,es ESP,DF,Stoke City,24,1992,7.2,2,0,0,9,7,0,7,21,12,0,0,0,Matches
Ahmed Musa\Ahmed-Musa,ng NGA,MFFW,Leicester City,23,1992,8.5,1,0,0,13,13,1,26,11,12,0,0,0,Matches
Shkodran Mustafi\Shkodran-Mustafi,de GER,DF,Arsenal,24,1992,25.3,11,0,0,36,16,1,20,61,43,0,0,0,Matches
Jordon Mutch\Jordon-Mutch,eng ENG,MF,Crystal Palace,24,1991,0.6,0,0,0,1,1,0,3,0,2,0,0,0,Matches
Alfred N'Diaye\Alfred-NDiaye,sn SEN,MF,Hull City,26,1990,14.1,7,0,0,36,9,2,7,20,35,0,1,0,Matches
Georges-Kévin N'Koudou\Georges-Kevin-NKoudou,fr FRA,MF,Tottenham,21,1995,0.6,0,0,0,1,3,0,7,0,1,0,0,0,Matches
Luciano Narsingh\Luciano-Narsingh,nl NED,FW,Swansea City,25,1990,4.6,0,0,0,3,9,1,26,3,0,0,0,0,Matches
Samir Nasri\Samir-Nasri,fr FRA,FWMF,Manchester City,29,1987,0.2,0,0,0,0,0,0,0,0,0,0,0,0,Matches
Kyle Naughton\Kyle-Naughton,eng ENG,DF,Swansea City,27,1988,30.2,5,0,0,25,22,0,77,39,57,0,1,1,Matches
Jesús Navas\Jesus-Navas,es ESP,MFDF,Manchester City,30,1985,11.8,2,0,0,7,11,3,92,21,18,0,0,0,Matches
Wilfred Ndidi\Wilfred-Ndidi,ng NGA,MF,Leicester City,19,1996,16.9,0,0,0,26,10,1,3,38,39,0,0,0,Matches
Álvaro Negredo\Alvaro-Negredo,es ESP,FW,Middlesbrough,30,1985,31.9,5,0,0,46,31,17,11,11,17,1,0,0,Matches
Julien Ngoy\Julien-Ngoy,be BEL,FWMF,Stoke City,18,1997,0.5,0,0,0,0,1,0,3,0,1,0,0,0,Matches
M'Baye Niang\MBaye-Niang,sn SEN,MFFW,Watford,21,1994,13.8,2,0,0,24,31,5,37,10,6,0,0,0,Matches
Oumar Niasse\Oumar-Niasse,sn SEN,FW,Hull City,26,1990,12.2,3,1,0,16,18,10,14,2,10,0,0,0,Matches
Mark Noble\Mark-Noble,eng ENG,MF,West Ham,29,1987,26.5,10,0,0,27,43,1,24,42,32,0,0,0,Matches
Nolito\Nolito,es ESP,MFFW,Manchester City,29,1986,8.6,3,1,0,17,9,4,16,6,11,0,0,0,Matches
Kristoffer Nordfeldt\Kristoffer-Nordfeldt,se SWE,GK,Swansea City,27,1989,1,0,0,0,0,1,0,0,0,0,0,0,0,Matches
Håvard Nordtveit\Havard-Nordtveit,no NOR,DFMF,West Ham,26,1990,10.6,2,0,0,11,8,0,8,24,16,0,1,0,Matches
Emilio Nsue\Emilio-Nsue,gq EQG,DFMF,Middlesbrough,26,1989,3.6,0,0,0,4,4,0,5,6,2,0,0,0,Matches
David Nugent\David-Nugent,eng ENG,FW,Middlesbrough,31,1985,0.5,0,0,0,2,0,0,2,0,1,0,0,0,Matches
Allan Nyom\Allan-Nyom,cm CMR,DF,West Brom,28,1988,29.3,8,0,0,50,19,2,78,61,55,0,1,0,Matches
Aiden O'Neill\Aiden-ONeill,au AUS,MF,Burnley,18,1998,0.9,0,0,0,1,0,0,1,1,1,0,0,0,Matches
John O'Shea\John-OShea,ie IRL,DF,Sunderland,35,1981,24,5,0,0,17,9,0,0,41,20,0,0,0,Matches
Pedro Obiang\Pedro-Obiang,gq EQG,MF,West Ham,24,1992,19.6,7,0,0,27,39,0,8,33,57,0,0,0,Matches
Angelo Ogbonna\Angelo-Ogbonna,it ITA,DF,West Ham,28,1988,19.5,2,0,0,13,5,0,4,39,24,0,1,0,Matches
Stefano Okaka\Stefano-Okaka,it ITA,FW,Watford,26,1989,10.6,5,0,0,29,22,11,5,1,10,0,0,0,Matches
Shinji Okazaki\Shinji-Okazaki,jp JPN,FWMF,Leicester City,30,1986,17.4,1,0,0,27,44,4,4,14,26,1,0,0,Matches
Jonas Olsson\Jonas-Olsson,se SWE,DF,West Brom,33,1983,6.6,3,0,0,12,6,2,0,11,2,0,0,0,Matches
Martin Olsson\Martin-Olsson,se SWE,DF,Swansea City,28,1988,13.9,2,0,0,12,24,0,57,11,7,0,0,0,Matches
Josh Onomah\Josh-Onomah,eng ENG,FWMF,Tottenham,19,1997,0.2,0,0,0,0,1,1,1,0,2,0,0,0,Matches
Divock Origi\Divock-Origi,be BEL,FW,Liverpool,21,1995,16.3,0,0,0,22,32,13,31,2,11,0,0,0,Matches
Oscar\Oscar,br BRA,MF,Chelsea,24,1991,5.1,1,0,0,5,5,0,15,5,16,0,0,0,Matches
David Ospina\David-Ospina,co COL,GK,Arsenal,27,1988,1.6,0,0,0,0,1,0,0,0,0,0,0,0,Matches
Nicolás Otamendi\Nicolas-Otamendi,ar ARG,DF,Manchester City,28,1988,28.8,9,0,0,30,26,2,4,83,50,1,0,0,Matches
Bryan Oviedo\Bryan-Oviedo,cr CRC,DF,Everton,26,1990,5.3,3,0,0,8,2,1,6,6,14,0,0,0,Matches
Bryan Oviedo\Bryan-Oviedo,cr CRC,DFMF,Sunderland,26,1990,9.4,1,0,0,12,10,0,27,18,27,0,0,0,Matches
Alex Oxlade-Chamberlain\Alex-Oxlade-Chamberlain,eng ENG,MF,Arsenal,22,1993,18.1,1,0,0,30,18,1,68,13,32,0,0,0,Matches
Mesut Özil\Mesut-Ozil,de GER,MF,Arsenal,27,1988,31.6,2,0,0,13,33,22,186,16,22,0,0,0,Matches
Costel Pantilimon\Costel-Pantilimon,ro ROU,GK,Watford,29,1987,0.9,0,0,0,0,0,0,0,0,0,0,0,0,Matches
Gabriel Paulista\Gabriel-Paulista,br BRA,DF,Arsenal,25,1990,16.9,6,0,0,19,11,0,8,32,16,0,1,0,Matches
Dimitri Payet\Dimitri-Payet,fr FRA,MFFW,West Ham,29,1987,16.8,2,0,0,7,35,1,156,6,7,1,0,0,Matches
Pedro\Pedro,es ESP,FWMF,Chelsea,29,1987,23.8,6,0,0,32,40,8,72,21,36,1,0,0,Matches
Matthew Pennington\Matthew-Pennington,eng ENG,DF,Everton,21,1994,2,0,0,0,1,0,0,1,6,1,0,0,0,Matches
Dion Pereira\Dion-Pereira,eng ENG,MF,Watford,17,1999,0.3,0,0,0,0,0,0,1,0,0,0,0,0,Matches
Roberto Pereyra\Roberto-Pereyra,ar ARG,MFFW,Watford,25,1991,11.5,2,1,0,8,18,2,32,8,6,0,0,0,Matches
Lucas Pérez\Lucas-Perez,es ESP,MFFW,Arsenal,27,1988,3,0,0,0,3,2,0,9,2,4,0,0,0,Matches
Matt Phillips\Matt-Phillips,sco SCO,MF,West Brom,25,1991,24.2,2,0,0,12,10,3,145,21,14,0,0,0,Matches
Jordan Pickford\Jordan-Pickford,eng ENG,GK,Sunderland,22,1994,29,0,0,0,0,6,0,0,3,0,0,0,0,Matches
Jérémy Pied\Jeremy-Pied,fr FRA,DF,Southampton,27,1989,1.4,0,0,0,1,3,0,13,3,2,0,0,0,Matches
Steven Pienaar\Steven-Pienaar,za RSA,MFFW,Sunderland,34,1982,8.9,6,2,1,16,26,0,12,17,15,0,0,0,Matches
Erik Pieters\Erik-Pieters,nl NED,DFMF,Stoke City,27,1988,35,5,0,0,58,58,1,111,58,78,0,0,0,Matches
Paul Pogba\Paul-Pogba,fr FRA,MF,Manchester Utd,23,1993,29,7,0,0,63,71,3,39,37,40,0,1,0,Matches
Sebastian Prödl\Sebastian-Prodl,at AUT,DF,Watford,29,1987,30.8,11,2,1,40,26,1,3,55,28,1,1,0,Matches
Marc Pugh\Marc-Pugh,eng ENG,MF,Bournemouth,29,1987,14.8,1,0,0,7,21,1,40,13,13,3,0,0,Matches
Jason Puncheon\Jason-Puncheon,eng ENG,MF,Crystal Palace,30,1986,34.3,9,0,0,61,37,1,149,40,61,0,0,0,Matches
Gastón Ramírez\Gaston-Ramirez,uy URU,MFFW,Middlesbrough,25,1990,17.1,9,2,1,36,30,1,81,15,37,0,0,0,Matches
Aaron Ramsey\Aaron-Ramsey,wal WAL,MF,Arsenal,25,1990,13.7,3,0,0,15,20,2,21,15,12,0,0,0,Matches
Darren Randolph\Darren-Randolph,ie IRL,GK,West Ham,29,1987,22,1,0,0,0,2,0,0,1,0,0,0,0,Matches
Àngel Rangel\Angel-Rangel,es ESP,DF,Swansea City,33,1982,9.2,1,0,0,10,10,1,11,26,23,0,1,0,Matches
Andrea Ranocchia\Andrea-Ranocchia,it ITA,DF,Hull City,28,1988,14.8,2,0,0,12,17,0,2,27,22,0,0,0,Matches
Marcus Rashford\Marcus-Rashford,eng ENG,FWMF,Manchester Utd,18,1997,19,3,0,0,16,33,12,84,14,14,1,0,0,Matches
Nathan Redmond\Nathan-Redmond,eng ENG,FWMF,Southampton,22,1994,32.2,2,1,0,38,47,14,65,15,27,0,1,0,Matches
Harrison Reed\Harrison-Reed,eng ENG,MF,Southampton,21,1995,0.7,0,0,0,1,0,0,0,5,2,0,0,0,Matches
Winston Reid\Winston-Reid,nz NZL,DF,West Ham,28,1988,28.7,9,2,1,33,36,1,4,86,29,2,0,0,Matches
Loïc Rémy\Loic-Remy,fr FRA,FW,Crystal Palace,29,1987,1.5,0,0,0,2,1,1,6,0,0,0,0,0,Matches
Jordan Rhodes\Jordan-Rhodes,sco SCO,FW,Middlesbrough,26,1990,2.3,0,0,0,3,3,2,1,0,1,0,0,0,Matches
Declan Rice\Declan-Rice,eng ENG,DFMF,West Ham,17,1999,0,0,0,0,0,0,0,0,0,0,0,0,0,Matches
Andrew Robertson\Andrew-Robertson,sco SCO,DFMF,Hull City,22,1994,30.4,5,0,0,18,10,1,120,56,36,0,2,0,Matches
Paul Robinson\Paul-Robinson,eng ENG,GK,Burnley,36,1979,3,0,0,0,0,1,0,0,0,0,0,0,0,Matches
Joel Robles\Joel-Robles,es ESP,GK,Everton,26,1990,19.3,2,0,0,0,4,0,0,0,1,0,1,0,Matches
Hal Robson-Kanu\Hal-Robson-Kanu,wal WAL,FW,West Brom,27,1989,7.8,3,0,0,28,24,5,11,4,4,0,0,0,Matches
Jay Rodriguez\Jay-Rodriguez,eng ENG,FW,Southampton,27,1989,9.9,0,0,0,15,8,10,8,2,6,0,0,0,Matches
Jack Rodwell\Jack-Rodwell,eng ENG,MF,Sunderland,25,1991,16.6,4,0,0,23,12,1,8,19,29,0,0,0,Matches
Marcos Rojo\Marcos-Rojo,ar ARG,DF,Manchester Utd,26,1990,18.5,5,0,0,23,10,0,10,35,22,0,0,0,Matches
Sergio Romero\Sergio-Romero,ar ARG,GK,Manchester Utd,29,1987,2,0,0,0,0,0,0,0,0,0,0,0,0,Matches
Oriol Romeu\Oriol-Romeu,es ESP,MF,Southampton,24,1991,34.1,11,0,0,64,35,1,3,95,90,0,0,0,Matches
Salomón Rondón\Salomon-Rondon,ve VEN,FW,West Brom,26,1989,32.1,2,0,0,41,59,29,9,8,14,0,0,0,Matches
Marten de Roon\Marten-de-Roon,nl NED,MF,Middlesbrough,25,1991,30.8,8,0,0,65,23,3,24,46,50,0,2,0,Matches
Wayne Rooney\Wayne-Rooney,eng ENG,MFFW,Manchester Utd,30,1985,17.1,8,0,0,23,11,8,98,18,11,0,0,0,Matches
Danny Rose\Danny-Rose,eng ENG,DFMF,Tottenham,26,1990,17,8,0,0,29,48,1,65,22,34,0,0,0,Matches
Wayne Routledge\Wayne-Routledge,eng ENG,FWMF,Swansea City,31,1985,21.4,1,0,0,28,14,9,82,16,20,0,0,0,Matches
Bacary Sagna\Bacary-Sagna,fr FRA,DF,Manchester City,33,1983,15,2,0,0,3,8,1,26,23,16,0,0,0,Matches
Diafra Sakho\Diafra-Sakho,sn SEN,FW,West Ham,26,1989,2,0,0,0,3,3,6,2,0,1,0,0,0,Matches
Mamadou Sakho\Mamadou-Sakho,fr FRA,DF,Crystal Palace,26,1990,7.6,0,0,0,1,4,0,1,14,1,0,0,0,Matches
Bakary Sako\Bakary-Sako,ml MLI,MF,Crystal Palace,28,1988,1.6,0,0,0,2,5,1,16,0,6,0,0,0,Matches
Alexis Sánchez\Alexis-Sanchez,cl CHI,FWMF,Arsenal,27,1988,35.7,6,0,0,48,71,27,65,27,40,1,0,0,Matches
Leroy Sané\Leroy-Sane,de GER,MFFW,Manchester City,20,1996,19.8,4,0,0,14,17,12,53,17,22,2,0,0,Matches
Jeffrey Schlupp\Jeffrey-Schlupp,gh GHA,MF,Leicester City,23,1992,1.6,0,0,0,0,2,0,4,0,5,0,0,0,Matches
Jeffrey Schlupp\Jeffrey-Schlupp,gh GHA,DF,Crystal Palace,23,1992,11.1,0,0,0,4,9,0,12,26,21,1,0,0,Matches
Kasper Schmeichel\Kasper-Schmeichel,dk DEN,GK,Leicester City,29,1986,29.6,1,0,0,0,4,0,1,1,2,0,0,0,Matches
Morgan Schneiderlin\Morgan-Schneiderlin,fr FRA,MF,Manchester Utd,26,1989,0.2,0,0,0,0,1,0,0,1,0,0,0,0,Matches
Morgan Schneiderlin\Morgan-Schneiderlin,fr FRA,MF,Everton,26,1989,11.8,2,0,0,21,7,0,1,33,20,0,0,0,Matches
Xherdan Shaqiri\Xherdan-Shaqiri,ch SUI,MF,Stoke City,24,1991,18.9,2,0,0,16,28,5,129,10,6,1,0,0,Matches
Luke Shaw\Luke-Shaw,eng ENG,DF,Manchester Utd,21,1995,7.6,1,0,0,7,6,0,20,14,7,1,0,0,Matches
Ryan Shawcross\Ryan-Shawcross,eng ENG,DF,Stoke City,28,1987,35,6,0,0,34,23,2,2,56,36,1,1,2,Matches
Gylfi Sigurðsson\Gylfi-Sigurdsson,is ISL,FWMF,Swansea City,26,1989,37,2,0,0,19,33,1,308,37,33,2,0,0,Matches
David Silva\David-Silva,es ESP,MF,Manchester City,30,1986,30.7,6,0,0,29,54,7,126,20,32,1,0,0,Matches
Danny Simpson\Danny-Simpson,eng ENG,DF,Leicester City,29,1987,33.2,12,0,0,35,12,2,26,69,41,0,1,0,Matches
Josh Sims\Josh-Sims,eng ENG,FW,Southampton,19,1997,2.3,0,0,0,2,3,0,8,1,3,0,0,0,Matches
Jerome Sinclair\Jerome-Sinclair,eng ENG,FW,Watford,19,1996,1.3,0,0,0,4,3,0,0,0,0,0,0,0,Matches
Moussa Sissoko\Moussa-Sissoko,fr FRA,MFFW,Tottenham,26,1989,10.1,3,0,0,21,10,2,34,7,12,0,0,0,Matches
Islam Slimani\Islam-Slimani,dz ALG,FW,Leicester City,28,1988,14.2,1,0,0,27,15,11,3,3,10,0,0,0,Matches
Chris Smalling\Chris-Smalling,eng ENG,DF,Manchester Utd,26,1989,13.5,0,0,0,8,8,1,0,13,10,0,0,0,Matches
Adam Smith\Adam-Smith,eng ENG,DFMF,Bournemouth,25,1991,34.2,6,0,0,44,70,3,57,55,60,0,1,1,Matches
Brad Smith\Brad-Smith,au AUS,DFMF,Bournemouth,22,1994,3.2,1,0,0,2,3,0,5,3,3,0,0,0,Matches
Robert Snodgrass\Robert-Snodgrass,sco SCO,FWMF,Hull City,28,1987,19,2,0,0,33,38,5,137,11,22,1,2,0,Matches
Robert Snodgrass\Robert-Snodgrass,sco SCO,MFFW,West Ham,28,1987,9.3,0,0,0,14,10,3,74,4,10,0,0,0,Matches
Cédric Soares\Cedric-Soares,pt POR,DF,Southampton,24,1991,27.9,7,0,0,22,19,2,144,37,61,0,0,0,Matches
Ramadan Sobhi\Ramadan-Sobhi,eg EGY,MF,Stoke City,19,1997,9.5,2,0,0,10,9,3,7,5,20,0,0,0,Matches
Pape Souaré\Pape-Souare,sn SEN,DF,Crystal Palace,26,1990,3,0,0,0,1,4,0,15,10,4,0,0,0,Matches
Junior Stanislas\Junior-Stanislas,eng ENG,MF,Bournemouth,26,1989,16.3,1,0,0,8,9,5,70,9,11,0,0,0,Matches
Maarten Stekelenburg\Maarten-Stekelenburg,nl NED,GK,Everton,33,1982,18.7,2,0,0,0,4,0,0,0,0,0,0,1,Matches
Jack Stephens\Jack-Stephens,eng ENG,DF,Southampton,22,1994,16.3,1,0,0,15,5,1,5,27,18,0,1,0,Matches
Raheem Sterling\Raheem-Sterling,eng ENG,MFFW,Manchester City,21,1994,27.9,7,0,0,35,55,15,85,20,20,3,1,0,Matches
Kevin Stewart\Kevin-Stewart,eng ENG,DFMF,Liverpool,22,1993,0.2,0,0,0,1,0,0,0,0,0,0,0,0,Matches
John Stones\John-Stones,eng ENG,DF,Manchester City,22,1994,22.4,1,0,0,9,9,0,0,42,22,0,0,0,Matches
Cristhian Stuani\Cristhian-Stuani,uy URU,FWMF,Middlesbrough,29,1986,15,4,0,0,21,30,4,26,10,26,0,0,0,Matches
Daniel Sturridge\Daniel-Sturridge,eng ENG,FW,Liverpool,26,1989,8.6,1,0,0,5,9,7,8,3,1,1,0,0,Matches
Isaac Success\Isaac-Success,ng NGA,MF,Watford,20,1996,5.8,2,0,0,12,24,1,13,6,12,0,0,0,Matches
Ki Sung-yueng\Ki-Sung-yueng,kr KOR,MF,Swansea City,27,1989,14.3,3,0,0,18,22,1,10,21,18,1,1,0,Matches
Andrew Surman\Andrew-Surman,eng ENG,MF,Bournemouth,29,1986,20,2,2,1,16,18,0,6,39,11,0,0,0,Matches
Dušan Tadi?\Dusan-Tadic,rs SRB,FWMF,Southampton,27,1988,26.8,4,0,0,30,41,9,186,19,16,0,1,0,Matches
Matt Targett\Matt-Targett,eng ENG,DF,Southampton,20,1995,4.1,0,0,0,2,3,0,25,8,8,0,0,0,Matches
James Tarkowski\James-Tarkowski,eng ENG,DF,Burnley,23,1992,6.3,1,0,0,10,9,2,3,10,13,0,0,0,Matches
Neil Taylor\Neil-Taylor,wal WAL,DF,Swansea City,27,1989,10.2,1,0,0,13,4,0,28,26,18,0,0,0,Matches
John Terry\John-Terry,eng ENG,DF,Chelsea,35,1980,5.5,1,0,0,5,3,0,3,5,2,0,0,0,Matches
James Tomkins\James-Tomkins,eng ENG,DF,Crystal Palace,27,1989,21.9,4,0,0,11,11,0,4,38,19,0,0,0,Matches
Gökhan Töre\Gokhan-Tore,tr TUR,MFFW,West Ham,24,1992,2.7,0,0,0,4,2,1,13,0,3,0,0,0,Matches
Yaya Touré\Yaya-Toure,ci CIV,MF,Manchester City,33,1983,21.6,4,0,0,27,10,0,5,19,31,0,0,0,Matches
Andros Townsend\Andros-Townsend,eng ENG,MF,Crystal Palace,25,1991,28,4,0,0,19,35,3,236,44,64,1,0,0,Matches
Adama Traoré\Adama-Traore,es ESP,MFFW,Middlesbrough,20,1996,17.1,1,0,0,20,42,1,79,7,26,0,0,0,Matches
Kieran Trippier\Kieran-Trippier,eng ENG,DFMF,Tottenham,25,1990,6.3,1,0,0,8,6,1,29,7,14,0,0,0,Matches
Axel Tuanzebe\Axel-Tuanzebe,eng ENG,MFDF,Manchester Utd,18,1997,3.4,0,0,0,6,4,0,0,7,4,0,0,0,Matches
Josh Tymon\Josh-Tymon,eng ENG,MFDF,Hull City,17,1999,3.6,1,0,0,4,2,0,7,6,6,0,0,0,Matches
Leonardo Ulloa\Leonardo-Ulloa,ar ARG,FW,Leicester City,30,1986,5,0,0,0,20,5,4,1,2,8,0,0,0,Matches
Víctor Valdés\Victor-Valdes,es ESP,GK,Middlesbrough,34,1982,28,1,0,0,0,4,0,0,3,1,0,0,0,Matches
Antonio Valencia\Antonio-Valencia,ec ECU,DF,Manchester Utd,30,1985,27.6,5,0,0,33,17,7,142,43,44,0,0,0,Matches
Enner Valencia\Enner-Valencia,ec ECU,FWMF,Everton,26,1989,8,1,0,0,17,14,4,21,8,13,1,0,0,Matches
Enner Valencia\Enner-Valencia,ec ECU,FW,West Ham,26,1989,2.3,0,0,0,9,3,3,2,4,1,0,0,0,Matches
Jamie Vardy\Jamie-Vardy,eng ENG,FW,Leicester City,29,1987,31.1,2,1,0,26,27,25,49,10,14,1,0,0,Matches
Jan Vertonghen\Jan-Vertonghen,be BEL,DF,Tottenham,29,1987,32.2,5,0,0,21,21,0,9,44,37,0,0,0,Matches
Sam Vokes\Sam-Vokes,wal WAL,FW,Burnley,26,1989,22.9,0,0,0,24,29,23,7,5,8,1,0,0,Matches
Michel Vorm\Michel-Vorm,nl NED,GK,Tottenham,32,1983,4.6,0,0,0,0,1,0,0,0,1,0,0,0,Matches
Mat?j Vydra\Matej-Vydra,cz CZE,FWMF,Watford,24,1992,0,0,0,0,0,0,0,0,0,0,0,0,0,Matches
Theo Walcott\Theo-Walcott,eng ENG,MF,Arsenal,27,1989,21.3,1,0,0,15,29,17,50,13,27,1,0,0,Matches
Kyle Walker\Kyle-Walker,eng ENG,DFMF,Tottenham,26,1990,30,8,0,0,36,33,3,96,38,53,0,0,0,Matches
Jonathan Walters\Jonathan-Walters,ie IRL,FWMF,Stoke City,32,1983,14.5,1,0,0,13,23,12,37,7,7,1,0,0,Matches
Victor Wanyama\Victor-Wanyama,ke KEN,MF,Tottenham,25,1991,33.5,10,0,0,64,37,0,15,39,64,0,0,0,Matches
Joel Ward\Joel-Ward,eng ENG,DF,Crystal Palace,26,1989,38,7,0,0,36,53,0,79,64,67,0,0,0,Matches
Stephen Ward\Stephen-Ward,ie IRL,DF,Burnley,30,1985,35.9,5,0,0,34,56,0,115,75,49,0,0,0,Matches
James Ward-Prowse\James-Ward-Prowse,eng ENG,MF,Southampton,21,1994,20.9,4,0,0,27,18,1,144,19,21,0,0,0,Matches
Marcin Wasilewski\Marcin-Wasilewski,pl POL,DF,Leicester City,36,1980,1,0,0,0,0,0,0,0,2,1,0,0,0,Matches
Duncan Watmore\Duncan-Watmore,eng ENG,MFFW,Sunderland,22,1994,11.4,1,0,0,10,22,4,22,9,11,1,0,0,Matches
Ben Watson\Ben-Watson,eng ENG,MF,Watford,31,1985,0.6,0,1,0,2,0,0,0,4,1,0,0,0,Matches
Danny Welbeck\Danny-Welbeck,eng ENG,FWMF,Arsenal,25,1990,8.3,0,0,0,7,9,2,2,6,5,0,0,0,Matches
Ashley Westwood\Ashley-Westwood,eng ENG,MF,Burnley,26,1990,6.1,3,0,0,8,1,0,2,5,6,0,0,0,Matches
Glenn Whelan\Glenn-Whelan,ie IRL,MF,Stoke City,32,1984,25.3,5,0,0,18,21,0,24,41,31,0,0,1,Matches
Connor Wickham\Connor-Wickham,eng ENG,FWMF,Crystal Palace,23,1993,4.6,1,0,0,12,5,1,6,2,2,0,0,0,Matches
Georginio Wijnaldum\Georginio-Wijnaldum,nl NED,MF,Liverpool,25,1990,33,2,0,0,21,31,3,14,25,36,0,0,0,Matches
Ashley Williams\Ashley-Williams,wal WAL,DF,Everton,31,1984,35.1,7,1,0,37,14,3,2,57,43,1,1,0,Matches
Willian\Willian,br BRA,FWMF,Chelsea,27,1988,17,3,0,0,12,23,2,106,7,12,0,0,0,Matches
Jack Wilshere\Jack-Wilshere,eng ENG,MF,Arsenal,24,1992,0.4,1,0,0,2,3,0,1,1,2,0,0,0,Matches
Jack Wilshere\Jack-Wilshere,eng ENG,MF,Bournemouth,24,1992,21.2,3,0,0,19,49,0,27,14,18,0,0,0,Matches
Callum Wilson\Callum-Wilson,eng ENG,FW,Bournemouth,24,1992,15.8,0,0,0,29,26,18,10,5,6,2,0,0,Matches
Marc Wilson\Marc-Wilson,ie IRL,DF,West Brom,28,1987,2.8,3,0,0,5,2,0,6,5,3,0,0,0,Matches
Kevin Wimmer\Kevin-Wimmer,at AUT,DF,Tottenham,23,1992,4,3,0,0,4,1,0,1,5,2,0,0,1,Matches
Harry Winks\Harry-Winks,eng ENG,MF,Tottenham,20,1996,5.5,1,0,0,10,10,0,7,6,8,0,0,0,Matches
Philipp Wollscheid\Philipp-Wollscheid,de GER,DF,Stoke City,27,1989,2,1,0,0,1,2,1,0,4,3,0,0,0,Matches
Ben Woodburn\Ben-Woodburn,wal WAL,FW,Liverpool,16,1999,1,0,0,0,2,1,0,5,0,3,0,0,0,Matches
Matt Worthington\Matt-Worthington,eng ENG,DFMF,Bournemouth,18,1997,0.2,0,0,0,0,0,0,0,0,0,0,0,0,Matches
Granit Xhaka\Granit-Xhaka,ch SUI,MF,Arsenal,23,1992,27.6,5,2,0,37,19,1,26,44,55,0,2,0,Matches
Claudio Yacob\Claudio-Yacob,ar ARG,MF,West Brom,29,1987,26.9,9,0,0,39,34,0,3,60,65,0,0,0,Matches
Maya Yoshida\Maya-Yoshida,jp JPN,DF,Southampton,27,1988,23,2,0,0,18,20,1,9,48,21,2,1,0,Matches
Ashley Young\Ashley-Young,eng ENG,DFMF,Manchester Utd,31,1985,8.4,2,0,0,9,15,1,38,15,16,0,0,0,Matches
Pablo Zabaleta\Pablo-Zabaleta,ar ARG,DFMF,Manchester City,31,1985,11.5,2,0,0,14,15,5,15,27,28,0,0,0,Matches
Wilfried Zaha\Wilfried-Zaha,ci CIV,MFFW,Crystal Palace,23,1992,33.5,8,0,0,56,120,6,106,34,56,1,0,0,Matches
Mauro Zárate\Mauro-Zarate,ar ARG,FWMF,Watford,29,1987,2.3,0,0,0,1,7,0,5,0,1,1,0,0,Matches
Simone Zaza\Simone-Zaza,it ITA,FW,West Ham,25,1991,5.1,2,0,0,11,6,6,4,3,4,0,0,0,Matches
Ron-Robert Zieler\Ron-Robert-Zieler,de GER,GK,Leicester City,27,1989,8.4,0,0,0,0,0,0,0,0,0,0,0,0,Matches
Kurt Zouma\Kurt-Zouma,fr FRA,DF,Chelsea,21,1994,2.8,0,0,0,2,2,0,2,5,6,0,0,0,Matches
Juan Zúñiga\Juan-Zuniga,co COL,DFMF,Watford,30,1985,9.2,1,0,0,5,22,0,11,19,16,1,0,0,Matches
