Player,Nation,Pos,Squad,Age,Born,90s,CrdY,CrdR,2CrdY,Fls,Fld,Off,Crs,Int,TklW,PKwon,PKcon,OG,Recov,Won,Lost,Won%,Matches
Ignazio Abate\Ignazio-Abate,it ITA,DF,Milan,31,1986,14.5,4,0,0,13,7,0,20,14,21,0,1,0,113,10,7,58.8,Matches
Francesco Acerbi\Francesco-Acerbi,it ITA,DF,Lazio,30,1988,36.8,4,1,1,26,42,4,8,43,30,0,2,0,424,78,36,68.4,Matches
Afriyie Acquah\Afriyie-Acquah,gh GHA,MF,Empoli,26,1992,16.8,4,0,0,28,32,1,22,7,13,0,0,0,130,14,20,41.2,Matches
Claud Adjapong\Claud-Adjapong,it ITA,MFDF,Sassuolo,20,1998,3,1,0,0,3,6,2,3,3,3,0,0,0,21,2,3,40,Matches
Ali Adnan Kadhim\Ali-Adnan-Kadhim,iq IRQ,MFDF,Atalanta,24,1993,1.8,0,0,0,2,2,0,5,3,2,0,0,0,20,4,1,80,Matches
Emmanuel Agyemang-Badu\Emmanuel-Agyemang-Badu,gh GHA,MF,Udinese,27,1990,1.8,0,0,0,2,4,0,0,0,4,0,0,0,10,4,5,44.4,Matches
Ola Aina\Ola-Aina,ng NGA,DFMF,Torino,21,1996,24,5,1,0,31,39,4,72,34,44,0,0,0,244,28,20,58.3,Matches
Luis Alberto\Luis-Alberto,es ESP,MFFW,Lazio,25,1992,22.1,5,1,0,24,24,3,42,11,28,0,0,0,173,12,22,35.3,Matches
Raúl Albiol\Raul-Albiol,es ESP,DF,Napoli,32,1985,19,4,0,0,10,8,0,3,18,17,0,0,0,193,40,32,55.6,Matches
Allan\Allan,br BRA,MF,Napoli,27,1991,29.1,10,0,0,50,61,0,9,16,92,0,0,0,329,8,16,33.3,Matches
Bruno Alves\Bruno-Alves,pt POR,DF,Parma,36,1981,32.5,9,1,1,32,13,1,16,15,8,0,1,1,310,88,29,75.2,Matches
Joachim Andersen\Joachim-Andersen,dk DEN,DF,Sampdoria,22,1996,32,7,0,0,31,14,0,1,18,20,0,1,0,388,64,38,62.7,Matches
Marco Andreolli\Marco-Andreolli,it ITA,DF,Cagliari,32,1986,1.2,1,0,0,4,1,0,0,1,1,0,1,0,10,3,0,100,Matches
Marco Andreolli\Marco-Andreolli,it ITA,DF,Chievo,32,1986,7.2,2,0,0,7,3,1,0,4,7,0,2,0,45,29,7,80.6,Matches
Cristian Ansaldi\Cristian-Ansaldi,ar ARG,DFMF,Torino,31,1986,20.1,3,0,0,23,32,2,131,15,24,0,0,0,150,4,18,18.2,Matches
Mirco Antenucci\Mirco-Antenucci,it ITA,FW,SPAL,33,1984,23.7,0,0,0,29,37,17,29,6,7,0,0,0,107,25,34,42.4,Matches
Luca Antonelli\Luca-Antonelli,it ITA,DFMF,Empoli,31,1987,8.4,1,0,0,11,22,3,9,10,9,0,0,0,74,6,3,66.7,Matches
Mauro Antonio Burruchaga\Mauro-Antonio-Burruchaga,ar ARG,MF,Chievo,20,1998,0.6,0,0,0,1,0,0,0,0,2,0,0,0,11,1,1,50,Matches
Joaquín Ardaiz\Joaquin-Ardaiz,uy URU,FW,Frosinone,19,1999,0.2,0,0,0,1,0,0,0,0,0,0,0,0,2,1,1,50,Matches
Lorenzo Ariaudo\Lorenzo-Ariaudo,it ITA,DF,Frosinone,29,1989,18.7,2,0,0,16,22,2,0,11,12,0,0,1,120,35,31,53,Matches
Nicolò Armini\Nicolo-Armini,it ITA,DF,Lazio,17,2001,0.4,0,0,0,1,0,0,0,0,0,0,0,0,4,0,2,0,Matches
Kwadwo Asamoah\Kwadwo-Asamoah,gh GHA,DF,Inter,29,1988,29.7,6,0,0,29,69,0,59,30,21,0,0,0,307,16,22,42.1,Matches
Emil Audero\Emil-Audero,it ITA,GK,Sampdoria,21,1997,36,4,0,0,2,5,0,0,0,0,0,2,0,181,0,0,,Matches
Khouma Babacar\Khouma-Babacar,sn SEN,FW,Sassuolo,25,1993,16.5,0,0,0,30,20,10,4,6,8,1,1,0,63,24,32,42.9,Matches
Milan Badelj\Milan-Badelj,hr CRO,MF,Lazio,29,1989,12.7,6,0,0,25,15,0,9,28,21,0,0,0,176,13,10,56.5,Matches
Tiemoué Bakayoko\Tiemoue-Bakayoko,fr FRA,MF,Milan,23,1994,25.6,6,1,1,48,71,0,2,44,60,0,0,0,317,58,36,61.7,Matches
Keita Baldé\Keita-Balde,sn SEN,FWMF,Inter,23,1995,9.9,2,1,1,18,24,8,36,2,7,0,0,0,52,4,9,30.8,Matches
Andrija Bali?\Andrija-Balic,hr CRO,FWMF,Udinese,20,1997,0.3,0,0,0,1,0,0,1,1,0,0,0,0,5,0,0,,Matches
Mattia Bani\Mattia-Bani,it ITA,DF,Chievo,24,1993,29,8,1,1,32,33,2,7,36,39,0,1,1,270,65,40,61.9,Matches
Antonín Barák\Antonin-Barak,cz CZE,MFFW,Udinese,23,1994,3.7,0,0,0,4,3,0,3,4,8,0,0,0,23,2,4,33.3,Matches
Federico Barba\Federico-Barba,it ITA,DF,Chievo,24,1993,27.6,6,2,1,36,13,1,28,46,28,0,0,0,293,49,26,65.3,Matches
Francesco Bardi\Francesco-Bardi,it ITA,GK,Frosinone,26,1992,3,0,0,0,0,0,0,0,0,0,0,0,0,16,0,0,,Matches
Nicolò Barella\Nicolo-Barella,it ITA,MFFW,Cagliari,21,1997,34.5,10,2,2,61,82,4,49,26,61,0,2,0,362,19,40,32.2,Matches
Antonino Barillà\Antonino-Barilla,it ITA,MF,Parma,30,1988,29.1,10,0,0,67,33,4,21,27,48,1,0,0,205,17,34,33.3,Matches
Édgar Barreto\Edgar-Barreto,py PAR,MF,Sampdoria,34,1984,8.7,2,0,0,18,9,1,7,6,12,0,0,0,86,4,4,50,Matches
Musa Barrow\Musa-Barrow,gm GAM,FWMF,Atalanta,19,1998,6.7,0,0,0,7,5,3,7,2,6,0,0,0,36,4,14,22.2,Matches
Andrea Barzagli\Andrea-Barzagli,it ITA,DF,Juventus,37,1981,2.9,0,0,0,3,1,0,0,1,3,0,0,0,30,7,3,70,Matches
Daniele Baselli\Daniele-Baselli,it ITA,MF,Torino,26,1992,26.4,5,0,0,49,37,1,48,33,44,0,1,0,290,27,24,52.9,Matches
Alessandro Bastoni\Alessandro-Bastoni,it ITA,DF,Parma,19,1999,18.8,2,0,0,16,19,0,2,12,18,0,1,0,140,28,36,43.8,Matches
Bastos\Bastos,ao ANG,DF,Lazio,27,1991,12.7,3,0,0,12,7,1,3,7,20,0,1,0,95,19,13,59.4,Matches
Andrea Beghetto\Andrea-Beghetto,it ITA,DFMF,Frosinone,23,1994,24.7,3,0,0,25,16,3,139,14,19,0,0,0,170,6,4,60,Matches
Valon Behrami\Valon-Behrami,ch SUI,MF,Udinese,33,1985,15.1,6,0,0,47,34,0,1,20,41,0,1,0,173,19,11,63.3,Matches
Andrea Belotti\Andrea-Belotti,it ITA,FW,Torino,24,1993,36.7,5,0,0,72,111,29,30,13,18,1,0,0,188,116,134,46.4,Matches
Marco Benassi\Marco-Benassi,it ITA,MF,Fiorentina,23,1994,25.4,6,1,0,25,22,2,31,15,16,0,0,0,192,5,31,13.9,Matches
Medhi Benatia\Medhi-Benatia,ma MAR,DF,Juventus,31,1987,5,2,0,0,13,3,0,0,8,6,0,1,0,53,8,7,53.3,Matches
Ismaël Bennacer\Ismael-Bennacer,dz ALG,MF,Empoli,20,1997,32.9,7,0,0,48,59,0,20,60,68,0,1,0,395,24,26,48,Matches
Rodrigo Bentancur\Rodrigo-Bentancur,uy URU,MF,Juventus,21,1997,22.3,8,1,1,39,15,2,16,39,28,0,0,0,216,30,23,56.6,Matches
Domenico Berardi\Domenico-Berardi,it ITA,FWMF,Sassuolo,23,1994,31.9,5,1,0,65,92,12,65,30,23,0,0,0,243,20,29,40.8,Matches
Álex Berenguer\Alex-Berenguer,es ESP,MFFW,Torino,23,1995,16.5,4,0,0,29,34,3,60,4,27,1,0,0,104,11,34,24.4,Matches
Bartosz Bereszy?ski\Bartosz-Bereszynski,pl POL,DF,Sampdoria,26,1992,24.4,6,1,1,26,30,0,42,16,25,0,0,0,229,20,13,60.6,Matches
Etrit Berisha\Etrit-Berisha,al ALB,GK,Atalanta,29,1989,18,1,0,0,0,2,0,0,0,0,0,0,0,92,0,0,,Matches
Valon Berisha\Valon-Berisha,xk KVX,MF,Lazio,25,1993,2.2,0,0,0,3,4,0,0,0,5,1,0,0,26,0,2,0,Matches
Federico Bernardeschi\Federico-Bernardeschi,it ITA,FWMF,Juventus,24,1994,16.4,5,1,0,20,31,7,47,10,11,0,0,0,119,3,8,27.3,Matches
Daniel Bessa\Daniel-Bessa,it ITA,MF,Genoa,25,1993,27.1,8,0,0,55,19,4,46,23,36,1,0,0,237,12,27,30.8,Matches
Jonathan Biabiany\Jonathan-Biabiany,fr FRA,FWMF,Parma,30,1988,11.9,4,0,0,22,16,4,12,13,14,0,0,0,81,14,15,48.3,Matches
Lucas Biglia\Lucas-Biglia,ar ARG,MF,Milan,32,1986,12.4,3,0,0,22,16,0,2,13,37,0,1,0,162,5,12,29.4,Matches
Cristiano Biraghi\Cristiano-Biraghi,it ITA,DF,Fiorentina,25,1992,35.5,8,0,0,36,28,3,139,30,26,0,0,0,323,24,18,57.1,Matches
Davide Biraschi\Davide-Biraschi,it ITA,DF,Genoa,24,1994,31.6,3,1,0,38,31,0,29,45,42,0,0,1,326,49,37,57,Matches
Valter Birsa\Valter-Birsa,si SVN,MFFW,Chievo,31,1986,12.2,1,0,0,11,13,3,25,6,11,0,0,0,79,7,11,38.9,Matches
Valter Birsa\Valter-Birsa,si SVN,MFFW,Cagliari,31,1986,3.9,0,0,0,4,4,0,11,5,2,0,0,0,32,2,9,18.2,Matches
Kevin-Prince Boateng\Kevin-Prince-Boateng,gh GHA,FW,Sassuolo,31,1987,10.4,1,0,0,25,27,8,4,2,4,0,0,0,44,16,25,39,Matches
Jeremie Boga\Jeremie-Boga,ci CIV,FWMF,Sassuolo,21,1997,16,0,0,0,9,29,8,13,7,10,0,0,0,81,2,8,20,Matches
Giacomo Bonaventura\Giacomo-Bonaventura,it ITA,MF,Milan,28,1989,7.2,0,0,0,5,8,1,5,7,2,0,0,0,44,5,5,50,Matches
Kevin Bonifazi\Kevin-Bonifazi,it ITA,DF,SPAL,22,1996,25.6,2,0,0,20,19,0,5,27,29,0,0,0,256,36,30,54.5,Matches
Leonardo Bonucci\Leonardo-Bonucci,it ITA,DF,Juventus,31,1987,27.5,2,0,0,14,24,2,2,19,12,0,0,0,247,35,40,46.7,Matches
Fabio Borini\Fabio-Borini,it ITA,FWMF,Milan,27,1991,11.7,3,0,0,14,34,3,15,8,11,0,0,0,64,19,14,57.6,Matches
Mehdi Bourabia\Mehdi-Bourabia,ma MAR,MF,Sassuolo,26,1991,22.3,8,1,1,43,25,1,15,26,37,0,1,0,219,36,31,53.7,Matches
Filip Bradari?\Filip-Bradaric,hr CRO,MF,Cagliari,26,1992,16.6,5,0,0,27,9,0,7,22,24,0,2,1,192,19,11,63.3,Matches
Gleison Bremer\Gleison-Bremer,br BRA,DF,Torino,21,1997,2,1,0,0,3,4,0,0,5,3,0,0,0,25,6,9,40,Matches
Nicolò Brighenti\Nicolo-Brighenti,it ITA,DF,Frosinone,28,1989,11,4,0,0,16,19,0,4,31,17,0,0,0,108,14,14,50,Matches
Matteo Brighi\Matteo-Brighi,it ITA,MF,Empoli,37,1981,2.6,1,0,0,6,9,0,0,5,6,0,0,0,32,3,3,50,Matches
Enrico Brignola\Enrico-Brignola,it ITA,FW,Sassuolo,19,1999,1.9,2,0,0,6,1,1,1,1,1,0,0,0,13,1,3,25,Matches
Marcelo Brozovi?\Marcelo-Brozovic,hr CRO,MF,Inter,25,1992,29.4,11,1,1,48,28,0,40,35,78,0,0,0,329,17,21,44.7,Matches
Rafael Cabral\Rafael-Cabral,br BRA,GK,Sampdoria,28,1990,2,0,0,0,0,0,0,0,0,0,0,0,0,7,0,0,,Matches
Fabrizio Cacciatore\Fabrizio-Cacciatore,it ITA,DF,Cagliari,31,1986,6.4,2,0,0,8,3,0,17,2,8,0,1,0,61,4,10,28.6,Matches
Fabrizio Cacciatore\Fabrizio-Cacciatore,it ITA,DF,Chievo,31,1986,5.5,1,0,0,3,5,0,12,1,7,0,0,0,44,5,4,55.6,Matches
Martín Cáceres\Martin-Caceres,uy URU,DFFW,Lazio,31,1987,3.4,0,0,0,1,3,0,3,0,2,0,0,0,28,3,2,60,Matches
Martín Cáceres\Martin-Caceres,uy URU,DF,Juventus,31,1987,7,1,0,0,6,1,0,2,4,7,0,0,0,62,14,16,46.7,Matches
Felipe Caicedo\Felipe-Caicedo,ec ECU,FW,Lazio,29,1988,15.2,4,0,0,28,24,11,4,3,13,1,0,0,56,22,36,37.9,Matches
Arturo Calabresi\Arturo-Calabresi,it ITA,DF,Bologna,22,1996,15.7,8,0,0,18,12,2,10,26,23,0,2,0,132,12,14,46.2,Matches
Davide Calabria\Davide-Calabria,it ITA,DF,Milan,21,1996,21.7,5,0,0,16,20,1,52,22,43,0,0,0,203,13,15,46.4,Matches
Hakan Çalhano?lu\Hakan-Calhanoglu,tr TUR,FWMF,Milan,24,1994,32,3,0,0,30,38,4,61,21,44,0,0,0,256,13,19,40.6,Matches
José Callejón\Jose-Callejon,es ESP,MFFW,Napoli,31,1987,29.4,1,0,0,15,50,18,104,23,21,0,0,0,209,5,26,16.1,Matches
Joel Campbell\Joel-Campbell,cr CRC,FWMF,Frosinone,26,1992,9.9,4,0,0,16,36,9,16,6,9,0,0,0,37,3,11,21.4,Matches
Emre Can\Emre-Can,de GER,MF,Juventus,24,1994,20.1,7,0,0,44,23,5,15,21,58,0,1,1,185,35,23,60.3,Matches
João Cancelo\Joao-Cancelo,pt POR,DF,Juventus,24,1994,21.9,6,0,0,33,25,1,82,13,32,1,1,0,204,23,26,46.9,Matches
Antonio Candreva\Antonio-Candreva,it ITA,FWMF,Inter,31,1987,5.6,0,0,0,8,10,4,39,4,0,0,0,0,35,0,2,0,Matches
Luan Capanni\Luan-Capanni,br BRA,FW,Lazio,18,2000,0.1,1,0,0,1,1,0,0,0,1,0,0,0,1,1,0,100,Matches
Leonardo Capezzi\Leonardo-Capezzi,it ITA,MF,Empoli,23,1995,8.6,4,0,0,22,6,0,7,8,14,0,1,1,125,6,7,46.2,Matches
Gianluca Caprari\Gianluca-Caprari,it ITA,FWMF,Sampdoria,25,1993,11.5,1,0,0,21,25,6,20,4,7,0,0,0,54,2,12,14.3,Matches
Marco Capuano\Marco-Capuano,it ITA,DF,Frosinone,26,1991,25.6,5,1,0,21,12,0,2,25,37,0,0,0,244,59,33,64.1,Matches
Francesco Caputo\Francesco-Caputo,it ITA,FW,Empoli,30,1987,38,3,0,0,27,35,32,39,7,11,2,0,0,143,20,38,34.5,Matches
Francesco Cassata\Francesco-Cassata,it ITA,MFFW,Frosinone,21,1997,12.5,9,1,0,31,22,0,7,8,12,0,0,0,102,5,7,41.7,Matches
Timothy Castagne\Timothy-Castagne,be BEL,DFMF,Atalanta,22,1995,22.3,3,0,0,21,14,0,52,36,34,0,0,0,194,19,22,46.3,Matches
Samu Castillejo\Samu-Castillejo,es ESP,FWMF,Milan,23,1995,11.4,3,0,0,27,26,4,28,14,10,0,1,0,73,10,24,29.4,Matches
Lucas Castro\Lucas-Castro,ar ARG,MFFW,Cagliari,29,1989,10,1,0,0,17,10,2,29,9,12,0,0,0,103,5,14,26.3,Matches
Danilo Cataldi\Danilo-Cataldi,it ITA,MFFW,Lazio,23,1994,6.4,2,0,0,7,3,1,13,8,10,0,0,0,55,3,6,33.3,Matches
Federico Ceccherini\Federico-Ceccherini,it ITA,DF,Fiorentina,26,1992,11,2,0,0,17,20,1,1,14,9,0,0,0,120,28,21,57.1,Matches
Žan Celar\Zan-Celar,si SVN,FW,Roma,19,1999,0.1,0,0,0,0,0,0,0,0,0,0,0,0,0,0,0,,Matches
Álex Centelles\Alex-Centelles,es ESP,DF,Udinese,20,1997,6.5,4,0,0,6,4,0,0,13,7,0,2,0,,,,,Matches
Luca Ceppitelli\Luca-Ceppitelli,it ITA,DF,Cagliari,28,1989,22.8,6,2,0,21,15,0,2,14,27,0,1,1,267,59,40,59.6,Matches
Fabio Ceravolo\Fabio-Ceravolo,it ITA,FW,Parma,31,1987,13.2,1,0,0,22,22,30,8,4,5,0,0,0,60,21,52,28.8,Matches
Alberto Cerri\Alberto-Cerri,it ITA,FW,Cagliari,22,1996,7.4,3,0,0,23,10,3,1,1,6,0,0,0,37,36,43,45.6,Matches
Boštjan Cesar\Bostjan-Cesar,si SVN,DF,Chievo,36,1982,12,3,0,0,17,6,2,0,7,15,0,0,0,89,23,11,67.6,Matches
Raman Chibsah\Raman-Chibsah,gh GHA,MF,Frosinone,25,1993,29.1,5,0,0,46,30,6,12,29,38,0,1,0,247,11,31,26.2,Matches
Giorgio Chiellini\Giorgio-Chiellini,it ITA,DF,Juventus,33,1984,22.1,3,0,0,14,21,1,7,23,9,0,0,0,251,44,23,65.7,Matches
Federico Chiesa\Federico-Chiesa,it ITA,FWMF,Fiorentina,20,1997,33.7,4,0,0,57,58,10,96,7,27,4,0,0,226,14,37,27.5,Matches
Vlad Chiriche?\Vlad-Chiriches,ro ROU,DF,Napoli,28,1989,1.6,0,0,0,2,1,0,0,3,2,0,0,0,15,3,2,60,Matches
Camillo Ciano\Camillo-Ciano,it ITA,FWMF,Frosinone,28,1990,27.3,12,0,0,69,89,18,97,15,17,2,0,0,181,18,75,19.4,Matches
Amato Ciciretti\Amato-Ciciretti,it ITA,FWMF,Parma,24,1993,1.5,0,0,0,1,4,0,2,1,1,0,0,0,9,0,3,0,Matches
Luca Cigarini\Luca-Cigarini,it ITA,MF,Cagliari,32,1986,18.7,9,0,0,33,18,0,21,10,42,0,0,0,285,16,9,64,Matches
Daniel Ciofani\Daniel-Ciofani,it ITA,FW,Frosinone,33,1985,18,1,0,0,27,19,8,3,5,5,0,0,0,67,81,94,46.3,Matches
Thiago Cionek\Thiago-Cionek,pl POL,DF,SPAL,32,1986,28.2,12,2,0,55,39,1,16,46,50,1,2,0,287,55,43,56.1,Matches
Omar Colley\Omar-Colley,gm GAM,DF,Sampdoria,25,1992,19.6,1,1,1,17,6,2,4,13,16,0,1,0,228,36,35,50.7,Matches
Andrea Consigli\Andrea-Consigli,it ITA,GK,Sassuolo,31,1987,35.7,2,1,0,1,7,0,0,0,0,0,0,0,184,0,0,,Matches
Andrea Conti\Andrea-Conti,it ITA,DF,Milan,24,1994,5.6,3,0,0,11,4,1,17,8,5,0,0,0,35,8,11,42.1,Matches
Gabriele Corbo\Gabriele-Corbo,it ITA,DF,Bologna,18,2000,0.1,0,0,0,0,0,0,0,0,0,0,0,0,0,0,0,,Matches
Ante ?ori?\Ante-Coric,hr CRO,MF,Roma,21,1997,0.3,0,0,0,1,0,0,1,0,0,0,0,0,1,0,1,0,Matches
Joaquín Correa\Joaquin-Correa,ar ARG,FWMF,Lazio,23,1994,21.4,5,0,0,29,43,8,10,5,18,1,0,0,93,19,35,35.2,Matches
Douglas Costa\Douglas-Costa,br BRA,FWMF,Juventus,27,1990,6.9,2,1,0,13,8,1,35,7,7,0,0,0,46,0,2,0,Matches
Filippo Costa\Filippo-Costa,it ITA,MFDF,SPAL,23,1995,6.3,0,0,0,6,8,0,17,9,10,0,0,0,44,7,5,58.3,Matches
Alessio Cragno\Alessio-Cragno,it ITA,GK,Cagliari,24,1994,38,1,0,0,0,8,0,0,0,0,0,0,0,192,0,0,,Matches
Domenico Criscito\Domenico-Criscito,it ITA,DF,Genoa,31,1986,34.1,12,1,0,47,49,2,100,44,68,0,2,0,363,36,30,54.5,Matches
Lorenzo Crisetig\Lorenzo-Crisetig,it ITA,MF,Frosinone,25,1993,5.6,3,0,0,15,11,0,1,10,7,0,0,0,46,4,1,80,Matches
Bryan Cristante\Bryan-Cristante,it ITA,MF,Roma,23,1995,26.9,10,0,0,63,15,0,24,20,42,0,0,0,303,55,38,59.1,Matches
Alessio da Cruz\Alessio-da-Cruz,nl NED,FWMF,Parma,21,1997,1.6,0,0,0,3,4,0,2,0,3,0,0,0,8,3,1,75,Matches
Juan Cuadrado\Juan-Cuadrado,co COL,MFDF,Juventus,30,1988,13.6,4,0,0,15,39,1,47,11,13,0,0,0,121,10,6,62.5,Matches
Patrick Cutrone\Patrick-Cutrone,it ITA,FW,Milan,20,1998,16.2,2,0,0,27,20,13,19,8,10,0,0,0,65,13,47,21.7,Matches
Marco D'Alessandro\Marco-DAlessandro,it ITA,DFMF,Udinese,27,1991,16.6,3,0,0,21,28,3,48,11,21,0,0,0,140,4,16,20,Matches
Danilo D'Ambrosio\Danilo-DAmbrosio,it ITA,DF,Inter,29,1988,28.7,6,0,0,47,37,9,51,23,40,1,0,0,212,26,38,40.6,Matches
Bryan Dabo\Bryan-Dabo,bf BFA,MFDF,Fiorentina,26,1992,9.2,4,0,0,13,20,1,14,4,7,0,0,0,100,19,19,50,Matches
Felipe dal Belo\Felipe-dal-Belo,br BRA,DF,SPAL,34,1984,26.2,13,0,0,34,15,1,9,18,17,1,1,0,195,40,19,67.8,Matches
Nicola Dalmonte\Nicola-Dalmonte,it ITA,MFFW,Genoa,20,1997,0.5,0,0,0,1,1,0,1,0,2,0,0,0,4,0,0,,Matches
Vitalie Dama?can\Vitalie-Damascan,md MDA,MF,Torino,19,1999,0,0,0,0,0,0,0,0,0,0,0,0,0,0,0,0,,Matches
Sebastien De Maio\Sebastien-De-Maio,fr FRA,DF,Udinese,31,1987,13,1,1,1,10,7,1,3,5,11,0,0,0,92,35,13,72.9,Matches
Sebastien De Maio\Sebastien-De-Maio,fr FRA,DF,Bologna,31,1987,5.5,3,0,0,6,0,0,3,3,2,0,0,0,62,7,6,53.8,Matches
Rodrigo De Paul\Rodrigo-De-Paul,ar ARG,MFFW,Udinese,24,1994,35.4,7,0,0,31,94,1,89,36,31,0,1,0,273,5,18,21.7,Matches
Daniele De Rossi\Daniele-De-Rossi,it ITA,MF,Roma,35,1983,14.1,3,0,0,12,9,1,2,20,9,0,0,0,123,8,3,72.7,Matches
Mattia De Sciglio\Mattia-De-Sciglio,it ITA,DF,Juventus,25,1992,19.4,2,0,0,16,14,2,41,22,32,0,0,0,161,26,14,65,Matches
Lorenzo De Silvestri\Lorenzo-De-Silvestri,it ITA,DFMF,Torino,30,1988,26.8,3,0,0,31,20,7,97,20,16,0,0,0,215,63,39,61.8,Matches
Grégoire Defrel\Gregoire-Defrel,mq MTQ,FWMF,Sampdoria,27,1991,26,2,0,0,38,33,9,13,1,26,2,0,0,147,16,24,40,Matches
Alessandro Deiola\Alessandro-Deiola,it ITA,MF,Cagliari,22,1995,5,2,0,0,5,2,0,5,6,0,0,0,0,38,3,6,33.3,Matches
Alessandro Deiola\Alessandro-Deiola,it ITA,MF,Parma,22,1995,6.1,3,0,0,9,5,0,3,7,6,0,0,0,52,1,12,7.7,Matches
Cristian Dell'Orco\Cristian-DellOrco,it ITA,DF,Empoli,24,1994,11.5,1,0,0,10,8,0,1,13,13,0,0,0,71,14,16,46.7,Matches
Cristian Dell'Orco\Cristian-DellOrco,it ITA,DF,Sassuolo,24,1994,1.2,0,0,0,2,3,0,7,1,1,0,0,0,8,3,1,75,Matches
Merih Demiral\Merih-Demiral,tr TUR,DF,Sassuolo,20,1998,14,3,0,0,27,5,1,0,16,22,0,1,0,124,56,14,80,Matches
Fabio Depaoli\Fabio-Depaoli,it ITA,DF,Chievo,21,1997,27.4,12,2,2,52,23,1,74,29,41,0,0,0,201,21,32,39.6,Matches
Kiril Despodov\Kiril-Despodov,bg BUL,FWMF,Cagliari,21,1996,1.2,0,0,0,3,1,2,2,0,0,1,0,0,3,0,7,0,Matches
Daniele Dessena\Daniele-Dessena,it ITA,MF,Cagliari,31,1987,3.9,3,0,0,6,9,0,7,2,4,0,0,0,44,6,5,54.5,Matches
Mattia Destro\Mattia-Destro,it ITA,FWMF,Bologna,27,1991,5.5,3,0,0,14,10,0,3,2,3,0,0,0,25,13,13,50,Matches
Jacopo Dezi\Jacopo-Dezi,it ITA,MF,Parma,26,1992,1,0,0,0,2,0,0,0,2,1,0,0,0,11,0,0,,Matches
Federico Di Francesco\Federico-Di-Francesco,it ITA,FWMF,Sassuolo,24,1994,11.9,2,0,0,25,18,7,14,2,7,1,0,0,64,2,7,22.2,Matches
Antonio Di Gaudio\Antonio-Di-Gaudio,it ITA,FWMF,Parma,28,1989,7.8,0,0,0,3,14,5,5,5,1,0,0,0,39,0,3,0,Matches
Giovanni Di Lorenzo\Giovanni-Di-Lorenzo,it ITA,DF,Empoli,24,1993,37,8,0,0,45,53,2,94,28,51,0,1,0,266,38,25,60.3,Matches
Amadou Diawara\Amadou-Diawara,gn GUI,MF,Napoli,21,1997,7.3,4,0,0,15,2,0,2,9,10,0,0,0,84,3,2,60,Matches
Lorenzo Dickmann\Lorenzo-Dickmann,it ITA,DFMF,SPAL,21,1996,1.9,1,0,0,3,3,0,1,1,2,0,0,0,17,3,2,60,Matches
Mitchell Dijks\Mitchell-Dijks,nl NED,DFMF,Bologna,25,1993,22.5,5,1,0,46,37,3,62,21,25,0,0,0,194,34,29,54,Matches
Federico Dimarco\Federico-Dimarco,it ITA,DF,Parma,20,1997,9.9,4,0,0,13,6,1,19,12,13,0,1,0,70,2,8,20,Matches
Federico Dionisi\Federico-Dionisi,it ITA,FW,Frosinone,31,1987,2.3,2,0,0,9,8,5,7,0,3,0,0,0,10,4,8,33.3,Matches
Assane Dioussé\Assane-Diousse,sn SEN,MF,Chievo,20,1997,9.9,5,0,0,16,8,2,7,18,24,0,0,0,114,4,13,23.5,Matches
Koffi Djidji\Koffi-Djidji,ci CIV,DF,Torino,25,1992,15.4,2,0,0,13,4,0,3,19,27,0,1,0,162,22,23,48.9,Matches
Berat Djimsiti\Berat-Djimsiti,al ALB,DF,Atalanta,25,1993,20.1,3,0,0,23,21,0,1,26,22,0,0,1,217,47,33,58.8,Matches
Johan Djourou\Johan-Djourou,ch SUI,DF,SPAL,31,1987,3.1,0,0,0,4,0,0,0,5,2,0,0,0,28,7,2,77.8,Matches
Gianluigi Donnarumma\Gianluigi-Donnarumma,it ITA,GK,Milan,19,1999,34.3,4,0,0,0,3,0,0,0,0,0,0,0,173,0,0,,Matches
Godfred Donsah\Godfred-Donsah,gh GHA,MF,Bologna,22,1996,1.7,0,0,0,0,1,0,0,0,4,0,0,0,11,2,4,33.3,Matches
Riccardo Doratiotto\Riccardo-Doratiotto,it ITA,FW,Cagliari,19,1999,0.9,0,0,0,2,0,0,0,0,1,0,0,0,4,1,5,16.7,Matches
Bart?omiej Dr?gowski\Bartlomiej-Dragowski,pl POL,GK,Fiorentina,20,1997,2.5,0,0,0,0,1,0,0,0,0,0,0,0,11,0,0,,Matches
Bart?omiej Dr?gowski\Bartlomiej-Dragowski,pl POL,GK,Empoli,20,1997,14,2,0,0,1,3,0,0,0,0,0,1,0,86,0,0,,Matches
Alfred Duncan\Alfred-Duncan,gh GHA,MF,Sassuolo,25,1993,20.5,7,1,0,38,23,3,22,14,19,0,0,0,136,9,24,27.3,Matches
Riza Durmisi\Riza-Durmisi,dk DEN,DFMF,Lazio,24,1994,3.6,4,0,0,7,4,0,11,2,5,0,0,0,23,2,3,40,Matches
Paulo Dybala\Paulo-Dybala,ar ARG,FWMF,Juventus,24,1993,23.7,2,0,0,18,66,5,42,15,12,2,0,0,146,5,11,31.3,Matches
Edin Džeko\Edin-Dzeko,ba BIH,FW,Roma,32,1986,28.7,9,0,0,31,36,13,28,3,9,1,0,0,111,107,67,61.5,Matches
Blerim Džemaili\Blerim-Dzemaili,ch SUI,MF,Bologna,32,1986,19.4,4,0,0,25,55,0,5,19,25,0,0,0,192,14,12,53.8,Matches
Simone Edera\Simone-Edera,it ITA,FW,Bologna,21,1997,2.2,1,0,0,3,1,1,3,3,2,0,0,0,16,1,4,20,Matches
Simone Edera\Simone-Edera,it ITA,FWMF,Torino,21,1997,0.9,0,0,0,2,1,0,1,1,1,0,0,0,5,0,2,0,Matches
Albin Ekdal\Albin-Ekdal,se SWE,MF,Sampdoria,29,1989,29.4,6,0,0,47,68,3,4,26,35,0,0,0,351,38,27,58.5,Matches
Valentin Eysseric\Valentin-Eysseric,fr FRA,FWMF,Fiorentina,26,1992,4,1,0,0,10,7,2,7,8,5,0,0,0,25,3,4,42.9,Matches
Diego Falcinelli\Diego-Falcinelli,it ITA,FW,Bologna,27,1991,7.8,0,0,0,13,20,0,8,0,6,0,0,0,35,10,21,32.3,Matches
Iago Falque\Iago-Falque,es ESP,FWMF,Torino,28,1990,17.9,1,0,0,15,19,7,63,6,7,1,0,0,102,7,24,22.6,Matches
Paolo Faragò\Paolo-Farago,it ITA,MFDF,Cagliari,25,1993,18.9,8,1,1,35,22,1,50,10,32,0,0,0,216,42,26,61.8,Matches
Mohamed Fares\Mohamed-Fares,dz ALG,DFMF,SPAL,22,1996,32.8,12,0,0,52,41,0,125,28,41,0,1,0,265,34,35,49.3,Matches
Diego Farias\Diego-Farias,br BRA,FW,Cagliari,28,1990,7.8,3,0,0,9,12,8,10,4,8,0,0,0,28,3,1,75,Matches
Diego Farias\Diego-Farias,br BRA,FW,Empoli,28,1990,13.3,1,0,0,13,16,3,17,2,6,2,0,0,46,2,21,8.7,Matches
Andrea Favilli\Andrea-Favilli,it ITA,FWMF,Genoa,21,1997,1.9,0,0,0,7,2,1,5,0,0,0,0,0,9,5,1,83.3,Matches
Federico Fazio\Federico-Fazio,ar ARG,DF,Roma,31,1987,31.2,6,0,0,28,15,0,5,35,22,0,1,0,355,90,41,68.7,Matches
Luiz Felipe\Luiz-Felipe,br BRA,DF,Lazio,21,1997,14.3,4,0,0,21,14,1,5,21,16,0,0,0,123,15,18,45.5,Matches
Edimilson Fernandes\Edimilson-Fernandes,ch SUI,MF,Fiorentina,22,1996,21.9,9,1,1,38,17,0,12,30,29,0,2,0,218,11,29,27.5,Matches
Alex Ferrari\Alex-Ferrari,it ITA,DF,Sampdoria,24,1994,6,2,0,0,3,4,0,2,5,8,0,1,0,65,8,4,66.7,Matches
Sergio Floccari\Sergio-Floccari,it ITA,FW,SPAL,36,1981,10.8,3,0,0,17,18,3,6,4,5,3,0,0,46,20,22,47.6,Matches
Alessandro Florenzi\Alessandro-Florenzi,it ITA,DFFW,Roma,27,1991,24.2,5,1,1,15,24,3,84,35,19,0,0,0,239,13,18,41.9,Matches
Seko Fofana\Seko-Fofana,ci CIV,MF,Udinese,23,1995,29.3,5,0,0,30,29,1,33,35,18,0,1,0,245,8,15,34.8,Matches
Pierluigi Frattali\Pierluigi-Frattali,it ITA,GK,Parma,32,1985,1,0,0,0,0,0,0,0,0,0,0,0,0,5,0,0,,Matches
Remo Freuler\Remo-Freuler,ch SUI,MF,Atalanta,26,1992,33.6,4,0,0,41,72,0,17,28,70,1,0,0,403,27,31,46.6,Matches
Nicolas Frey\Nicolas-Frey,fr FRA,DF,Chievo,34,1984,2.5,0,0,0,2,1,0,1,4,2,0,0,0,17,4,2,66.7,Matches
Manolo Gabbiadini\Manolo-Gabbiadini,it ITA,FW,Sampdoria,26,1991,9,5,0,0,18,12,3,19,4,1,1,0,0,34,10,18,35.7,Matches
Gianluca Gaetano\Gianluca-Gaetano,it ITA,FW,Napoli,18,2000,0.1,0,0,0,1,1,0,0,0,0,0,0,0,2,0,1,0,Matches
Roberto Gagliardini\Roberto-Gagliardini,it ITA,MF,Inter,24,1994,12.1,4,0,0,28,19,1,7,16,23,0,0,0,115,36,20,64.3,Matches
Riccardo Gagliolo\Riccardo-Gagliolo,se SWE,DF,Parma,28,1990,33.8,7,0,0,33,41,0,28,52,38,0,2,1,311,29,34,46,Matches
Marcello Gazzola\Marcello-Gazzola,it ITA,DFMF,Parma,33,1985,10.2,3,0,0,11,7,0,23,4,7,0,0,0,60,20,18,52.6,Matches
Gerson\Gerson,br BRA,MFFW,Fiorentina,21,1997,27,9,0,0,51,85,4,14,21,36,0,1,1,264,29,33,46.8,Matches
Gervinho\Gervinho,ci CIV,FW,Parma,31,1987,25.6,3,0,0,12,33,15,16,14,10,1,0,0,133,0,7,0,Matches
Paolo Ghiglione\Paolo-Ghiglione,it ITA,MFDF,Frosinone,21,1997,5.7,4,0,0,12,2,0,20,5,7,0,0,0,42,2,2,50,Matches
Faouzi Ghoulam\Faouzi-Ghoulam,dz ALG,DF,Napoli,27,1991,12.8,2,0,0,13,18,4,51,6,6,0,0,0,103,30,14,68.2,Matches
Emanuele Giaccherini\Emanuele-Giaccherini,it ITA,MFFW,Chievo,33,1985,22.3,8,0,0,20,47,5,61,16,10,1,0,1,180,8,26,23.5,Matches
Massimo Gobbi\Massimo-Gobbi,it ITA,DF,Parma,37,1980,13.1,3,0,0,25,6,0,17,7,10,0,1,0,110,9,8,52.9,Matches
Edoardo Goldaniga\Edoardo-Goldaniga,it ITA,DF,Frosinone,24,1993,29,6,0,0,46,36,3,11,40,39,0,0,0,241,47,31,60.3,Matches
Pierluigi Gollini\Pierluigi-Gollini,it ITA,GK,Atalanta,23,1995,20,1,0,0,2,2,0,0,0,0,0,1,0,117,0,0,,Matches
Papu Gómez\Papu-Gomez,ar ARG,MFFW,Atalanta,30,1988,32.2,5,0,0,26,93,5,114,28,16,0,1,0,189,5,14,26.3,Matches
Alfred Gomis\Alfred-Gomis,sn SEN,GK,SPAL,24,1993,19.2,0,0,0,1,3,0,0,0,0,0,0,0,126,0,0,,Matches
Giancarlo González\Giancarlo-Gonzalez,cr CRC,DF,Bologna,30,1988,8.3,2,0,0,8,2,1,0,12,4,0,0,0,92,26,18,59.1,Matches
Mirko Gori\Mirko-Gori,it ITA,MF,Frosinone,25,1993,3.7,3,0,0,6,1,0,9,1,5,0,0,0,33,1,3,25,Matches
Robin Gosens\Robin-Gosens,de GER,DFMF,Atalanta,24,1994,21.6,2,0,0,27,31,8,72,38,39,0,0,0,201,33,15,68.8,Matches
Paolo Gozzi Iweru\Paolo-Gozzi-Iweru,it ITA,DF,Juventus,17,2001,1,0,0,0,0,1,0,0,1,0,0,0,0,4,1,0,100,Matches
Alberto Grassi\Alberto-Grassi,it ITA,MF,Parma,23,1995,5.1,0,0,0,9,11,0,0,7,10,0,1,0,27,5,5,50,Matches
Sergej Grubac\Sergej-Grubac,me MNE,FWMF,Chievo,18,2000,1.7,1,0,0,1,3,0,0,0,1,0,0,0,5,10,11,47.6,Matches
Guido Guerrieri\Guido-Guerrieri,it ITA,GK,Lazio,22,1996,1,0,0,0,0,0,0,0,0,0,0,0,0,8,0,0,,Matches
Koray Günter\Koray-Gunter,de GER,DF,Genoa,23,1994,9.3,1,0,0,6,9,1,2,15,15,0,0,0,75,21,6,77.8,Matches
Emil Hallfreðsson\Emil-Hallfredsson,is ISL,MF,Udinese,34,1984,1.5,0,0,0,0,2,0,0,0,0,0,0,0,21,0,0,,Matches
Emil Hallfreðsson\Emil-Hallfredsson,is ISL,MF,Frosinone,34,1984,4.4,2,0,0,10,3,0,3,2,2,0,1,0,56,1,2,33.3,Matches
Marek Hamšík\Marek-Hamsik,sk SVK,MF,Napoli,31,1987,10.2,1,0,0,5,3,0,6,10,10,0,0,0,83,4,1,80,Matches
Dávid Hancko\David-Hancko,sk SVK,DF,Fiorentina,20,1997,3.1,0,0,0,1,3,0,7,3,5,0,0,0,27,7,2,77.8,Matches
Samir Handanovi?\Samir-Handanovic,si SVN,GK,Inter,34,1984,38,0,0,0,0,9,0,0,0,0,0,0,0,145,0,0,,Matches
Hans Hateboer\Hans-Hateboer,nl NED,DFMF,Atalanta,24,1994,33,5,0,0,32,14,5,67,21,32,0,0,0,233,59,41,59,Matches
Filip Helander\Filip-Helander,se SWE,DF,Bologna,25,1993,19,6,0,0,28,7,0,2,9,26,0,1,0,182,54,17,76.1,Matches
Dalbert Henrique\Dalbert-Henrique,br BRA,DF,Inter,24,1993,8.6,2,0,0,9,17,0,37,6,14,0,0,0,113,22,14,61.1,Matches
Përparim Hetemaj\Perparim-Hetemaj,fi FIN,MF,Chievo,31,1986,24,9,0,0,58,70,1,41,21,34,0,0,0,228,18,34,34.6,Matches
Gonzalo Higuaín\Gonzalo-Higuain,ar ARG,FW,Milan,30,1987,14.2,3,1,0,15,13,8,9,1,7,0,0,0,55,7,8,46.7,Matches
Oscar Hiljemark\Oscar-Hiljemark,se SWE,MF,Genoa,26,1992,13.3,0,0,0,19,11,2,16,9,15,0,0,0,128,10,8,55.6,Matches
Vitor Hugo\Vitor-Hugo,br BRA,DF,Fiorentina,27,1991,27.4,7,1,0,44,18,0,2,44,39,0,1,0,279,63,31,67,Matches
Elseid Hysaj\Elseid-Hysaj,al ALB,DF,Napoli,24,1994,23.4,4,0,0,23,19,1,32,12,34,0,0,0,255,22,28,44,Matches
Simone Iacoponi\Simone-Iacoponi,it ITA,DF,Parma,31,1987,37.2,4,0,0,36,31,1,14,21,34,0,1,0,268,49,48,50.5,Matches
Roger Ibanez\Roger-Ibanez,br BRA,FW,Atalanta,19,1998,0,0,0,0,0,0,0,0,0,0,0,0,0,2,1,0,100,Matches
Mauro Icardi\Mauro-Icardi,ar ARG,FW,Inter,25,1993,25.2,0,0,0,21,18,20,21,3,6,3,0,0,84,36,34,51.4,Matches
Salvador Ichazo\Salvador-Ichazo,uy URU,GK,Torino,26,1992,2.8,0,0,0,1,0,0,0,0,0,0,1,0,14,0,0,,Matches
Josip Ili?i?\Josip-Ilicic,si SVN,FWMF,Atalanta,30,1988,23.8,5,1,0,22,76,6,42,6,11,1,0,0,122,4,28,12.5,Matches
Ciro Immobile\Ciro-Immobile,it ITA,FW,Lazio,28,1990,31.8,6,0,0,24,39,38,27,4,8,0,0,0,156,15,28,34.9,Matches
Svante Ingelsson\Svante-Ingelsson,se SWE,MFDF,Udinese,20,1998,1.1,0,0,0,1,1,0,0,0,3,0,0,0,14,0,2,0,Matches
Roberto Inglese\Roberto-Inglese,it ITA,FW,Parma,26,1991,21.8,3,0,0,56,33,29,15,4,13,1,0,0,75,43,77,35.8,Matches
Lorenzo Insigne\Lorenzo-Insigne,it ITA,FWMF,Napoli,27,1991,23,6,1,0,7,17,18,39,9,5,0,0,0,109,2,9,18.2,Matches
Artur Ioni??\Artur-Ionita,md MDA,MF,Cagliari,27,1990,33,4,1,0,68,15,2,21,23,50,1,0,0,256,78,67,53.8,Matches
Armando Izzo\Armando-Izzo,it ITA,DF,Torino,26,1992,36.3,6,0,0,56,61,2,17,71,63,1,0,0,486,103,37,73.6,Matches
Jandrei\Jandrei,br BRA,GK,Genoa,25,1993,1,0,0,0,0,0,0,0,0,0,0,0,0,3,0,0,,Matches
Marko Jankovi?\Marko-Jankovic,me MNE,MFDF,SPAL,23,1995,0.6,1,0,0,3,4,0,1,0,2,0,0,0,4,0,2,0,Matches
Jakub Jankto\Jakub-Jankto,cz CZE,MF,Sampdoria,22,1996,10.7,2,0,0,9,6,0,29,6,5,0,0,0,90,5,9,35.7,Matches
Pawe? Jaroszy?ski\Pawel-Jaroszynski,pl POL,DFMF,Chievo,23,1994,15,2,0,0,20,18,0,49,18,27,0,0,0,131,16,10,61.5,Matches
Juan Jesus\Juan-Jesus,br BRA,DF,Roma,27,1991,15.6,4,0,0,18,9,0,0,14,24,0,1,1,136,16,16,50,Matches
Bruno Jordão\Bruno-Jordao,pt POR,MF,Lazio,19,1998,1,0,0,0,2,0,1,1,1,2,0,0,0,7,2,2,50,Matches
Hamed Junior Traorè\Hamed-Junior-Traore,ci CIV,MF,Empoli,18,2000,25.1,4,0,0,39,24,7,17,30,43,0,0,0,205,11,35,23.9,Matches
Musa Juwara\Musa-Juwara,gm GAM,FW,Chievo,16,2001,0.1,0,0,0,0,0,0,0,1,0,0,0,0,1,0,0,,Matches
Yann Karamoh\Yann-Karamoh,fr FRA,MF,Inter,20,1998,0.1,0,0,0,0,0,0,0,0,0,0,0,0,0,0,0,,Matches
Ibrahim Karamoko\Ibrahim-Karamoko,fr FRA,MF,Chievo,17,2001,0.7,0,0,0,4,0,0,2,0,1,0,0,0,6,1,0,100,Matches
Orestis Karnezis\Orestis-Karnezis,gr GRE,GK,Napoli,33,1985,9,0,0,0,0,1,0,0,0,0,0,0,0,43,0,0,,Matches
Rick Karsdorp\Rick-Karsdorp,nl NED,DF,Roma,23,1995,6.6,1,0,0,5,2,0,23,6,5,0,0,0,74,2,6,25,Matches
Grigoris Kastanos\Grigoris-Kastanos,cy CYP,MF,Juventus,20,1998,0.7,0,0,0,1,2,0,0,2,1,0,0,0,3,0,1,0,Matches
Moise Kean\Moise-Kean,it ITA,FW,Juventus,18,2000,6,2,0,0,9,6,3,1,3,1,1,0,0,27,4,3,57.1,Matches
Franck Kessié\Franck-Kessie,ci CIV,MF,Milan,21,1996,33.5,8,0,0,47,32,3,28,27,50,0,1,0,289,29,29,50,Matches
Sami Khedira\Sami-Khedira,de GER,MF,Juventus,31,1987,7.8,0,0,0,5,5,0,10,5,8,0,0,0,58,5,1,83.3,Matches
Sofian Kiyine\Sofian-Kiyine,ma MAR,MFDF,Chievo,20,1997,9.1,7,0,0,32,12,0,22,9,22,0,0,0,59,11,13,45.8,Matches
Ragnar Klavan\Ragnar-Klavan,ee EST,DF,Cagliari,32,1985,13.7,2,0,0,7,4,0,2,3,8,0,0,0,137,24,16,60,Matches
Justin Kluivert\Justin-Kluivert,nl NED,FW,Roma,19,1999,14.9,2,0,0,25,22,2,51,4,19,0,0,0,97,9,11,45,Matches
Aleksandar Kolarov\Aleksandar-Kolarov,rs SRB,DF,Roma,32,1985,32.3,7,1,1,28,39,1,118,34,27,0,1,0,303,28,20,58.3,Matches
Christian Kouamé\Christian-Kouame,ci CIV,FWMF,Genoa,20,1997,34.1,4,0,0,37,82,18,36,25,25,0,0,0,190,160,155,50.8,Matches
Kalidou Koulibaly\Kalidou-Koulibaly,sn SEN,DF,Napoli,27,1991,34.8,10,1,1,49,20,1,4,20,39,0,1,0,402,77,35,68.8,Matches
Dawid Kownacki\Dawid-Kownacki,pl POL,FW,Sampdoria,21,1997,1.9,0,0,0,3,2,1,4,0,1,1,0,0,11,2,4,33.3,Matches
Luka Krajnc\Luka-Krajnc,si SVN,DF,Frosinone,23,1994,8.8,3,0,0,5,4,0,2,2,10,0,0,0,68,13,6,68.4,Matches
Ladislav Krej?í\Ladislav-Krejci,cz CZE,MFDF,Bologna,26,1992,11.8,2,0,0,13,12,3,25,5,6,0,0,0,78,5,25,16.7,Matches
Rade Kruni?\Rade-Krunic,ba BIH,MF,Empoli,24,1993,30.8,7,1,0,48,76,0,28,15,28,0,0,0,242,44,63,41.1,Matches
Juraj Kucka\Juraj-Kucka,sk SVK,MF,Parma,31,1987,17.1,5,1,1,42,27,1,14,20,41,0,0,0,139,69,44,61.1,Matches
Dejan Kulusevski\Dejan-Kulusevski,se SWE,DFMF,Atalanta,18,2000,1.2,0,0,0,4,1,0,2,0,2,0,0,0,3,1,4,20,Matches
Jasmin Kurti?\Jasmin-Kurtic,si SVN,MF,SPAL,29,1989,28.4,9,0,0,36,55,1,65,22,16,0,0,0,176,51,54,48.6,Matches
Antonino La Gumina\Antonino-La-Gumina,it ITA,FW,Empoli,22,1996,12.1,1,0,0,17,21,20,3,7,8,1,0,0,34,8,24,25,Matches
Alban Lafont\Alban-Lafont,fr FRA,GK,Fiorentina,19,1999,33.5,2,0,0,0,8,0,0,0,0,0,0,1,174,0,0,,Matches
Abdou Lahat Diakhate\Abdou-Lahat-Diakhate,sn SEN,FW,Parma,19,1998,0,0,0,0,0,0,0,0,0,0,0,0,0,0,0,0,,Matches
Gianluca Lapadula\Gianluca-Lapadula,pe PER,FWMF,Genoa,28,1990,4.5,1,0,0,16,9,10,3,0,4,0,0,0,27,18,31,36.7,Matches
Danilo Larangeira\Danilo-Larangeira,br BRA,DF,Bologna,34,1984,34.2,4,0,0,25,20,4,5,20,17,0,0,0,365,90,44,67.2,Matches
Kevin Lasagna\Kevin-Lasagna,it ITA,FW,Udinese,25,1992,27.3,2,0,0,33,35,23,20,12,7,4,0,0,119,68,87,43.9,Matches
Vincent Laurini\Vincent-Laurini,fr FRA,DF,Fiorentina,29,1989,10.2,4,0,0,16,21,0,26,10,19,0,0,0,102,13,11,54.2,Matches
Diego Laxalt\Diego-Laxalt,uy URU,DFMF,Milan,25,1993,7.2,2,0,0,17,6,0,21,3,19,0,0,0,70,3,9,25,Matches
Darko Lazovi?\Darko-Lazovic,rs SRB,MFDF,Genoa,27,1990,28.2,2,0,0,15,14,3,104,10,15,0,0,0,220,13,16,44.8,Matches
Manuel Lazzari\Manuel-Lazzari,it ITA,MFDF,SPAL,24,1993,31.5,7,0,0,31,63,0,173,15,21,1,0,0,211,6,16,27.3,Matches
Lucas Leiva\Lucas-Leiva,br BRA,MF,Lazio,31,1987,22.1,7,0,0,45,22,2,12,43,59,0,0,0,323,34,18,65.4,Matches
Mauricio Lemos\Mauricio-Lemos,uy URU,DF,Sassuolo,22,1995,2,0,0,0,2,1,0,0,0,1,0,0,0,16,3,1,75,Matches
Lukas Lerager\Lukas-Lerager,dk DEN,MF,Genoa,25,1993,12.5,4,0,0,27,22,1,14,16,28,0,0,0,123,22,22,50,Matches
Mehdi Léris\Mehdi-Leris,fr FRA,MFFW,Chievo,20,1998,17.9,5,0,0,42,15,1,32,33,37,0,0,0,165,26,29,47.3,Matches
Karol Linetty\Karol-Linetty,pl POL,MF,Sampdoria,23,1995,27.9,11,0,0,45,52,1,19,15,49,0,0,0,246,19,30,38.8,Matches
Pol Lirola\Pol-Lirola,es ESP,DFMF,Sassuolo,20,1997,33.1,2,0,0,17,11,3,119,23,24,0,0,2,284,12,22,35.3,Matches
Adem Ljaji?\Adem-Ljajic,rs SRB,FW,Torino,26,1991,0.3,0,0,0,0,1,0,1,0,0,0,0,0,0,0,0,,Matches
Manuel Locatelli\Manuel-Locatelli,it ITA,MF,Sassuolo,20,1998,20.5,7,0,0,35,29,0,16,19,32,0,1,0,202,16,27,37.2,Matches
José Luis Palomino\Jose-Luis-Palomino,ar ARG,DF,Atalanta,28,1990,25.1,6,1,1,31,8,1,4,38,39,0,0,0,340,50,25,66.7,Matches
Everton Luiz\Everton-Luiz,br BRA,MF,SPAL,30,1988,3.5,5,0,0,9,5,0,0,3,7,0,0,0,28,2,1,66.7,Matches
Jordan Lukaku\Jordan-Lukaku,be BEL,MFDF,Lazio,24,1994,1.9,1,0,0,4,1,2,6,4,2,0,0,0,16,2,0,100,Matches
Saša Luki?\Sasa-Lukic,rs SRB,MF,Torino,21,1996,11,7,0,0,35,13,0,11,12,14,0,0,0,102,9,23,28.1,Matches
Senad Luli?\Senad-Lulic,ba BIH,DFMF,Lazio,32,1986,32.5,5,0,0,41,27,7,119,46,49,0,2,0,304,41,15,73.2,Matches
Sebastiano Luperto\Sebastiano-Luperto,it ITA,DF,Napoli,21,1996,8.1,0,0,0,10,7,0,1,5,4,0,2,0,77,18,13,58.1,Matches
Lyanco\Lyanco,br BRA,DF,Torino,21,1997,1,0,0,0,1,1,0,0,2,1,0,0,0,10,1,2,33.3,Matches
Lyanco\Lyanco,br BRA,DF,Bologna,21,1997,12.4,2,1,1,11,3,2,0,20,15,0,0,0,158,30,23,56.6,Matches
Charalambos Lykogiannis\Charalambos-Lykogiannis,gr GRE,DF,Cagliari,24,1993,9.2,1,0,0,9,2,1,26,15,9,0,0,0,78,11,9,55,Matches
Darwin Machís\Darwin-Machis,ve VEN,FWMF,Udinese,25,1993,5.1,2,0,0,7,12,0,20,0,4,0,0,0,42,2,5,28.6,Matches
Francesco Magnanelli\Francesco-Magnanelli,it ITA,MF,Sassuolo,33,1984,20.7,4,1,1,37,39,0,4,20,35,0,2,0,229,12,19,38.7,Matches
Giangiacomo Magnani\Giangiacomo-Magnani,it ITA,DF,Sassuolo,22,1995,16.8,2,0,0,20,12,0,0,14,13,0,0,0,118,28,18,60.9,Matches
Raffaele Maiello\Raffaele-Maiello,it ITA,MF,Frosinone,27,1991,22.7,4,0,0,12,40,0,25,25,31,0,0,0,302,12,11,52.2,Matches
Domenico Maietta\Domenico-Maietta,it ITA,DF,Empoli,35,1982,19,5,0,0,18,4,1,5,12,20,0,2,0,172,23,9,71.9,Matches
Nikola Maksimovi?\Nikola-Maksimovic,rs SRB,DF,Napoli,26,1991,15.3,4,0,0,11,17,2,1,11,18,0,0,0,153,28,28,50,Matches
Kévin Malcuit\Kevin-Malcuit,ma MAR,DF,Napoli,27,1991,20.1,3,0,0,25,23,3,72,34,36,0,0,0,195,17,24,41.5,Matches
Gianluca Mancini\Gianluca-Mancini,it ITA,DF,Atalanta,22,1996,25,5,0,0,37,15,2,2,46,40,0,1,0,245,61,37,62.2,Matches
Rolando Mandragora\Rolando-Mandragora,it ITA,MF,Udinese,21,1997,32.4,8,1,0,46,40,1,20,42,36,0,0,0,307,38,45,45.8,Matches
Mario Mandžuki?\Mario-Mandzukic,hr CRO,FW,Juventus,32,1986,22.4,4,0,0,35,34,8,26,12,22,1,0,0,112,54,48,52.9,Matches
Kostas Manolas\Kostas-Manolas,gr GRE,DF,Roma,27,1991,25.8,6,0,0,30,20,1,1,30,26,0,0,0,253,48,22,68.6,Matches
Juan Manuel Valencia\Juan-Manuel-Valencia,co COL,FW,Bologna,20,1998,0.3,1,0,0,1,0,0,1,0,0,0,0,0,2,0,1,0,Matches
Iván Marcano\Ivan-Marcano,es ESP,DF,Roma,31,1987,9,0,0,0,10,4,0,9,7,6,0,0,0,119,27,13,67.5,Matches
Federico Marchetti\Federico-Marchetti,it ITA,GK,Genoa,35,1983,4,1,0,0,0,0,0,0,0,0,0,0,0,24,0,0,,Matches
Gian Marco Ferrari\Gian-Marco-Ferrari,it ITA,DF,Sassuolo,26,1992,31,9,0,0,40,25,0,6,23,24,0,0,0,296,50,20,71.4,Matches
João Mário\Joao-Mario,pt POR,MFFW,Inter,25,1993,12,2,0,0,12,23,0,31,7,18,0,0,0,125,3,6,33.3,Matches
Marlon\Marlon,br BRA,DF,Sassuolo,22,1995,16.8,4,1,1,19,8,0,4,12,19,0,0,0,123,14,25,35.9,Matches
Lautaro Martínez\Lautaro-Martinez,ar ARG,FW,Inter,20,1997,14.9,4,0,0,27,43,3,17,4,1,0,0,0,52,19,37,33.9,Matches
Adam Maruši?\Adam-Marusic,me MNE,DFMF,Lazio,25,1992,23.5,2,1,0,32,18,2,51,17,24,0,0,0,177,24,23,51.1,Matches
Andrea Masiello\Andrea-Masiello,it ITA,DF,Atalanta,32,1986,20.4,5,0,0,17,18,2,5,37,17,1,1,1,263,21,17,55.3,Matches
Luca Matarese\Luca-Matarese,it ITA,FW,Frosinone,20,1998,0.2,1,0,0,1,0,0,0,0,0,0,0,0,2,0,1,0,Matches
Alessandro Matri\Alessandro-Matri,it ITA,FW,Sassuolo,33,1984,6.7,3,0,0,6,5,10,6,4,1,0,0,0,18,6,22,21.4,Matches
Federico Mattiello\Federico-Mattiello,it ITA,MFDF,Bologna,23,1995,14.8,2,1,0,17,12,1,54,19,19,0,0,0,107,14,27,34.1,Matches
Blaise Matuidi\Blaise-Matuidi,fr FRA,MF,Juventus,31,1987,26.9,5,0,0,34,25,7,33,30,39,0,0,0,194,18,29,38.3,Matches
José Mauri\Jose-Mauri,it ITA,MF,Milan,22,1996,2.3,0,0,0,5,4,0,0,3,6,0,0,0,27,2,2,50,Matches
Stephy Mavididi\Stephy-Mavididi,eng ENG,FW,Juventus,20,1998,0.2,0,0,0,0,0,0,1,0,0,0,0,0,0,0,1,0,Matches
Luca Mazzitelli\Luca-Mazzitelli,it ITA,MFFW,Genoa,22,1995,3.6,3,0,0,13,5,0,5,4,7,0,0,0,57,8,9,47.1,Matches
Ibrahima Mbaye\Ibrahima-Mbaye,sn SEN,DF,Bologna,23,1994,22.3,6,0,0,35,23,1,11,13,22,0,0,0,187,36,38,48.6,Matches
Levan Mchedlidze\Levan-Mchedlidze,ge GEO,FWDF,Empoli,28,1990,2.3,1,0,0,6,2,0,0,0,1,0,0,0,5,2,10,16.7,Matches
Iuri Medeiros\Iuri-Medeiros,pt POR,MFFW,Genoa,24,1994,1.2,0,0,0,1,2,0,2,0,0,0,0,0,2,1,1,50,Matches
Nicky Medja\Nicky-Medja,ch SUI,MF,Fiorentina,18,2000,0.5,1,0,0,1,0,1,0,1,0,0,0,0,2,0,4,0,Matches
Riccardo Meggiorini\Riccardo-Meggiorini,it ITA,FW,Chievo,32,1985,17.2,6,0,0,34,55,11,21,9,15,0,0,0,69,68,52,56.7,Matches
Soualiho Meïté\Soualiho-Meite,fr FRA,MF,Torino,24,1994,29.5,7,1,0,61,52,2,13,22,48,0,1,0,310,66,84,44,Matches
Alex Meret\Alex-Meret,it ITA,GK,Napoli,21,1997,12.8,0,1,0,2,4,0,0,0,0,0,1,0,42,0,0,,Matches
Dries Mertens\Dries-Mertens,be BEL,FW,Napoli,31,1987,25,1,0,0,33,28,14,55,10,20,0,0,0,104,7,14,33.3,Matches
Petar Mi?in\Petar-Micin,rs SRB,MF,Udinese,19,1998,0,0,0,0,1,0,0,0,0,0,0,0,0,0,0,0,,Matches
Nikola Milenkovi?\Nikola-Milenkovic,rs SRB,DF,Fiorentina,20,1997,33.4,8,1,1,60,19,1,14,35,36,0,0,0,378,82,48,63.1,Matches
Arkadiusz Milik\Arkadiusz-Milik,pl POL,FW,Napoli,24,1994,26.6,4,0,0,43,28,16,10,6,10,0,0,0,76,36,55,39.6,Matches
Sergej Milinkovi?-Savi?\Sergej-Milinkovic-Savic,rs SRB,MF,Lazio,23,1995,26.6,7,1,0,60,34,12,32,23,34,0,0,0,216,76,73,51,Matches
Vanja Milinkovi?-Savi?\Vanja-Milinkovic-Savic,rs SRB,GK,SPAL,21,1997,1.8,1,1,1,0,0,0,0,0,0,0,0,0,17,0,0,,Matches
Vincenzo Millico\Vincenzo-Millico,it ITA,MF,Torino,17,2000,0,0,0,0,0,0,0,0,0,0,0,0,0,0,0,0,,Matches
Kevin Mirallas\Kevin-Mirallas,be BEL,FWMF,Fiorentina,30,1987,14.4,2,0,0,16,25,4,43,3,11,0,0,0,79,7,11,38.9,Matches
Miranda\Miranda,br BRA,DF,Inter,33,1984,12.9,3,0,0,20,10,1,1,13,13,0,2,0,124,17,11,60.7,Matches
Antonio Mirante\Antonio-Mirante,it ITA,GK,Roma,35,1983,11,0,0,0,1,2,0,0,0,0,0,1,0,51,0,0,,Matches
Simone Missiroli\Simone-Missiroli,it ITA,MF,SPAL,32,1986,30.5,9,0,0,30,55,1,12,40,38,0,0,0,304,56,55,50.5,Matches
Cristian Molinaro\Cristian-Molinaro,it ITA,DFMF,Frosinone,35,1983,12.9,2,0,0,16,21,4,26,12,8,0,0,0,109,14,13,51.9,Matches
Gabriele Moncini\Gabriele-Moncini,it ITA,MF,SPAL,22,1996,0.1,0,0,0,0,0,0,0,0,0,0,0,0,0,0,0,,Matches
Cristóbal Montiel Rodríguez\Cristobal-Montiel-Rodriguez,es ESP,FW,Fiorentina,18,2000,0.1,0,0,0,0,0,0,0,0,0,0,0,0,2,0,1,0,Matches
Emiliano Moretti\Emiliano-Moretti,it ITA,DF,Torino,37,1981,22.3,5,0,0,27,23,0,3,19,20,0,0,0,222,34,21,61.8,Matches
Samuel Mráz\Samuel-Mraz,sk SVK,FW,Empoli,21,1997,1.9,0,0,0,1,0,0,0,0,0,0,0,0,6,2,4,33.3,Matches
Gianni Munari\Gianni-Munari,it ITA,MF,Parma,35,1983,0,0,0,0,1,0,0,0,0,0,0,0,0,0,1,0,100,Matches
Alessandro Murgia\Alessandro-Murgia,it ITA,MF,SPAL,21,1996,11.9,1,0,0,16,30,1,10,13,18,0,0,0,94,3,12,20,Matches
Alessandro Murgia\Alessandro-Murgia,it ITA,MF,Lazio,21,1996,0.1,0,0,0,0,1,0,0,0,1,0,0,0,1,1,0,100,Matches
Luis Muriel\Luis-Muriel,co COL,FW,Fiorentina,27,1991,16,1,0,0,21,15,3,25,6,10,0,0,0,87,12,30,28.6,Matches
Nicola Murru\Nicola-Murru,it ITA,DF,Sampdoria,23,1994,32.6,9,0,0,37,32,1,95,33,61,0,1,0,333,31,27,53.4,Matches
Mateo Musacchio\Mateo-Musacchio,ar ARG,DF,Milan,27,1990,29,2,0,0,28,17,2,1,16,18,1,1,0,225,32,32,50,Matches
Juan Musso\Juan-Musso,ar ARG,GK,Udinese,24,1994,29,4,0,0,1,6,0,0,0,0,0,1,0,132,0,0,,Matches
Ádám Nagy\Adam-Nagy,hu HUN,MF,Bologna,23,1995,10.8,3,1,1,10,8,0,5,16,22,0,0,0,128,3,7,30,Matches
Radja Nainggolan\Radja-Nainggolan,be BEL,MF,Inter,30,1988,21.9,3,0,0,32,26,2,37,7,29,0,0,0,183,14,20,41.2,Matches
Angelo Ndrecka\Angelo-Ndrecka,al ALB,DF,Chievo,16,2001,1,0,0,0,1,1,0,1,1,1,0,0,0,8,0,0,,Matches
Pedro Neto\Pedro-Neto,pt POR,FW,Lazio,18,2000,0.5,1,0,0,2,2,0,2,0,0,0,0,0,3,0,1,0,Matches
Hans Nicolussi Caviglia\Hans-Nicolussi-Caviglia,it ITA,MFFW,Juventus,18,2000,0.6,0,0,0,1,0,0,0,0,1,0,0,0,5,1,0,100,Matches
Dimitris Nikolaou\Dimitris-Nikolaou,gr GRE,DF,Empoli,19,1998,3.9,0,0,0,2,0,0,1,2,2,0,1,0,19,3,4,42.9,Matches
Nicolas Nkoulou\Nicolas-Nkoulou,cm CMR,DF,Torino,28,1990,35.7,7,1,1,36,29,1,0,55,25,0,0,0,378,76,31,71,Matches
Bram Nuytinck\Bram-Nuytinck,nl NED,DF,Udinese,28,1990,23.6,4,1,0,25,4,0,3,17,40,0,0,0,187,29,19,60.4,Matches
Steven Nzonzi\Steven-Nzonzi,fr FRA,MF,Roma,29,1988,29.1,7,0,0,33,15,0,8,23,45,0,0,0,314,92,33,73.6,Matches
Christian Nørgaard\Christian-Norgaard,dk DEN,MF,Fiorentina,24,1994,3.6,0,0,0,11,3,0,0,6,6,0,0,0,47,8,5,61.5,Matches
Dimitri Oberlin\Dimitri-Oberlin,ch SUI,FW,Empoli,20,1997,1.5,0,0,0,5,0,1,1,1,1,0,0,0,5,1,5,16.7,Matches
Joel Obi\Joel-Obi,ng NGA,MF,Chievo,27,1991,7.3,1,0,0,16,4,3,7,12,14,0,0,0,72,8,7,53.3,Matches
Jens Odgaard\Jens-Odgaard,dk DEN,FW,Sassuolo,19,1999,0.2,0,0,0,0,0,0,0,0,0,0,0,0,1,0,0,,Matches
Stefano Okaka\Stefano-Okaka,it ITA,FW,Udinese,28,1989,10.8,4,0,0,39,29,6,1,1,9,1,0,0,52,34,43,44.2,Matches
Orji Okwonkwo\Orji-Okwonkwo,ng NGA,FW,Bologna,20,1998,2.9,2,0,0,6,4,0,4,1,2,0,0,0,14,5,6,45.5,Matches
Robin Olsen\Robin-Olsen,se SWE,GK,Roma,28,1990,27,2,0,0,1,7,0,0,0,0,0,1,0,144,0,0,,Matches
Stephane Omeonga\Stephane-Omeonga,be BEL,MF,Genoa,22,1996,0.6,1,0,0,3,1,0,0,0,2,0,0,0,15,2,1,66.7,Matches
Nicholas Opoku\Nicholas-Opoku,gh GHA,DF,Udinese,20,1997,3.6,1,0,0,2,0,0,0,5,2,0,1,0,25,6,0,100,Matches
Riccardo Orsolini\Riccardo-Orsolini,it ITA,FWMF,Bologna,21,1997,21.8,2,0,0,24,53,15,72,14,22,0,0,0,153,39,43,47.6,Matches
David Ospina\David-Ospina,co COL,GK,Napoli,29,1988,16.2,0,0,0,0,4,0,0,0,0,0,0,0,60,0,0,,Matches
Adam Ounas\Adam-Ounas,dz ALG,MFFW,Napoli,21,1996,6,0,0,0,4,10,0,17,9,5,0,0,0,37,4,6,40,Matches
Simone Padoin\Simone-Padoin,it ITA,DFMF,Cagliari,34,1984,21.3,2,0,0,19,25,0,50,15,19,0,0,0,192,11,15,42.3,Matches
Luca Paganini\Luca-Paganini,it ITA,DFMF,Frosinone,25,1993,12.5,2,0,0,26,36,2,15,15,10,2,1,0,106,31,42,42.5,Matches
Marko Paja?\Marko-Pajac,hr CRO,DF,Empoli,25,1993,8.2,5,0,0,9,9,0,37,3,6,0,0,0,55,0,11,0,Matches
Marko Paja?\Marko-Pajac,hr CRO,DF,Cagliari,25,1993,1.1,0,0,0,2,0,0,7,1,0,0,0,0,10,1,2,33.3,Matches
Rodrigo Palacio\Rodrigo-Palacio,ar ARG,FW,Bologna,36,1982,25.9,6,0,0,22,65,25,82,5,13,1,0,0,132,29,46,38.7,Matches
Alberto Paloschi\Alberto-Paloschi,it ITA,FW,SPAL,28,1990,9.6,3,0,0,17,11,8,3,2,6,0,0,0,29,6,17,26.1,Matches
Goran Pandev\Goran-Pandev,mk MKD,FWMF,Genoa,35,1983,12.5,6,0,0,17,47,5,16,2,10,0,0,0,69,4,25,13.8,Matches
Lucas Paquetá\Lucas-Paqueta,br BRA,MF,Milan,20,1997,9.4,5,1,0,17,23,1,8,4,11,0,0,0,69,14,16,46.7,Matches
Vittorio Parigini\Vittorio-Parigini,it ITA,MFFW,Torino,22,1996,4.2,2,0,0,7,16,1,16,3,10,0,0,0,46,3,6,33.3,Matches
Marco Parolo\Marco-Parolo,it ITA,MF,Lazio,33,1985,28.5,7,0,0,43,17,3,41,19,42,0,0,0,252,58,41,58.6,Matches
Mario Pašali?\Mario-Pasalic,hr CRO,MFFW,Atalanta,23,1995,18,1,0,0,19,12,3,9,11,27,0,0,0,163,28,39,41.8,Matches
Manuel Pasqual\Manuel-Pasqual,it ITA,DFMF,Empoli,36,1982,14.9,2,0,0,13,11,0,92,9,15,0,0,0,108,2,13,13.3,Matches
Javier Pastore\Javier-Pastore,ar ARG,MF,Roma,29,1989,6.6,0,0,0,9,3,0,9,6,3,0,0,0,42,1,4,20,Matches
Patric\Patric,es ESP,DFMF,Lazio,25,1993,12.1,1,0,0,12,8,1,30,12,8,0,1,0,105,7,9,43.8,Matches
Leonardo Pavoletti\Leonardo-Pavoletti,it ITA,FW,Cagliari,29,1988,30.4,6,0,0,81,35,25,8,14,19,0,0,0,145,198,112,63.9,Matches
Nehuén Paz\Nehuen-Paz,ar ARG,DF,Bologna,25,1993,1.3,1,0,0,2,0,0,0,2,0,0,0,0,6,0,2,0,Matches
João Pedro\Joao-Pedro,br BRA,FWMF,Cagliari,26,1992,28.4,5,1,1,50,53,9,29,5,13,1,0,0,146,53,77,40.8,Matches
Gianluca Pegolo\Gianluca-Pegolo,it ITA,GK,Sassuolo,37,1981,2.3,1,0,0,0,0,0,0,0,0,0,0,0,14,0,0,,Matches
Lorenzo Pellegrini\Lorenzo-Pellegrini,it ITA,MF,Roma,22,1996,20.2,6,0,0,33,33,4,47,14,28,0,0,0,143,12,21,36.4,Matches
Luca Pellegrini\Luca-Pellegrini,it ITA,DF,Cagliari,19,1999,10.4,3,1,1,17,9,1,45,15,16,0,1,0,85,8,16,33.3,Matches
Luca Pellegrini\Luca-Pellegrini,it ITA,DF,Roma,19,1999,1.8,2,0,0,4,1,0,4,1,2,0,1,0,23,1,0,100,Matches
Sergio Pellissier\Sergio-Pellissier,it ITA,FW,Chievo,39,1979,10.6,1,0,0,12,24,14,5,1,2,0,0,0,37,18,31,36.7,Matches
Federico Peluso\Federico-Peluso,it ITA,DF,Sassuolo,34,1984,15.1,5,0,0,9,15,0,5,18,14,0,1,0,118,25,22,53.2,Matches
Pepín\Pepin,gq EQG,MF,Parma,21,1996,0.9,0,0,0,1,0,0,1,2,0,0,0,0,8,0,1,0,Matches
Pedro Pereira\Pedro-Pereira,pt POR,DFMF,Genoa,20,1998,15.4,1,0,0,19,10,0,44,11,20,0,0,0,106,12,21,36.4,Matches
Stipe Perica\Stipe-Perica,hr CRO,FW,Frosinone,23,1995,5.3,3,0,0,13,7,1,0,0,1,1,0,0,13,5,14,26.3,Matches
Mattia Perin\Mattia-Perin,it ITA,GK,Juventus,25,1992,9,1,0,0,0,2,0,0,0,0,0,0,0,29,0,0,,Matches
Ivan Periši?\Ivan-Perisic,hr CRO,FWMF,Inter,29,1989,30,5,0,0,28,13,10,178,20,19,0,0,0,200,45,52,46.4,Matches
Diego Perotti\Diego-Perotti,ar ARG,FWMF,Roma,30,1988,7.4,3,0,0,5,15,1,26,5,7,0,0,0,46,4,4,50,Matches
Matteo Pessina\Matteo-Pessina,it ITA,MF,Atalanta,21,1997,2.6,0,0,0,4,6,0,0,1,2,0,0,0,37,5,7,41.7,Matches
Andrea Petagna\Andrea-Petagna,it ITA,FW,SPAL,23,1995,33.7,8,0,0,44,47,6,29,5,10,1,0,0,125,29,53,35.4,Matches
Germán Pezzella\German-Pezzella,ar ARG,DF,Fiorentina,27,1991,31.7,5,0,0,32,28,0,2,36,49,0,0,1,361,100,42,70.4,Matches
Giuseppe Pezzella\Giuseppe-Pezzella,it ITA,DFMF,Udinese,20,1997,2,1,0,0,4,2,0,2,2,1,0,0,0,19,0,2,0,Matches
Giuseppe Pezzella\Giuseppe-Pezzella,it ITA,DF,Genoa,20,1997,1.2,0,1,0,3,1,1,4,1,0,0,0,0,9,0,0,,Matches
Krzysztof Pi?tek\Krzysztof-Piatek,pl POL,FW,Genoa,23,1995,17.7,5,0,0,31,35,11,15,3,6,1,0,0,70,27,47,36.5,Matches
Krzysztof Pi?tek\Krzysztof-Piatek,pl POL,FW,Milan,23,1995,15.3,0,0,0,30,21,12,4,3,5,1,0,0,36,20,36,35.7,Matches
Lucas Piazon\Lucas-Piazon,br BRA,MFFW,Chievo,24,1994,0.9,0,0,0,1,0,0,0,0,0,0,0,0,11,0,0,,Matches
Roberto Piccoli\Roberto-Piccoli,it ITA,FW,Atalanta,17,2001,0.5,0,0,0,0,0,0,1,0,0,0,0,0,2,5,5,50,Matches
Andrea Pinamonti\Andrea-Pinamonti,it ITA,FW,Frosinone,19,1999,18.1,2,0,0,30,31,8,13,4,8,0,0,0,79,39,84,31.7,Matches
Carlo Pinsoglio\Carlo-Pinsoglio,it ITA,GK,Juventus,28,1990,1,0,0,0,0,0,0,0,0,0,0,0,0,7,0,0,,Matches
Fabio Pisacane\Fabio-Pisacane,it ITA,DF,Cagliari,32,1986,25.2,6,0,0,27,19,0,1,17,25,0,0,0,305,43,39,52.4,Matches
Marko Pjaca\Marko-Pjaca,hr CRO,FWMF,Fiorentina,23,1995,8.3,1,0,0,10,16,0,15,4,8,0,0,0,55,8,11,42.1,Matches
Miralem Pjani?\Miralem-Pjanic,ba BIH,MF,Juventus,28,1990,25.3,6,1,1,37,21,0,33,33,18,0,0,0,248,5,18,21.7,Matches
Andrea Poli\Andrea-Poli,it ITA,MF,Bologna,28,1989,21.5,5,0,0,32,32,3,12,32,49,0,1,0,164,4,22,15.4,Matches
Matteo Politano\Matteo-Politano,it ITA,FWMF,Inter,24,1993,28.3,4,1,0,14,44,3,124,16,9,1,0,0,182,5,21,19.2,Matches
Giacomo Poluzzi\Giacomo-Poluzzi,it ITA,GK,SPAL,30,1988,0.1,0,0,0,0,0,0,0,0,0,0,0,0,1,0,0,,Matches
Manolo Portanova\Manolo-Portanova,it ITA,MF,Juventus,18,2000,0.4,1,0,0,1,0,0,1,2,1,0,0,0,2,0,1,0,Matches
Dennis Praet\Dennis-Praet,be BEL,MF,Sampdoria,24,1994,32.1,6,0,0,26,41,1,76,22,55,1,0,0,295,14,14,50,Matches
Silvio Proto\Silvio-Proto,be BEL,GK,Lazio,35,1983,2,1,0,0,0,1,0,0,0,0,0,0,0,4,0,0,,Matches
Ivan Provedel\Ivan-Provedel,it ITA,GK,Empoli,24,1994,16,0,0,0,1,5,0,0,0,0,0,1,0,71,0,0,,Matches
Manuel Pucciarelli\Manuel-Pucciarelli,it ITA,FW,Chievo,27,1991,3.4,1,0,0,7,5,0,1,0,2,0,0,0,20,3,6,33.3,Matches
Erick Pulgar\Erick-Pulgar,cl CHI,MF,Bologna,24,1994,26.2,6,1,0,31,34,0,38,46,53,0,0,1,369,41,23,64.1,Matches
Ignacio Pussetto\Ignacio-Pussetto,ar ARG,FWMF,Udinese,22,1995,24.2,8,0,0,53,57,22,22,24,51,2,0,0,147,80,103,43.7,Matches
Fabio Quagliarella\Fabio-Quagliarella,it ITA,FW,Sampdoria,35,1983,35.5,1,0,0,32,58,37,42,7,12,0,0,0,166,21,50,29.6,Matches
Ivan Radovanovi?\Ivan-Radovanovic,rs SRB,MF,Genoa,29,1988,14.2,3,0,0,20,20,0,3,12,18,0,0,0,191,36,15,70.6,Matches
Ivan Radovanovi?\Ivan-Radovanovic,rs SRB,MF,Chievo,29,1988,19,6,0,0,21,14,0,4,20,21,0,0,0,225,15,16,48.4,Matches
Ionu? Radu\Ionut-Radu,ro ROU,GK,Genoa,21,1997,33,0,0,0,0,2,0,0,0,0,0,0,0,152,0,0,,Matches
?tefan Radu\Stefan-Radu,ro ROU,DF,Lazio,31,1986,24.9,5,0,0,33,23,0,25,35,24,0,0,0,315,33,19,63.5,Matches
Gastón Ramírez\Gaston-Ramirez,uy URU,MFFW,Sampdoria,27,1990,17.5,7,1,1,40,36,2,27,12,17,1,0,0,120,21,43,32.8,Matches
Andrea Ranocchia\Andrea-Ranocchia,it ITA,DFMF,Inter,30,1988,0.7,1,0,0,4,0,0,0,0,1,0,0,0,4,5,7,41.7,Matches
Jacob Rasmussen\Jacob-Rasmussen,dk DEN,DFMF,Empoli,21,1997,11.3,3,0,0,8,5,0,1,6,11,0,0,0,143,22,17,56.4,Matches
Giacomo Raspadori\Giacomo-Raspadori,it ITA,DF,Sassuolo,18,2000,0,0,0,0,0,0,0,0,0,0,0,0,0,0,0,0,,Matches
Arkadiusz Reca\Arkadiusz-Reca,pl POL,DFFW,Atalanta,23,1995,0.5,0,0,0,1,2,0,4,1,1,0,0,0,7,2,1,66.7,Matches
Vasco Regini\Vasco-Regini,it ITA,DF,SPAL,27,1990,0.9,0,0,0,3,3,0,0,0,1,0,0,0,8,2,3,40,Matches
Pepe Reina\Pepe-Reina,es ESP,GK,Milan,35,1982,3.7,0,0,0,0,0,0,0,0,0,0,0,0,16,0,0,,Matches
Emiliano Rigoni\Emiliano-Rigoni,ar ARG,FWMF,Atalanta,25,1993,5.8,1,0,0,4,5,4,28,6,3,0,0,0,44,4,6,40,Matches
Luca Rigoni\Luca-Rigoni,it ITA,MF,Parma,33,1984,19.6,5,0,0,24,18,0,8,19,34,0,0,0,151,14,21,40,Matches
Nicola Rigoni\Nicola-Rigoni,it ITA,MF,Chievo,27,1990,21.7,9,1,1,47,19,2,11,22,34,0,0,0,237,35,26,57.4,Matches
Tomás Rincón\Tomas-Rincon,ve VEN,MF,Torino,30,1988,31.1,15,0,0,70,39,0,33,46,60,0,0,0,387,67,29,69.8,Matches
Alejandro Rodríguez\Alejandro-Rodriguez,es ESP,FW,Empoli,27,1991,0.3,0,0,0,2,0,0,0,0,0,0,0,0,2,1,2,33.3,Matches
Ricardo Rodríguez\Ricardo-Rodriguez,ch SUI,DF,Milan,25,1992,33.9,5,0,0,23,19,1,55,20,34,0,0,0,265,33,32,50.8,Matches
Marko Rog\Marko-Rog,hr CRO,MF,Napoli,23,1995,3.7,3,0,0,12,9,0,0,3,11,0,0,0,38,3,2,60,Matches
Rogério\Rogerio,br BRA,DFMF,Sassuolo,20,1998,29.7,9,1,0,28,28,2,80,24,34,0,0,0,257,20,34,37,Matches
Esteban Rolón\Esteban-Rolon,ar ARG,MF,Genoa,23,1995,11.6,9,0,0,28,17,0,6,20,21,0,0,0,123,5,22,18.5,Matches
Filippo Romagna\Filippo-Romagna,it ITA,DF,Cagliari,21,1997,16.4,2,0,0,8,14,0,1,11,8,0,1,0,154,29,20,59.2,Matches
Alessio Romagnoli\Alessio-Romagnoli,it ITA,DF,Milan,23,1995,31.6,6,1,0,23,14,4,1,24,26,0,0,1,263,70,26,72.9,Matches
Cristian Romero\Cristian-Romero,ar ARG,DF,Genoa,20,1998,26,11,2,1,37,21,0,0,28,40,1,1,0,258,50,41,54.9,Matches
Rômulo\Romulo,it ITA,DFMF,Lazio,31,1987,8.6,1,0,0,9,8,2,28,6,6,0,0,0,63,5,8,38.5,Matches
Rômulo\Romulo,it ITA,MFDF,Genoa,31,1987,15,1,1,1,19,19,4,44,11,14,0,0,0,123,2,6,25,Matches
Cristiano Ronaldo\Cristiano-Ronaldo,pt POR,FW,Juventus,33,1985,29.9,3,0,0,20,50,28,59,9,8,0,0,0,115,23,32,41.8,Matches
Marten de Roon\Marten-de-Roon,nl NED,MF,Atalanta,27,1991,33.1,8,0,0,62,14,1,25,36,68,0,0,0,424,42,37,53.2,Matches
Luca Rossettini\Luca-Rossettini,it ITA,DF,Chievo,33,1985,20.3,5,0,0,15,10,0,2,18,17,0,0,0,217,26,27,49.1,Matches
Francesco Rossi\Francesco-Rossi,it ITA,GK,Atalanta,27,1991,0,0,0,0,0,0,0,0,0,0,0,0,0,0,0,0,,Matches
Daniele Rugani\Daniele-Rugani,it ITA,DF,Juventus,24,1994,15,3,0,0,29,5,0,0,9,7,0,0,0,151,44,8,84.6,Matches
Mário Rui\Mario-Rui,pt POR,DF,Napoli,27,1991,15.7,5,1,1,17,17,3,55,18,12,0,0,0,139,4,6,40,Matches
Fabián Ruiz Peña\Fabian-Ruiz-Pena,es ESP,MFFW,Napoli,22,1996,22.1,3,1,1,11,22,3,25,15,41,0,0,0,208,10,17,37,Matches
Jacopo Sala\Jacopo-Sala,it ITA,DF,Sampdoria,26,1991,16.9,5,0,0,20,16,0,38,12,23,0,0,0,177,7,7,50,Matches
Bartosz Salamon\Bartosz-Salamon,pl POL,DF,Frosinone,27,1991,19.2,3,0,0,20,8,0,1,20,11,0,0,0,208,37,25,59.7,Matches
Paolo Sammarco\Paolo-Sammarco,it ITA,MF,Frosinone,35,1983,6.1,1,0,0,8,7,0,6,4,11,0,1,0,72,8,7,53.3,Matches
Antonio Sanabria\Antonio-Sanabria,py PAR,FW,Genoa,22,1996,8.5,1,0,0,19,15,2,2,3,4,1,0,0,33,29,36,44.6,Matches
Sandro\Sandro,br BRA,MF,Udinese,29,1989,6.6,5,0,0,23,11,0,0,9,19,0,1,1,80,13,10,56.5,Matches
Sandro\Sandro,br BRA,MF,Genoa,29,1989,7.9,3,0,0,21,11,2,0,11,24,0,1,0,113,17,17,50,Matches
Alex Sandro\Alex-Sandro,br BRA,DF,Juventus,27,1991,26.5,7,0,0,49,50,2,91,28,41,0,1,0,250,43,32,57.3,Matches
Nicola Sansone\Nicola-Sansone,it ITA,FW,Bologna,26,1991,12.7,4,1,1,26,29,4,30,4,19,1,0,0,81,7,18,28,Matches
Federico Santander\Federico-Santander,py PAR,FW,Bologna,27,1991,22.9,5,0,0,51,38,18,15,5,11,0,0,0,105,125,109,53.4,Matches
Davide Santon\Davide-Santon,it ITA,DF,Roma,27,1991,11.2,0,0,0,16,11,0,24,13,7,0,0,0,94,7,10,41.2,Matches
Samir Santos\Samir-Santos,br BRA,DF,Udinese,23,1994,20,7,0,0,39,26,2,14,26,30,0,0,0,153,50,19,72.5,Matches
Riccardo Saponara\Riccardo-Saponara,it ITA,MFFW,Sampdoria,26,1991,10.1,2,0,0,16,16,7,13,5,5,0,0,0,67,5,7,41.7,Matches
Marco Sau\Marco-Sau,it ITA,MFFW,Sampdoria,30,1987,0.6,0,0,0,1,3,0,2,0,0,1,0,0,7,1,0,100,Matches
Marco Sau\Marco-Sau,it ITA,FW,Cagliari,30,1987,6.2,4,0,0,9,8,4,8,3,7,0,0,0,19,1,8,11.1,Matches
Ezequiel Schelotto\Ezequiel-Schelotto,it ITA,DFMF,Chievo,29,1989,1.6,0,0,0,1,1,0,5,1,6,0,0,0,26,4,3,57.1,Matches
Nicolás Schiappacasse\Nicolas-Schiappacasse,uy URU,FW,Parma,19,1999,0.9,0,0,0,0,3,0,2,0,1,0,0,0,3,1,2,33.3,Matches
Pasquale Schiattarella\Pasquale-Schiattarella,it ITA,MF,SPAL,31,1987,20.5,10,0,0,34,51,1,29,18,33,0,0,0,197,12,7,63.2,Matches
Patrik Schick\Patrik-Schick,cz CZE,FW,Roma,22,1996,14.6,4,0,0,27,19,9,7,3,5,2,0,0,52,40,42,48.8,Matches
Matteo Scozzarella\Matteo-Scozzarella,it ITA,MF,Parma,30,1988,16.2,8,0,0,28,12,0,21,22,8,0,0,0,177,3,9,25,Matches
Simone Scuffet\Simone-Scuffet,it ITA,GK,Udinese,22,1996,9,0,0,0,0,1,0,0,0,0,0,0,0,39,0,0,,Matches
Andrea Seculin\Andrea-Seculin,it ITA,GK,Chievo,28,1990,1,0,0,0,0,0,0,0,0,0,0,0,0,4,0,0,,Matches
Adrian Šemper\Adrian-Semper,hr CRO,GK,Chievo,20,1998,6,0,0,0,0,1,0,0,0,0,0,0,0,39,0,0,,Matches
Stefano Sensi\Stefano-Sensi,it ITA,MF,Sassuolo,22,1995,21.9,8,0,0,25,68,1,19,25,34,1,0,0,227,12,17,41.4,Matches
Luigi Sepe\Luigi-Sepe,it ITA,GK,Parma,27,1991,37,1,0,0,0,4,0,0,0,0,0,0,1,154,0,0,,Matches
Leonardo Sernicola\Leonardo-Sernicola,it ITA,FW,Sassuolo,21,1997,0.1,0,0,0,0,0,0,0,0,0,0,0,0,0,1,1,50,Matches
Stephan El Shaarawy\Stephan-El-Shaarawy,it ITA,FW,Roma,25,1992,23.4,2,0,0,15,35,10,44,20,14,2,0,0,139,16,15,51.6,Matches
Francisco Sierralta\Francisco-Sierralta,cl CHI,DF,Parma,21,1997,3,2,0,0,7,3,0,1,4,7,0,0,1,15,15,3,83.3,Matches
Luca Siligardi\Luca-Siligardi,it ITA,FW,Parma,30,1988,18.2,2,0,0,12,25,2,37,18,16,2,0,0,119,14,24,36.8,Matches
Matheus Pereira da Silva\Matheus-Pereira-da-Silva,br BRA,MF,Juventus,20,1998,1,0,0,0,1,1,0,2,0,1,0,0,0,4,1,2,33.3,Matches
Matías Silvestre\Matias-Silvestre,ar ARG,DF,Empoli,33,1984,34,6,0,0,24,22,1,3,13,16,0,0,1,267,65,31,67.7,Matches
Giovanni Simeone\Giovanni-Simeone,ar ARG,FW,Fiorentina,23,1995,27.3,2,0,0,48,59,15,12,5,24,1,0,0,118,25,75,25,Matches
Lorenco Šimi?\Lorenco-Simic,hr CRO,DF,SPAL,22,1996,2.6,0,0,0,4,2,1,0,14,6,0,1,0,22,9,5,64.3,Matches
Salvatore Sirigu\Salvatore-Sirigu,it ITA,GK,Torino,31,1987,35.2,1,0,0,1,3,0,0,0,0,0,1,0,161,0,0,,Matches
?ukasz Skorupski\Lukasz-Skorupski,pl POL,GK,Bologna,27,1991,38,1,0,0,0,2,0,0,0,0,0,0,0,177,0,0,,Matches
Milan Škriniar\Milan-Skriniar,sk SVK,DF,Inter,23,1995,35,4,0,0,41,31,1,1,19,44,0,1,1,400,56,38,59.6,Matches
Cédric Soares\Cedric-Soares,pt POR,DF,Inter,26,1991,2.9,0,0,0,2,4,0,14,1,4,0,0,0,21,3,1,75,Matches
Danilo Soddimo\Danilo-Soddimo,it ITA,MF,Frosinone,30,1987,2.8,2,0,0,10,4,0,12,8,9,0,0,0,23,5,2,71.4,Matches
Roberto Soriano\Roberto-Soriano,it ITA,MF,Bologna,27,1991,16.5,5,0,0,27,17,2,13,4,18,1,0,0,114,13,26,33.3,Matches
Roberto Soriano\Roberto-Soriano,it ITA,MFFW,Torino,27,1991,5.2,1,0,0,14,10,3,11,6,8,0,0,0,43,5,5,50,Matches
Stefano Sorrentino\Stefano-Sorrentino,it ITA,GK,Chievo,39,1979,31,2,0,0,0,6,0,0,0,0,0,0,0,124,0,0,,Matches
Riccardo Sottil\Riccardo-Sottil,it ITA,FWMF,Fiorentina,19,1999,0.2,0,0,0,0,0,0,0,0,1,0,0,0,2,0,0,,Matches
Leonardo Spinazzola\Leonardo-Spinazzola,it ITA,DF,Juventus,25,1993,6.7,0,0,0,3,2,1,28,2,5,0,0,0,55,7,4,63.6,Matches
Nicolás Spolli\Nicolas-Spolli,ar ARG,DF,Genoa,35,1983,6,2,0,0,8,4,0,0,7,4,0,0,1,58,1,1,50,Matches
Marco Sportiello\Marco-Sportiello,it ITA,GK,Frosinone,26,1992,35,5,0,0,0,5,0,0,0,0,0,0,0,198,0,0,,Matches
Mattia Sprocati\Mattia-Sprocati,it ITA,FWMF,Parma,25,1993,7.2,0,0,0,5,21,0,9,6,3,0,0,0,47,4,7,36.4,Matches
Darijo Srna\Darijo-Srna,hr CRO,DF,Cagliari,36,1982,23.2,5,1,0,22,71,0,82,23,16,0,0,0,212,29,20,59.2,Matches
Mariusz St?pi?ski\Mariusz-Stepinski,pl POL,FW,Chievo,23,1995,27.5,5,0,0,61,56,24,20,6,17,1,0,0,107,42,87,32.6,Matches
Thomas Strakosha\Thomas-Strakosha,al ALB,GK,Lazio,23,1995,35,4,0,0,0,6,0,0,0,0,0,0,0,195,0,0,,Matches
Kevin Strootman\Kevin-Strootman,nl NED,MF,Roma,28,1990,1,0,0,0,1,0,0,0,1,1,0,0,0,6,1,1,50,Matches
Jens Stryger Larsen\Jens-Stryger-Larsen,dk DEN,DFMF,Udinese,27,1991,35.9,6,0,0,14,14,3,51,19,23,0,0,0,261,18,21,46.2,Matches
Leo Štulac\Leo-Stulac,si SVN,MF,Parma,23,1994,16.1,3,1,0,13,29,1,15,16,16,0,0,0,157,7,10,41.2,Matches
Stefano Sturaro\Stefano-Sturaro,it ITA,MF,Genoa,25,1993,2.4,0,1,0,5,6,0,4,3,4,0,0,0,24,2,7,22.2,Matches
Suso\Suso,es ESP,FWMF,Milan,24,1993,33.5,9,1,1,31,80,6,161,20,24,0,0,0,171,3,13,18.8,Matches
Mattias Svanberg\Mattias-Svanberg,se SWE,MF,Bologna,19,1999,13.1,2,0,0,27,33,1,8,11,12,0,0,0,93,9,15,37.5,Matches
Wojciech Szcz?sny\Wojciech-Szczesny,pl POL,GK,Juventus,28,1990,28,0,0,0,0,1,0,0,0,0,0,0,0,118,0,0,,Matches
Strahinja Tanasijevi?\Strahinja-Tanasijevic,rs SRB,DF,Chievo,21,1997,0.2,2,1,1,2,0,0,0,0,0,0,0,0,0,0,1,0,Matches
Júnior Tavares\Junior-Tavares,br BRA,DF,Sampdoria,21,1996,2,1,0,0,4,4,0,4,1,1,0,0,0,31,3,0,100,Matches
?ukasz Teodorczyk\Lukasz-Teodorczyk,pl POL,FWMF,Udinese,27,1991,4.4,1,0,0,20,8,4,5,2,3,0,0,0,16,11,22,33.3,Matches
Hidde ter Avest\Hidde-ter-Avest,nl NED,DFMF,Udinese,21,1997,10.8,0,0,0,5,6,0,18,9,19,0,0,0,88,7,13,35,Matches
Pietro Terracciano\Pietro-Terracciano,it ITA,GK,Fiorentina,28,1990,2,0,0,0,0,1,0,0,0,0,0,0,0,18,0,0,,Matches
Pietro Terracciano\Pietro-Terracciano,it ITA,GK,Empoli,28,1990,8,0,0,0,0,0,0,0,0,0,0,0,0,29,0,0,,Matches
Cyril Théréau\Cyril-Thereau,fr FRA,FW,Fiorentina,35,1983,0.3,1,0,0,1,0,0,0,0,0,0,0,0,1,0,1,0,Matches
Cyril Théréau\Cyril-Thereau,fr FRA,FWMF,Cagliari,35,1983,1.5,0,0,0,2,2,0,0,0,2,0,0,0,8,6,13,31.6,Matches
Rafael Tolói\Rafael-Toloi,it ITA,DF,Atalanta,27,1990,19.4,1,1,0,10,14,1,9,31,26,0,1,1,209,16,19,45.7,Matches
Nenad Tomovi?\Nenad-Tomovic,rs SRB,DF,Chievo,30,1987,8.2,1,0,0,9,7,0,8,11,7,0,0,0,80,10,11,47.6,Matches
Lorenzo Tonelli\Lorenzo-Tonelli,it ITA,DF,Sampdoria,28,1990,18.4,6,0,0,24,36,0,0,15,17,0,1,1,189,41,19,68.3,Matches
William Troost-Ekong\William-Troost-Ekong,ng NGA,DF,Udinese,24,1993,34,4,0,0,28,11,1,2,28,14,0,1,0,269,83,39,68,Matches
Marcello Trotta\Marcello-Trotta,it ITA,FW,Frosinone,25,1992,4.4,0,0,0,8,3,3,4,3,6,0,0,0,23,3,12,20,Matches
Marcello Trotta\Marcello-Trotta,it ITA,FW,Sassuolo,25,1992,0.1,0,0,0,0,0,0,0,0,0,0,0,0,1,0,0,,Matches
Marco Tumminello\Marco-Tumminello,it ITA,FWDF,Atalanta,19,1998,0.1,1,0,0,2,1,0,0,0,0,0,0,0,2,0,1,0,Matches
Salih Uçan\Salih-Ucan,tr TUR,MFDF,Empoli,24,1994,2.9,1,0,0,5,1,0,8,4,6,0,0,0,32,2,8,20,Matches
Cengiz Ünder\Cengiz-Under,tr TUR,FW,Roma,21,1997,15.3,1,0,0,9,28,4,50,15,5,0,1,0,79,6,6,50,Matches
Joel Untersee\Joel-Untersee,ch SUI,DF,Empoli,24,1994,1.4,0,0,0,2,2,0,1,0,0,0,0,0,15,1,0,100,Matches
Mirko Valdifiori\Mirko-Valdifiori,it ITA,MF,SPAL,32,1986,7.4,3,0,0,14,8,0,5,4,17,0,0,0,59,4,3,57.1,Matches
Borja Valero\Borja-Valero,es ESP,MF,Inter,33,1985,13.7,4,0,0,20,23,0,10,18,16,0,0,0,135,4,10,28.6,Matches
Mattia Valoti\Mattia-Valoti,it ITA,MF,SPAL,24,1993,13.6,6,0,0,34,29,0,14,17,25,0,0,0,84,22,16,57.9,Matches
Luca Valzania\Luca-Valzania,it ITA,MFFW,Atalanta,22,1996,0.8,0,0,0,0,0,0,0,1,3,0,0,0,8,3,0,100,Matches
Luca Valzania\Luca-Valzania,it ITA,MF,Frosinone,22,1996,10,4,0,0,13,18,0,6,18,13,0,0,0,88,8,10,44.4,Matches
Matías Vecino\Matias-Vecino,uy URU,MF,Inter,26,1991,22.4,8,0,0,42,29,4,22,20,33,0,0,0,208,48,44,52.2,Matches
Miguel Veloso\Miguel-Veloso,pt POR,MF,Genoa,32,1986,14,7,0,0,30,6,0,22,14,24,0,0,0,196,14,14,50,Matches
Francesco Verde\Francesco-Verde,it ITA,FW,Cagliari,19,1999,0.1,0,0,0,1,1,0,0,0,1,0,0,0,1,1,0,100,Matches
Simone Verdi\Simone-Verdi,it ITA,MFFW,Napoli,26,1992,7.8,0,0,0,14,9,1,13,5,10,0,0,0,43,0,5,0,Matches
Jordan Veretout\Jordan-Veretout,fr FRA,MF,Fiorentina,25,1993,32.7,12,1,0,51,38,1,41,44,41,0,0,0,427,16,33,32.7,Matches
Freddie Veseli\Freddie-Veseli,al ALB,DF,Empoli,25,1992,28.2,4,0,0,36,11,2,14,22,23,0,0,0,219,10,15,40,Matches
Francesco Vicari\Francesco-Vicari,it ITA,DF,SPAL,23,1994,25.9,6,0,0,16,13,0,3,22,26,0,0,0,215,40,25,61.5,Matches
Ronaldo Vieira\Ronaldo-Vieira,gw GNB,MF,Sampdoria,20,1998,6.7,3,0,0,19,6,0,2,3,15,0,0,0,76,11,16,40.7,Matches
Emanuel Vignato\Emanuel-Vignato,it ITA,MF,Chievo,17,2000,7.3,0,0,0,2,5,0,12,9,5,0,0,0,49,2,7,22.2,Matches
Federico Viviani\Federico-Viviani,it ITA,MF,Frosinone,26,1992,3.7,1,0,0,4,5,0,2,10,6,0,0,0,37,2,3,40,Matches
Emiliano Viviano\Emiliano-Viviano,it ITA,GK,SPAL,32,1985,16.9,0,0,0,0,2,0,0,0,0,0,0,0,74,0,0,,Matches
Felipe Vizeu\Felipe-Vizeu,br BRA,FWDF,Udinese,21,1997,0.4,0,0,0,1,0,0,1,0,0,0,0,0,4,1,0,100,Matches
Dušan Vlahovi?\Dusan-Vlahovic,rs SRB,FWMF,Fiorentina,18,2000,1.8,0,0,0,5,2,0,4,0,0,0,0,0,11,2,7,22.2,Matches
Rai Vloet\Rai-Vloet,nl NED,FWDF,Frosinone,23,1995,1.4,0,0,0,3,3,0,3,0,2,0,0,0,9,1,3,25,Matches
Stefan de Vrij\Stefan-de-Vrij,nl NED,DF,Inter,26,1992,28,2,0,0,13,12,0,2,16,18,0,0,1,300,31,32,49.2,Matches
Šime Vrsaljko\Sime-Vrsaljko,hr CRO,DF,Inter,26,1992,8.1,2,0,0,9,10,1,36,11,7,0,0,0,76,11,6,64.7,Matches
Molla Wagué\Molla-Wague,ml MLI,DF,Udinese,27,1991,1.1,0,0,0,1,1,0,0,0,1,0,0,0,20,1,1,50,Matches
Wallace\Wallace,br BRA,DF,Lazio,23,1994,13.7,3,0,0,17,11,0,3,29,6,0,0,1,148,16,14,53.3,Matches
Ben Wilmot\Ben-Wilmot,eng ENG,DFMF,Udinese,18,1999,2.2,1,0,0,2,2,0,0,2,1,0,0,0,16,2,0,100,Matches
Amin Younes\Amin-Younes,de GER,FWMF,Napoli,24,1993,5.5,1,0,0,15,15,2,7,1,9,0,0,0,26,1,2,33.3,Matches
Miha Zajc\Miha-Zajc,si SVN,FWMF,Empoli,24,1994,13,2,1,1,17,11,5,14,6,1,0,0,0,85,3,10,23.1,Matches
Francesco Zampano\Francesco-Zampano,it ITA,DFMF,Frosinone,24,1993,23.4,1,0,0,32,26,5,62,18,30,0,1,0,180,9,15,37.5,Matches
Nicolò Zaniolo\Nicolo-Zaniolo,it ITA,MFFW,Roma,19,1999,19.6,8,0,0,46,33,2,24,16,26,0,0,0,135,8,25,24.2,Matches
Cristián Zapata\Cristian-Zapata,co COL,DF,Milan,31,1986,11.4,4,0,0,9,8,0,2,6,10,0,0,0,99,22,11,66.7,Matches
Duván Zapata\Duvan-Zapata,co COL,FW,Atalanta,27,1991,32.2,5,0,0,59,80,31,34,9,10,0,0,0,135,45,76,37.2,Matches
Simone Zaza\Simone-Zaza,it ITA,FW,Torino,27,1991,16,8,1,0,46,28,15,12,3,9,0,0,0,75,38,55,40.9,Matches
Marvin Zeegelaar\Marvin-Zeegelaar,nl NED,DF,Udinese,27,1990,10.6,6,1,1,18,7,1,9,21,23,0,0,0,65,15,16,48.4,Matches
Piotr Zieli?ski\Piotr-Zielinski,pl POL,MFFW,Napoli,24,1994,31.9,6,0,0,28,29,3,47,19,34,0,0,0,253,12,27,30.8,Matches
Ervin Zukanovi?\Ervin-Zukanovic,ba BIH,DF,Genoa,31,1987,21.8,5,0,0,21,12,0,15,25,22,0,0,0,221,41,24,63.1,Matches
Filip ?or?evi?\Filip-Djordjevic,rs SRB,FW,Chievo,30,1987,7,1,0,0,13,13,6,3,3,11,0,1,0,26,22,39,36.1,Matches
Filip ?uri?i?\Filip-Djuricic,rs SRB,FWMF,Sassuolo,26,1992,13.9,2,1,0,23,37,7,6,9,12,1,0,0,92,8,17,32,Matches
