Player,Nation,Pos,Squad,Age,Born,90s,CrdY,CrdR,2CrdY,Fls,Fld,Off,Crs,Int,TklW,PKwon,PKcon,OG,Recov,Won,Lost,Won%,Matches
Patrick van Aanholt\Patrick-van-Aanholt,nl NED,DF,Crystal Palace,27,1990,35.5,3,0,0,12,14,11,54,36,32,0,0,0,331,9,10,47.4,Matches
Sergio Agüero\Sergio-Aguero,ar ARG,FW,Manchester City,30,1988,27.3,4,0,0,22,25,26,15,7,14,0,0,0,129,11,14,44,Matches
Nathan Aké\Nathan-Ake,nl NED,DF,Bournemouth,23,1995,37.9,3,0,0,28,21,2,8,27,37,1,1,0,353,75,46,62,Matches
Marc Albrighton\Marc-Albrighton,eng ENG,FWMF,Leicester City,28,1989,18.1,3,0,0,10,20,2,81,23,23,0,0,0,157,9,12,42.9,Matches
Toby Alderweireld\Toby-Alderweireld,be BEL,DF,Tottenham,29,1989,32.5,3,0,0,10,2,1,3,20,23,0,1,1,356,33,36,47.8,Matches
Trent Alexander-Arnold\Trent-Alexander-Arnold,eng ENG,DF,Liverpool,19,1998,27.4,3,0,0,14,8,4,111,33,28,0,0,0,290,6,15,28.6,Matches
Alisson\Alisson,br BRA,GK,Liverpool,25,1992,38,1,0,0,0,1,0,0,0,0,0,0,0,223,1,0,100,Matches
Dele Alli\Dele-Alli,eng ENG,MFFW,Tottenham,22,1996,20.3,4,0,0,23,20,3,17,16,26,0,0,0,180,11,18,37.9,Matches
Miguel Almirón\Miguel-Almiron,py PAR,FWMF,Newcastle Utd,24,1994,8.4,0,0,0,6,17,4,19,4,11,0,0,0,84,4,8,33.3,Matches
Marcos Alonso\Marcos-Alonso,es ESP,DF,Chelsea,27,1990,30.7,6,0,0,28,37,2,77,31,38,2,1,0,353,56,36,60.9,Matches
Daniel Amartey\Daniel-Amartey,gh GHA,DF,Leicester City,23,1994,7.1,2,0,0,6,1,1,4,11,8,0,1,0,92,10,3,76.9,Matches
Luke Amos\Luke-Amos,eng ENG,MF,Tottenham,21,1997,0,0,0,0,0,0,0,0,0,1,0,0,0,1,0,0,,Matches
Felipe Anderson\Felipe-Anderson,br BRA,FWMF,West Ham,25,1993,33.8,3,0,0,27,53,5,76,38,44,0,1,0,295,5,18,21.7,Matches
Florin Andone\Florin-Andone,ro ROU,FW,Brighton,25,1993,9.8,5,0,0,28,20,4,9,1,9,0,0,0,53,28,62,31.1,Matches
Michail Antonio\Michail-Antonio,eng ENG,FWMF,West Ham,28,1990,23.4,3,0,0,35,44,10,45,13,22,2,0,0,154,58,72,44.6,Matches
Stuart Armstrong\Stuart-Armstrong,sco SCO,MFFW,Southampton,26,1992,15.9,2,0,0,19,21,3,13,12,14,0,1,0,125,13,16,44.8,Matches
Marko Arnautovi?\Marko-Arnautovic,at AUT,FW,West Ham,29,1989,22.1,3,0,0,31,12,21,28,2,6,0,1,0,79,11,20,35.5,Matches
Kepa Arrizabalaga\Kepa-Arrizabalaga,es ESP,GK,Chelsea,23,1994,36,2,0,0,0,4,0,0,0,0,0,0,0,162,0,0,,Matches
Harry Arter\Harry-Arter,ie IRL,MF,Cardiff City,28,1989,22.2,10,0,0,25,14,2,14,20,40,0,0,0,228,5,12,29.4,Matches
Christian Atsu\Christian-Atsu,gh GHA,MFFW,Newcastle Utd,26,1992,16.6,2,0,0,14,25,4,30,3,16,0,0,0,127,6,47,11.3,Matches
Pierre-Emerick Aubameyang\Pierre-Emerick-Aubameyang,ga GAB,FW,Arsenal,29,1989,30.3,0,0,0,13,23,23,42,5,12,1,0,0,100,23,58,28.4,Matches
Serge Aurier\Serge-Aurier,ci CIV,DFMF,Tottenham,25,1992,6.3,1,0,0,17,2,1,17,7,12,0,0,0,72,9,9,50,Matches
Charlie Austin\Charlie-Austin,eng ENG,FW,Southampton,29,1989,10.9,1,0,0,14,18,9,2,3,5,0,0,0,50,27,51,34.6,Matches
Jordan Ayew\Jordan-Ayew,gh GHA,FW,Crystal Palace,26,1991,13.1,3,0,0,32,25,9,10,7,28,0,0,0,58,28,67,29.5,Matches
Floyd Ayité\Floyd-Ayite,tg TOG,FWMF,Fulham,29,1988,5.3,0,0,0,6,7,4,5,5,6,0,0,0,47,5,5,50,Matches
César Azpilicueta\Cesar-Azpilicueta,es ESP,DF,Chelsea,28,1989,37.8,4,0,0,40,15,2,91,35,56,1,1,0,411,46,37,55.4,Matches
Ryan Babel\Ryan-Babel,nl NED,FW,Fulham,31,1986,13.9,3,0,0,15,16,9,17,11,7,0,0,0,66,9,14,39.1,Matches
Juninho Bacuna\Juninho-Bacuna,cw CUW,MFDF,Huddersfield,20,1997,15.7,4,0,0,34,22,1,13,28,26,0,1,0,184,16,19,45.7,Matches
Leandro Bacuna\Leandro-Bacuna,cw CUW,MFDF,Cardiff City,26,1991,6.2,2,0,0,13,3,0,4,13,9,0,0,0,77,6,6,50,Matches
Eric Bailly\Eric-Bailly,ci CIV,DF,Manchester Utd,24,1994,7.1,0,1,0,5,5,0,1,8,7,0,1,0,70,11,3,78.6,Matches
Leighton Baines\Leighton-Baines,eng ENG,DF,Everton,33,1984,4.2,0,0,0,2,1,1,8,3,4,0,1,0,31,1,2,33.3,Matches
Fabián Balbuena\Fabian-Balbuena,py PAR,DF,West Ham,26,1991,22.4,2,0,0,19,5,0,0,38,27,0,1,0,222,48,47,50.5,Matches
Leon Balogun\Leon-Balogun,ng NGA,DF,Brighton,30,1988,6.6,2,0,0,5,2,1,0,8,7,0,1,0,61,13,5,72.2,Matches
Sol Bamba\Sol-Bamba,ci CIV,DF,Cardiff City,33,1985,27.5,7,0,0,35,13,3,3,64,34,0,1,0,315,76,27,73.8,Matches
Phil Bardsley\Phil-Bardsley,sco SCO,DF,Burnley,33,1985,18.6,9,0,0,22,11,0,22,25,19,0,0,1,189,32,19,62.7,Matches
Ross Barkley\Ross-Barkley,eng ENG,MF,Chelsea,24,1993,13.8,1,0,0,14,27,0,12,10,11,0,0,0,136,15,5,75,Matches
Ashley Barnes\Ashley-Barnes,eng ENG,FW,Burnley,28,1989,26.5,8,0,0,53,65,23,13,4,14,1,0,1,134,74,182,28.9,Matches
Harvey Barnes\Harvey-Barnes,eng ENG,FWMF,Leicester City,20,1997,11.2,0,0,0,7,7,2,29,1,4,0,0,0,65,4,6,40,Matches
Antonio Barreca\Antonio-Barreca,it ITA,DF,Newcastle Utd,23,1995,0.1,0,0,0,0,0,0,0,0,0,0,0,0,0,0,0,,Matches
Michy Batshuayi\Michy-Batshuayi,be BEL,FW,Crystal Palace,24,1993,8.3,0,0,0,7,2,13,3,5,1,0,0,0,50,10,25,28.6,Matches
Jan Bednarek\Jan-Bednarek,pl POL,DF,Southampton,22,1996,23.9,7,0,0,22,7,0,1,52,28,0,0,0,286,69,52,57,Matches
Asmir Begovi?\Asmir-Begovic,ba BIH,GK,Bournemouth,31,1987,24,0,0,0,0,3,0,0,0,0,0,0,0,117,0,0,,Matches
Héctor Bellerín\Hector-Bellerin,es ESP,DF,Arsenal,23,1995,17,3,0,0,16,7,2,39,11,9,0,0,1,153,14,16,46.7,Matches
Joe Bennett\Joe-Bennett,eng ENG,DF,Cardiff City,28,1990,29.3,5,0,0,21,35,1,26,37,27,0,0,0,296,25,11,69.4,Matches
Ryan Bennett\Ryan-Bennett,eng ENG,DF,Wolves,28,1990,34,12,0,0,37,11,1,4,24,36,0,2,0,328,84,62,57.5,Matches
Christian Benteke\Christian-Benteke,be BEL,FW,Crystal Palace,27,1990,9,1,0,0,18,9,10,2,0,4,0,0,0,38,74,47,61.2,Matches
Jóhann Berg Guðmundsson\Johann-Berg-Gudmundsson,is ISL,MFFW,Burnley,27,1990,19.5,2,0,0,10,22,2,65,27,14,0,0,0,145,16,21,43.2,Matches
Bernard\Bernard,br BRA,FWMF,Everton,25,1992,23.5,5,0,0,17,27,2,44,31,32,0,0,0,199,2,11,15.4,Matches
Bernardo\Bernardo,br BRA,DF,Brighton,23,1995,19.5,4,0,0,18,24,2,23,34,39,0,0,0,214,38,27,58.5,Matches
Ryan Bertrand\Ryan-Bertrand,eng ENG,DF,Southampton,28,1989,24,8,0,0,27,22,0,51,26,19,0,0,0,205,30,30,50,Matches
Marcus Bettinelli\Marcus-Bettinelli,eng ENG,GK,Fulham,26,1992,7,1,0,0,0,1,0,0,0,0,0,0,0,32,0,0,,Matches
Philip Billing\Philip-Billing,dk DEN,MF,Huddersfield,22,1996,24.3,7,0,0,38,30,2,74,55,44,0,0,0,319,78,19,80.4,Matches
Yves Bissouma\Yves-Bissouma,ml MLI,MF,Brighton,21,1996,19.7,5,0,0,40,25,2,5,20,40,0,0,0,181,17,27,38.6,Matches
Willy Boly\Willy-Boly,ci CIV,DF,Wolves,27,1991,35.2,2,1,0,29,14,3,0,43,45,0,0,0,386,122,43,73.9,Matches
Léo Bonatini\Leo-Bonatini,br BRA,FW,Wolves,24,1994,1.5,0,0,0,0,0,0,3,0,2,0,0,0,12,0,2,0,Matches
Gaëtan Bong\Gaetan-Bong,cm CMR,DF,Brighton,30,1988,20.1,0,0,0,11,4,0,32,16,15,0,1,0,197,13,18,41.9,Matches
Artur Boruc\Artur-Boruc,pl POL,GK,Bournemouth,38,1980,12,2,0,0,0,0,0,0,0,0,0,0,0,61,0,0,,Matches
Robbie Brady\Robbie-Brady,ie IRL,MFFW,Burnley,26,1992,8,3,1,0,12,4,0,27,8,8,0,0,0,71,7,5,58.3,Matches
Miguel Britos\Miguel-Britos,uy URU,DF,Watford,33,1985,2.1,0,0,0,3,1,0,1,1,1,0,0,0,21,2,0,100,Matches
David Brooks\David-Brooks,wal WAL,MFFW,Bournemouth,21,1997,25.1,3,0,0,15,46,2,21,22,22,0,0,0,165,6,26,18.8,Matches
Bruno\Bruno,es ESP,DF,Brighton,37,1980,12.6,2,0,0,4,9,3,13,7,19,0,0,0,97,11,6,64.7,Matches
Joe Bryan\Joe-Bryan,eng ENG,DF,Fulham,24,1993,26.1,5,0,0,25,28,2,71,30,39,0,0,0,233,26,22,54.2,Matches
David Button\David-Button,eng ENG,GK,Brighton,29,1989,4,0,0,0,0,0,0,0,0,0,0,0,0,17,0,0,,Matches
Willy Caballero\Willy-Caballero,ar ARG,GK,Chelsea,36,1981,2,0,0,0,0,0,0,0,0,0,0,0,0,3,0,0,,Matches
Gary Cahill\Gary-Cahill,eng ENG,DF,Chelsea,32,1985,0.3,0,0,0,0,0,0,0,0,0,0,0,0,5,0,0,,Matches
Tom Cairney\Tom-Cairney,sco SCO,MFFW,Fulham,27,1991,24.4,0,0,0,11,40,0,19,15,30,0,0,0,185,6,11,35.3,Matches
Dominic Calvert-Lewin\Dominic-Calvert-Lewin,eng ENG,FW,Everton,21,1997,19.8,3,0,0,34,32,6,17,9,8,1,0,0,86,86,118,42.2,Matches
Rafael Camacho\Rafael-Camacho,pt POR,DF,Liverpool,18,2000,0,0,0,0,0,0,0,0,0,0,0,0,0,0,0,0,,Matches
Víctor Camarasa\Victor-Camarasa,es ESP,MF,Cardiff City,24,1994,28.5,6,0,0,25,29,1,42,23,16,0,0,0,272,13,34,27.7,Matches
Étienne Capoue\Etienne-Capoue,fr FRA,MF,Watford,30,1988,32.7,14,1,0,47,58,0,8,62,67,0,0,0,466,57,29,66.3,Matches
Andy Carroll\Andy-Carroll,eng ENG,FW,West Ham,29,1989,5.1,2,0,0,11,8,3,2,2,1,0,0,0,25,31,29,51.7,Matches
Jonny Castro\Jonny-Castro,es ESP,DFMF,Wolves,24,1994,30.8,6,0,0,23,34,5,37,51,41,1,0,0,264,26,37,41.3,Matches
Craig Cathcart\Craig-Cathcart,nir NIR,DF,Watford,29,1989,34.4,2,0,0,18,8,1,2,25,30,0,0,2,381,67,54,55.4,Matches
Ivan Cavaleiro\Ivan-Cavaleiro,pt POR,FWMF,Wolves,24,1993,7.7,1,0,0,13,5,6,33,6,5,0,1,0,48,10,17,37,Matches
Petr ?ech\Petr-Cech,cz CZE,GK,Arsenal,36,1982,6.5,0,0,0,0,2,0,0,0,0,0,0,0,31,0,0,,Matches
Nathaniel Chalobah\Nathaniel-Chalobah,eng ENG,MFFW,Watford,23,1994,3,2,0,0,5,3,0,0,4,2,0,0,0,43,6,3,66.7,Matches
Calum Chambers\Calum-Chambers,eng ENG,MFDF,Fulham,23,1995,28.8,9,0,0,35,4,0,13,53,42,0,0,0,390,54,40,57.4,Matches
Ben Chilwell\Ben-Chilwell,eng ENG,DF,Leicester City,21,1996,36,4,0,0,32,44,2,109,34,36,0,0,0,348,86,58,59.7,Matches
Tahith Chong\Tahith-Chong,nl NED,FW,Manchester Utd,18,1999,0.4,0,0,0,0,2,0,0,0,0,0,0,0,2,0,0,,Matches
Hamza Choudhury\Hamza-Choudhury,eng ENG,MF,Leicester City,20,1997,6.6,0,0,0,7,2,0,2,15,8,0,0,0,56,3,6,33.3,Matches
Andreas Christensen\Andreas-Christensen,dk DEN,DF,Chelsea,22,1996,6.9,1,0,0,8,4,0,0,6,4,0,0,0,86,16,14,53.3,Matches
Cyrus Christie\Cyrus-Christie,ie IRL,DF,Fulham,25,1992,21.6,7,0,0,29,13,2,67,23,23,0,1,0,199,47,28,62.7,Matches
Ibrahima Cissé\Ibrahima-Cisse,gn GUI,MFFW,Fulham,24,1994,1,0,0,0,1,0,0,0,4,0,0,0,0,12,1,0,100,Matches
Ciaran Clark\Ciaran-Clark,ie IRL,DF,Newcastle Utd,28,1989,9.5,1,0,0,6,6,0,1,10,10,0,0,0,106,27,19,58.7,Matches
Tom Cleverley\Tom-Cleverley,eng ENG,MFFW,Watford,28,1989,5.3,2,0,0,8,4,1,1,4,14,0,0,0,58,4,9,30.8,Matches
Nathaniel Clyne\Nathaniel-Clyne,eng ENG,DF,Bournemouth,27,1991,12.7,2,0,0,9,3,0,12,12,13,0,0,0,119,9,7,56.3,Matches
Nathaniel Clyne\Nathaniel-Clyne,eng ENG,DF,Liverpool,27,1991,1.2,0,0,0,0,2,0,3,1,1,0,0,0,9,0,0,,Matches
Conor Coady\Conor-Coady,eng ENG,DF,Wolves,25,1993,38,5,0,0,11,11,0,0,24,16,0,0,3,357,28,14,66.7,Matches
Joel Coleman\Joel-Coleman,eng ENG,GK,Huddersfield,22,1995,1,0,0,0,0,0,0,0,0,0,0,0,0,9,0,0,,Matches
Séamus Coleman\Seamus-Coleman,ie IRL,DF,Everton,29,1988,28.4,1,0,0,22,20,3,74,25,32,0,1,1,317,32,28,53.3,Matches
Lewis Cook\Lewis-Cook,eng ENG,MF,Bournemouth,21,1997,8,2,0,0,12,5,0,8,6,8,0,0,0,97,4,7,36.4,Matches
Steve Cook\Steve-Cook,eng ENG,DF,Bournemouth,27,1991,31,3,0,0,18,27,1,14,28,21,0,1,1,343,97,52,65.1,Matches
Jack Cork\Jack-Cork,eng ENG,MF,Burnley,29,1989,36.8,6,0,0,32,37,4,10,29,27,0,0,0,423,39,60,39.4,Matches
Hélder Costa\Helder-Costa,pt POR,FWMF,Wolves,24,1994,14.9,3,0,0,20,24,6,37,8,14,0,0,0,92,4,24,14.3,Matches
Aaron Cresswell\Aaron-Cresswell,eng ENG,DF,West Ham,28,1989,17.7,1,0,0,2,12,1,46,15,15,0,0,0,167,19,14,57.6,Matches
Peter Crouch\Peter-Crouch,eng ENG,FW,Burnley,37,1981,1,1,0,0,3,0,0,0,0,0,0,0,0,2,16,7,69.6,Matches
Greg Cunningham\Greg-Cunningham,ie IRL,DF,Cardiff City,27,1991,7,3,0,0,8,13,0,9,9,7,0,0,0,64,5,5,50,Matches
Diogo Dalot\Diogo-Dalot,pt POR,DFMF,Manchester Utd,19,1999,11.3,3,0,0,12,2,2,38,9,13,0,1,0,105,18,3,85.7,Matches
Matty Daly\Matty-Daly,eng ENG,MF,Huddersfield,17,2001,0.8,0,0,0,0,0,0,0,0,0,0,0,0,2,1,1,50,Matches
Loïc Damour\Loic-Damour,fr FRA,MF,Cardiff City,27,1991,0.3,0,0,0,0,0,0,0,0,0,0,0,0,3,1,0,100,Matches
Charlie Daniels\Charlie-Daniels,eng ENG,DF,Bournemouth,31,1986,17.6,4,0,0,8,7,0,26,16,16,0,0,0,195,21,16,56.8,Matches
Danilo\Danilo,br BRA,DF,Manchester City,27,1991,9,1,0,0,10,8,0,10,12,9,0,0,0,115,16,10,61.5,Matches
Scott Dann\Scott-Dann,eng ENG,DF,Crystal Palace,31,1987,7.4,1,0,0,4,0,0,1,2,1,0,0,0,62,22,15,59.5,Matches
Matteo Darmian\Matteo-Darmian,it ITA,DF,Manchester Utd,28,1989,4.9,0,0,0,3,4,1,3,6,6,0,0,0,34,1,3,25,Matches
Ben Davies\Ben-Davies,wal WAL,DF,Tottenham,25,1993,20.5,2,0,0,18,14,0,33,13,24,0,0,0,211,40,27,59.7,Matches
Tom Davies\Tom-Davies,eng ENG,MF,Everton,20,1998,10.9,3,0,0,21,17,1,2,12,13,0,0,0,125,7,10,41.2,Matches
Steven Davis\Steven-Davis,nir NIR,MF,Southampton,33,1985,1.1,0,0,0,2,0,1,1,1,3,0,0,0,14,0,0,,Matches
Kevin De Bruyne\Kevin-De-Bruyne,be BEL,MF,Manchester City,27,1991,10.8,2,0,0,10,15,1,47,5,16,0,0,0,91,7,9,43.8,Matches
Troy Deeney\Troy-Deeney,eng ENG,FW,Watford,30,1988,28.3,4,1,0,42,36,13,14,10,19,0,0,0,149,159,190,45.6,Matches
Jermain Defoe\Jermain-Defoe,eng ENG,DFFW,Bournemouth,35,1982,0.3,0,0,0,0,0,0,0,0,0,0,0,0,0,0,1,0,Matches
Steven Defour\Steven-Defour,be BEL,MF,Burnley,30,1988,5,0,0,0,1,2,0,3,7,4,0,0,0,56,0,3,0,Matches
Fabian Delph\Fabian-Delph,eng ENG,DF,Manchester City,28,1989,8.1,1,1,0,6,7,0,4,10,7,0,0,0,85,7,9,43.8,Matches
Mousa Dembélé\Mousa-Dembele,be BEL,MF,Tottenham,31,1987,5.7,1,0,0,12,4,0,0,7,9,0,0,0,65,6,1,85.7,Matches
Leander Dendoncker\Leander-Dendoncker,be BEL,MF,Wolves,23,1995,16.3,1,0,0,11,11,1,8,16,35,0,0,0,150,45,39,53.6,Matches
Laurent Depoitre\Laurent-Depoitre,be BEL,FW,Huddersfield,29,1988,11.9,1,0,0,19,10,7,4,6,9,0,0,0,44,51,64,44.3,Matches
Gerard Deulofeu\Gerard-Deulofeu,es ESP,FW,Watford,24,1994,23,3,0,0,14,13,34,52,18,8,0,0,0,140,2,14,12.5,Matches
Fousseni Diabaté\Fousseni-Diabate,ml MLI,FW,Leicester City,22,1995,0.6,0,0,0,0,1,1,2,1,3,0,0,0,3,2,2,50,Matches
Adama Diakhaby\Adama-Diakhaby,fr FRA,FWMF,Huddersfield,22,1996,6.1,1,0,0,7,9,2,14,1,3,0,0,0,33,2,15,11.8,Matches
Mohamed Diamé\Mohamed-Diame,sn SEN,MF,Newcastle Utd,31,1987,24.1,3,0,0,36,20,0,9,31,48,0,0,0,228,21,42,33.3,Matches
Grady Diangana\Grady-Diangana,eng ENG,FWMF,West Ham,20,1998,6.8,0,0,0,4,10,1,7,0,10,0,0,0,60,6,14,30,Matches
Eric Dier\Eric-Dier,eng ENG,MF,Tottenham,24,1994,16.7,4,0,0,24,9,0,6,7,12,0,0,0,172,27,25,51.9,Matches
Lucas Digne\Lucas-Digne,fr FRA,DF,Everton,25,1993,32.9,5,1,0,39,33,2,158,45,45,0,0,1,386,73,35,67.6,Matches
Virgil van Dijk\Virgil-van-Dijk,nl NED,DF,Liverpool,27,1991,37.6,1,0,0,12,22,1,7,31,25,0,1,0,528,148,35,80.9,Matches
Issa Diop\Issa-Diop,fr FRA,DF,West Ham,21,1997,33,4,0,0,19,17,3,0,48,34,0,0,1,304,65,31,67.7,Matches
Matt Doherty\Matt-Doherty,ie IRL,DFMF,Wolves,26,1992,34.9,5,0,0,30,21,3,71,32,33,1,0,1,310,98,83,54.1,Matches
Abdoulaye Doucouré\Abdoulaye-Doucoure,fr FRA,MF,Watford,25,1993,34,7,0,0,37,14,2,24,36,48,0,0,1,465,30,32,48.4,Matches
Luke Dreher\Luke-Dreher,eng ENG,MF,Crystal Palace,19,1998,0,0,0,0,0,0,0,0,0,0,0,0,0,0,0,1,0,Matches
Martin Dúbravka\Martin-Dubravka,sk SVK,GK,Newcastle Utd,29,1989,38,1,0,0,1,5,0,0,0,0,0,0,0,195,0,0,,Matches
Shane Duffy\Shane-Duffy,ie IRL,DF,Brighton,26,1992,34.3,4,1,0,23,10,4,5,19,20,0,2,0,355,155,47,76.7,Matches
Demeaco Duhaney\Demeaco-Duhaney,eng ENG,DF,Huddersfield,19,1998,0.5,0,0,0,0,2,0,1,0,1,0,0,0,6,0,1,0,Matches
Paul Dummett\Paul-Dummett,wal WAL,DF,Newcastle Utd,26,1991,22.1,1,0,0,11,10,1,16,28,16,0,0,0,222,44,20,68.8,Matches
Lewis Dunk\Lewis-Dunk,eng ENG,DF,Brighton,26,1991,35,6,1,1,22,15,0,7,32,32,0,0,0,376,79,40,66.4,Matches
Erik Durm\Erik-Durm,de GER,DF,Huddersfield,26,1992,22.8,0,0,0,13,22,1,53,28,28,0,0,0,223,15,27,35.7,Matches
Bruno Ecuele Manga\Bruno-Ecuele-Manga,ga GAB,DF,Cardiff City,30,1988,37.5,0,0,0,15,11,1,15,52,43,0,2,0,460,72,38,65.5,Matches
Ederson\Ederson,br BRA,GK,Manchester City,24,1993,38,2,0,0,2,3,0,0,0,1,0,2,0,152,0,0,,Matches
Harvey Elliot\Harvey-Elliot,eng ENG,MF,Fulham,15,2003,0.2,0,0,0,0,0,0,1,0,0,0,0,0,2,0,0,,Matches
Mohamed Elneny\Mohamed-Elneny,eg EGY,MF,Arsenal,26,1992,4.2,0,0,0,1,0,1,1,0,5,0,0,0,38,2,6,25,Matches
Mohamed Elyounoussi\Mohamed-Elyounoussi,no NOR,MFFW,Southampton,23,1994,8.8,0,0,0,10,13,2,14,4,11,0,0,0,67,6,11,35.3,Matches
Christian Eriksen\Christian-Eriksen,dk DEN,MFFW,Tottenham,26,1992,30.8,3,0,0,17,16,2,58,11,27,0,0,0,297,6,30,16.7,Matches
Neil Etheridge\Neil-Etheridge,ph PHI,GK,Cardiff City,28,1990,38,2,0,0,0,5,0,0,0,0,0,0,0,220,0,0,,Matches
Jonny Evans\Jonny-Evans,nir NIR,DF,Leicester City,30,1988,22.2,2,0,0,21,17,0,1,42,17,0,1,0,236,55,23,70.5,Matches
?ukasz Fabia?ski\Lukasz-Fabianski,pl POL,GK,West Ham,33,1985,38,0,0,0,0,6,0,0,0,0,0,0,0,201,0,0,,Matches
Fabinho\Fabinho,br BRA,MF,Liverpool,24,1993,22.4,6,0,0,30,30,0,10,22,34,0,0,0,278,48,32,60,Matches
Cesc Fàbregas\Cesc-Fabregas,es ESP,MF,Chelsea,31,1987,2,1,0,0,1,3,0,0,2,9,0,0,0,13,3,3,50,Matches
Fabricio\Fabricio,es ESP,GK,Fulham,30,1987,2,0,0,0,0,1,0,0,0,0,0,0,0,10,0,0,,Matches
Marouane Fellaini\Marouane-Fellaini,be BEL,MF,Manchester Utd,30,1987,8.4,1,0,0,15,9,2,4,4,15,1,0,0,80,24,14,63.2,Matches
Kiko Femenía\Kiko-Femenia,es ESP,DF,Watford,27,1991,22.8,1,0,0,12,14,3,58,31,30,0,1,0,186,6,14,30,Matches
Federico Fernández\Federico-Fernandez,ar ARG,DF,Newcastle Utd,29,1989,16.5,2,0,0,12,7,1,5,27,16,0,0,0,161,28,19,59.6,Matches
Fernandinho\Fernandinho,br BRA,MF,Manchester City,33,1985,26.4,5,0,0,40,27,2,6,30,50,0,1,0,321,49,45,52.1,Matches
Roberto Firmino\Roberto-Firmino,br BRA,FWMF,Liverpool,26,1991,29,0,0,0,40,11,9,24,9,29,0,0,0,167,21,57,26.9,Matches
Phil Foden\Phil-Foden,eng ENG,MF,Manchester City,18,2000,3.7,0,0,0,4,5,0,5,2,7,0,0,0,31,1,5,16.7,Matches
Fraser Forster\Fraser-Forster,eng ENG,GK,Southampton,30,1988,1,0,0,0,0,0,0,0,0,0,0,0,0,2,0,0,,Matches
Ben Foster\Ben-Foster,eng ENG,GK,Watford,35,1983,38,1,0,0,2,9,0,0,0,0,0,2,0,202,0,0,,Matches
Timothy Fosu-Mensah\Timothy-Fosu-Mensah,nl NED,DF,Fulham,20,1998,8.8,3,0,0,7,1,0,10,8,7,0,1,1,60,3,8,27.3,Matches
Juan Foyth\Juan-Foyth,ar ARG,DF,Tottenham,20,1998,9.9,3,1,0,16,9,0,6,10,21,0,2,0,101,22,15,59.5,Matches
Simon Francis\Simon-Francis,eng ENG,DF,Bournemouth,33,1985,13.7,1,0,0,10,8,3,37,18,13,0,0,0,143,34,27,55.7,Matches
Ryan Fraser\Ryan-Fraser,sco SCO,MFFW,Bournemouth,24,1994,35.2,2,0,0,6,67,10,156,13,6,1,0,0,215,8,21,27.6,Matches
Fred\Fred,br BRA,MF,Manchester Utd,25,1993,11.6,2,0,0,25,18,1,6,15,25,0,1,0,141,3,12,20,Matches
Ryan Fredericks\Ryan-Fredericks,eng ENG,DF,West Ham,25,1992,12.1,5,0,0,9,10,1,20,7,17,0,1,0,99,17,9,65.4,Matches
Christian Fuchs\Christian-Fuchs,at AUT,DF,Leicester City,32,1986,2.3,0,0,0,3,2,0,14,3,2,0,0,0,29,2,2,50,Matches
Manolo Gabbiadini\Manolo-Gabbiadini,it ITA,FWMF,Southampton,26,1991,5.3,0,0,0,9,8,1,3,4,2,0,0,0,28,5,19,20.8,Matches
Sam Gallagher\Sam-Gallagher,eng ENG,FW,Southampton,22,1995,0.4,0,0,0,4,1,0,0,0,0,0,0,0,2,2,9,18.2,Matches
Idrissa Gana Gueye\Idrissa-Gana-Gueye,sn SEN,MF,Everton,28,1989,31.4,6,0,0,54,38,0,7,53,97,0,1,0,447,24,29,45.3,Matches
James Garner\James-Garner,eng ENG,MF,Manchester Utd,17,2001,0,0,0,0,0,0,0,0,0,0,0,0,0,1,0,0,,Matches
Paulo Gazzaniga\Paulo-Gazzaniga,ar ARG,GK,Tottenham,26,1992,3,0,0,0,0,0,0,0,0,0,0,0,0,11,0,0,,Matches
David de Gea\David-de-Gea,es ESP,GK,Manchester Utd,27,1990,38,1,0,0,1,4,0,0,0,1,0,0,0,166,0,0,,Matches
Rachid Ghezzal\Rachid-Ghezzal,dz ALG,FWMF,Leicester City,26,1992,8.3,3,0,0,13,8,0,24,9,9,0,0,0,74,5,9,35.7,Matches
Morgan Gibbs-White\Morgan-Gibbs-White,eng ENG,MFFW,Wolves,18,2000,7.4,1,0,0,8,6,2,7,1,2,0,0,0,61,8,12,40,Matches
Ben Gibson\Ben-Gibson,eng ENG,DF,Burnley,25,1993,0.7,1,0,0,2,0,0,0,0,2,0,0,0,10,3,1,75,Matches
Olivier Giroud\Olivier-Giroud,fr FRA,FW,Chelsea,31,1986,9.4,1,0,0,12,6,6,0,3,2,0,0,0,22,27,15,64.3,Matches
André Gomes\Andre-Gomes,pt POR,MF,Everton,25,1993,22,7,0,0,49,27,0,18,21,32,0,0,0,266,31,25,55.4,Matches
Angel Gomes\Angel-Gomes,eng ENG,MFFW,Manchester Utd,17,2000,0.3,0,0,0,0,0,0,0,0,0,0,0,0,3,0,0,,Matches
Joe Gomez\Joe-Gomez,eng ENG,DF,Liverpool,21,1997,11.8,2,0,0,12,9,0,9,17,11,0,0,0,141,17,10,63,Matches
Jon Gorenc Stankovi?\Jon-Gorenc-Stankovic,si SVN,MFDF,Huddersfield,22,1996,7.9,2,0,0,9,12,0,1,4,15,0,0,0,76,16,15,51.6,Matches
Dan Gosling\Dan-Gosling,eng ENG,MF,Bournemouth,28,1990,19.3,8,0,0,29,24,2,4,17,25,0,0,0,226,19,28,40.4,Matches
Karlan Grant\Karlan-Grant,eng ENG,FWMF,Huddersfield,20,1997,9.7,0,0,0,8,8,4,8,3,1,1,0,0,52,6,37,14,Matches
Andre Gray\Andre-Gray,jm JAM,FW,Watford,27,1991,15.2,2,0,0,12,9,16,9,3,3,0,0,0,49,11,43,20.4,Matches
Demarai Gray\Demarai-Gray,eng ENG,FWMF,Leicester City,22,1996,22.1,2,0,0,15,16,3,38,12,13,0,0,0,137,8,19,29.6,Matches
Mason Greenwood\Mason-Greenwood,eng ENG,FW,Manchester Utd,16,2001,1.3,0,0,0,0,1,2,3,0,1,0,0,0,9,0,1,0,Matches
Pascal Groß\Pascal-Gross,de GER,MF,Brighton,27,1991,20.7,1,0,0,12,14,5,65,9,15,1,1,0,151,4,25,13.8,Matches
Vicente Guaita\Vicente-Guaita,es ESP,GK,Crystal Palace,31,1987,19.5,2,0,0,1,6,0,0,0,0,0,1,0,99,0,0,,Matches
Mattéo Guendouzi\Matteo-Guendouzi,fr FRA,MF,Arsenal,19,1999,23.9,9,0,0,25,62,0,11,26,25,0,0,0,272,16,14,53.3,Matches
?lkay Gündo?an\Ilkay-Gundogan,de GER,MF,Manchester City,27,1990,23.7,3,0,0,14,23,0,28,21,10,0,0,0,239,17,18,48.6,Matches
Angus Gunn\Angus-Gunn,eng ENG,GK,Southampton,22,1996,12,0,0,0,0,2,0,0,0,0,0,0,0,44,0,0,,Matches
Aron Gunnarsson\Aron-Gunnarsson,is ISL,MF,Cardiff City,29,1989,25.2,5,0,0,27,30,0,50,34,48,0,0,0,348,38,28,57.6,Matches
Florent Hadergjonaj\Florent-Hadergjonaj,xk KVX,DFMF,Huddersfield,24,1994,20.5,1,0,0,12,19,2,68,17,11,0,1,0,183,15,13,53.6,Matches
Ben Hamer\Ben-Hamer,eng ENG,GK,Huddersfield,30,1987,6.1,0,0,0,0,1,0,0,0,0,0,0,0,38,0,0,,Matches
Kadeem Harris\Kadeem-Harris,eng ENG,MFFW,Cardiff City,25,1993,4.2,1,0,0,4,5,1,14,1,2,0,0,0,24,5,4,55.6,Matches
Joe Hart\Joe-Hart,eng ENG,GK,Burnley,31,1987,19,0,0,0,0,0,0,0,0,0,0,0,0,96,0,0,,Matches
Isaac Hayden\Isaac-Hayden,eng ENG,MF,Newcastle Utd,23,1995,20.7,3,1,0,32,14,0,9,34,43,0,0,0,225,34,30,53.1,Matches
Eden Hazard\Eden-Hazard,be BEL,FW,Chelsea,27,1991,32.5,2,0,0,12,104,11,82,13,6,1,0,0,173,14,20,41.2,Matches
Rhys Healey\Rhys-Healey,wal WAL,FWMF,Cardiff City,23,1994,0.6,0,0,0,1,1,0,4,0,0,0,0,0,2,1,1,50,Matches
Tom Heaton\Tom-Heaton,eng ENG,GK,Burnley,32,1986,19,3,0,0,1,2,0,0,0,0,0,0,0,87,0,0,,Matches
Jordan Henderson\Jordan-Henderson,eng ENG,MF,Liverpool,28,1990,22.1,2,1,1,26,12,2,31,22,37,0,0,0,278,16,16,50,Matches
Jeff Hendrick\Jeff-Hendrick,ie IRL,MFFW,Burnley,26,1992,22.9,4,0,0,18,13,9,27,15,25,0,1,0,185,12,24,33.3,Matches
Wayne Hennessey\Wayne-Hennessey,wal WAL,GK,Crystal Palace,31,1987,17.5,0,0,0,0,1,0,0,0,0,0,0,0,86,0,0,,Matches
Javier Hernández\Javier-Hernandez,mx MEX,FW,West Ham,30,1988,14.8,2,0,0,9,34,12,8,5,2,2,0,0,46,5,16,23.8,Matches
Ander Herrera\Ander-Herrera,es ESP,MF,Manchester Utd,28,1989,15.6,4,0,0,21,20,0,7,36,37,0,1,0,156,4,9,30.8,Matches
Son Heung-min\Son-Heung-min,kr KOR,FWMF,Tottenham,26,1992,22.7,2,1,0,11,19,22,25,11,7,1,0,0,129,5,23,17.9,Matches
Gonzalo Higuaín\Gonzalo-Higuain,ar ARG,FW,Chelsea,30,1987,12.1,0,0,0,6,2,11,4,0,5,0,0,0,39,4,13,23.5,Matches
Wesley Hoedt\Wesley-Hoedt,nl NED,DF,Southampton,24,1994,13,2,0,0,15,14,0,3,15,11,0,0,2,170,16,14,53.3,Matches
Jonathan Hogg\Jonathan-Hogg,eng ENG,MF,Huddersfield,29,1988,26.3,8,1,0,58,35,1,7,58,60,0,0,0,452,23,26,46.9,Matches
Junior Hoilett\Junior-Hoilett,ca CAN,FWMF,Cardiff City,28,1990,23.8,4,0,0,35,38,8,45,22,24,1,0,0,189,13,43,23.2,Matches
Rob Holding\Rob-Holding,eng ENG,DF,Arsenal,22,1995,9,1,0,0,6,2,0,0,8,10,0,0,0,93,17,6,73.9,Matches
José Holebas\Jose-Holebas,gr GRE,DF,Watford,34,1984,26.6,12,1,0,34,15,2,91,21,45,0,0,0,293,44,31,58.7,Matches
Mason Holgate\Mason-Holgate,eng ENG,DF,Everton,21,1996,4.5,1,0,0,2,7,1,0,2,2,0,0,0,65,7,9,43.8,Matches
Callum Hudson-Odoi\Callum-Hudson-Odoi,eng ENG,FW,Chelsea,17,2000,4.4,0,0,0,1,6,3,20,3,6,0,0,0,22,0,2,0,Matches
Will Hughes\Will-Hughes,eng ENG,MFFW,Watford,23,1995,26.9,5,0,0,54,71,0,21,22,42,0,0,0,254,19,27,41.3,Matches
Emerson Hyndman\Emerson-Hyndman,us USA,MF,Bournemouth,22,1996,0.4,0,0,0,0,0,0,0,0,2,0,0,0,3,0,1,0,Matches
Pierre Højbjerg\Pierre-Hojbjerg,dk DEN,MF,Southampton,22,1995,30.7,8,2,1,50,47,0,19,58,64,0,0,0,441,30,24,55.6,Matches
Jordon Ibe\Jordon-Ibe,eng ENG,MFFW,Bournemouth,22,1995,8.9,1,0,0,8,10,0,22,0,3,0,0,0,59,1,5,16.7,Matches
Vicente Iborra\Vicente-Iborra,es ESP,MF,Leicester City,30,1988,2.5,0,0,0,6,1,0,1,5,4,0,0,0,28,6,2,75,Matches
Kelechi Iheanacho\Kelechi-Iheanacho,ng NGA,FWMF,Leicester City,21,1996,10.5,2,0,0,14,7,8,7,0,6,1,0,0,51,9,24,27.3,Matches
Danny Ings\Danny-Ings,eng ENG,FW,Southampton,26,1992,18.3,1,0,0,16,22,6,17,11,16,3,0,0,82,14,32,30.4,Matches
Alex Iwobi\Alex-Iwobi,ng NGA,FWMF,Arsenal,22,1996,21.9,0,0,0,8,13,2,66,13,17,0,0,0,126,3,15,16.7,Matches
José Izquierdo\Jose-Izquierdo,co COL,MFFW,Brighton,26,1992,8.8,1,0,0,6,6,4,7,5,8,1,0,0,68,4,11,26.7,Matches
Phil Jagielka\Phil-Jagielka,eng ENG,DFMF,Everton,35,1982,3.7,0,1,0,2,3,0,0,1,5,0,0,0,45,11,12,47.8,Matches
Alireza Jahanbakhsh\Alireza-Jahanbakhsh,ir IRN,FWMF,Brighton,24,1993,11.3,2,0,0,19,8,6,16,8,24,0,1,0,87,8,14,36.4,Matches
Daryl Janmaat\Daryl-Janmaat,nl NED,DF,Watford,29,1989,16.9,3,0,0,16,1,1,56,20,16,0,0,0,196,9,8,52.9,Matches
Vincent Janssen\Vincent-Janssen,nl NED,FW,Tottenham,24,1994,0.4,0,0,0,2,0,1,0,0,0,0,0,0,2,2,2,50,Matches
Carl Jenkinson\Carl-Jenkinson,eng ENG,DF,Arsenal,26,1992,1.8,0,0,0,1,0,0,2,0,3,0,0,0,12,1,1,50,Matches
Gabriel Jesus\Gabriel-Jesus,br BRA,FW,Manchester City,21,1997,11.5,1,0,0,12,18,15,6,5,6,0,0,0,57,6,28,17.6,Matches
Raúl Jiménez\Raul-Jimenez,mx MEX,FW,Wolves,27,1991,34.6,4,0,0,41,39,33,39,22,17,1,0,0,194,49,73,40.2,Matches
Stefan Johansen\Stefan-Johansen,no NOR,MF,Fulham,27,1991,4.6,4,0,0,6,2,0,4,3,5,0,0,0,53,1,2,33.3,Matches
Ben Johnson\Ben-Johnson,eng ENG,DF,West Ham,18,2000,0.7,0,0,0,0,0,0,0,2,1,0,0,0,1,0,0,,Matches
Tyreke Johnson\Tyreke-Johnson,eng ENG,FW,Southampton,19,1998,0,0,0,0,0,0,0,0,0,0,0,0,0,0,0,0,,Matches
Phil Jones\Phil-Jones,eng ENG,DF,Manchester Utd,26,1992,14,1,0,0,8,10,0,2,20,18,0,0,0,154,35,16,68.6,Matches
Jorginho\Jorginho,it ITA,MF,Chelsea,26,1991,35.1,8,0,0,33,22,0,4,43,55,0,0,0,426,8,17,32,Matches
Joselu\Joselu,es ESP,FW,Newcastle Utd,28,1990,6.6,1,0,0,5,7,4,4,1,7,0,0,0,35,23,28,45.1,Matches
Diogo Jota\Diogo-Jota,pt POR,FWMF,Wolves,21,1996,26.2,11,0,0,42,55,6,46,10,19,0,0,0,167,16,45,26.2,Matches
Mathias Jørgensen\Mathias-Jorgensen,dk DEN,DF,Huddersfield,28,1990,23.9,6,0,0,33,14,0,0,46,22,0,1,0,287,28,34,45.2,Matches
Christian Kabasele\Christian-Kabasele,be BEL,DF,Watford,27,1991,17.6,4,1,1,23,14,0,0,17,18,0,1,0,175,46,25,64.8,Matches
Elias Kachunga\Elias-Kachunga,cd COD,FWMF,Huddersfield,26,1992,13.1,2,0,0,24,21,9,13,8,9,0,1,0,74,16,21,43.2,Matches
Aboubakar Kamara\Aboubakar-Kamara,mr MTN,FWMF,Fulham,23,1995,7.7,2,0,0,24,4,7,17,2,8,1,0,0,57,11,11,50,Matches
Harry Kane\Harry-Kane,eng ENG,FW,Tottenham,25,1993,26.9,5,0,0,31,52,10,21,4,7,1,0,0,88,34,54,38.6,Matches
N'Golo Kanté\NGolo-Kante,fr FRA,MF,Chelsea,27,1991,34.4,3,0,0,35,15,6,23,43,61,0,0,0,356,17,33,34,Matches
Beram Kayal\Beram-Kayal,il ISR,MF,Brighton,30,1988,10.4,4,0,0,18,7,0,6,8,27,0,1,0,98,11,19,36.7,Matches
Michael Keane\Michael-Keane,eng ENG,DF,Everton,25,1993,33,2,0,0,23,7,0,4,34,27,0,0,0,416,167,88,65.5,Matches
Neeskens Kebano\Neeskens-Kebano,cd COD,FWMF,Fulham,26,1992,1.2,0,0,0,0,1,0,2,1,2,0,0,0,6,4,2,66.7,Matches
Naby Keïta\Naby-Keita,gn GUI,MF,Liverpool,23,1995,15.4,0,0,0,24,16,0,6,9,20,0,0,0,142,8,15,34.8,Matches
Martin Kelly\Martin-Kelly,eng ENG,DF,Crystal Palace,28,1990,12.3,2,0,0,6,1,0,0,10,14,0,0,1,85,29,22,56.9,Matches
Kenedy\Kenedy,br BRA,MFFW,Newcastle Utd,22,1996,15,1,0,0,18,22,5,19,22,23,0,0,0,164,6,11,35.3,Matches
Jonjoe Kenny\Jonjoe-Kenny,eng ENG,DF,Everton,21,1997,8.8,1,0,0,10,1,0,15,7,12,0,0,0,108,19,8,70.4,Matches
Max Kilman\Max-Kilman,eng ENG,DF,Wolves,21,1997,0,0,0,0,0,0,0,0,0,0,0,0,0,0,0,0,,Matches
Joshua King\Joshua-King,no NOR,FW,Bournemouth,26,1992,32.9,3,0,0,52,45,7,49,7,25,2,0,0,194,52,78,40,Matches
Anthony Knockaert\Anthony-Knockaert,fr FRA,FWMF,Brighton,26,1991,20.4,4,1,0,23,20,3,50,20,17,0,0,0,154,11,7,61.1,Matches
Sead Kolašinac\Sead-Kolasinac,ba BIH,DF,Arsenal,25,1993,21,5,0,0,21,10,11,50,16,18,1,1,1,186,13,23,36.1,Matches
Vincent Kompany\Vincent-Kompany,be BEL,DF,Manchester City,32,1986,13.6,6,0,0,17,0,1,1,9,9,0,0,0,143,30,12,71.4,Matches
Terence Kongolo\Terence-Kongolo,nl NED,DF,Huddersfield,24,1994,30.2,4,0,0,20,26,2,19,57,45,0,1,1,246,45,27,62.5,Matches
Laurent Koscielny\Laurent-Koscielny,fr FRA,DF,Arsenal,32,1985,14.8,1,0,0,11,15,0,1,21,10,0,0,0,140,26,26,50,Matches
Cheikhou Kouyaté\Cheikhou-Kouyate,sn SEN,MF,Crystal Palace,28,1989,21.1,3,0,0,35,17,4,10,18,34,1,0,0,241,52,57,47.7,Matches
Mateo Kova?i?\Mateo-Kovacic,hr CRO,MF,Chelsea,24,1994,19.3,3,0,0,19,33,0,11,10,34,0,0,0,142,7,5,58.3,Matches
Rajiv van La Parra\Rajiv-van-La-Parra,nl NED,MFFW,Huddersfield,27,1991,4.5,0,0,0,4,14,0,5,2,6,0,0,0,27,3,4,42.9,Matches
Alexandre Lacazette\Alexandre-Lacazette,fr FRA,FW,Arsenal,27,1991,27.8,2,0,0,51,54,24,29,11,28,1,0,0,104,29,71,29,Matches
Adam Lallana\Adam-Lallana,eng ENG,MFFW,Liverpool,30,1988,5.2,1,0,0,4,11,0,5,4,11,0,0,0,39,8,10,44.4,Matches
Érik Lamela\Erik-Lamela,ar ARG,FWMF,Tottenham,26,1992,10.8,2,0,0,23,18,1,12,5,15,0,0,0,76,5,7,41.7,Matches
Manuel Lanzini\Manuel-Lanzini,ar ARG,MF,West Ham,25,1993,7.6,2,0,0,5,7,0,7,5,9,1,0,0,50,0,9,0,Matches
Aymeric Laporte\Aymeric-Laporte,fr FRA,DF,Manchester City,24,1994,34,3,0,0,22,18,2,7,23,27,0,0,0,352,60,32,65.2,Matches
Jamaal Lascelles\Jamaal-Lascelles,eng ENG,DF,Newcastle Utd,24,1993,30.5,4,0,0,16,9,1,0,30,16,0,0,0,375,64,36,64,Matches
Maxime Le Marchand\Maxime-Le-Marchand,fr FRA,DF,Fulham,28,1989,25,5,0,0,28,7,3,11,38,30,0,1,0,300,39,36,52,Matches
Florian Lejeune\Florian-Lejeune,fr FRA,DF,Newcastle Utd,27,1991,11.7,0,0,0,11,6,0,3,17,14,0,1,0,140,26,12,68.4,Matches
Mario Lemina\Mario-Lemina,ga GAB,MF,Southampton,24,1993,17.9,5,0,0,31,23,1,9,28,40,0,0,0,192,17,13,56.7,Matches
Aaron Lennon\Aaron-Lennon,eng ENG,FWMF,Burnley,31,1987,13.5,1,0,0,12,16,0,18,9,20,0,1,0,70,0,8,0,Matches
Bernd Leno\Bernd-Leno,de GER,GK,Arsenal,26,1992,31.5,0,0,0,0,5,0,0,0,0,0,0,0,166,0,0,,Matches
Jefferson Lerma\Jefferson-Lerma,co COL,MF,Bournemouth,23,1994,27.8,12,0,0,44,51,3,9,38,35,1,0,1,423,61,51,54.5,Matches
Stephan Lichtsteiner\Stephan-Lichtsteiner,ch SUI,DF,Arsenal,34,1984,10.4,3,0,0,11,10,2,24,1,5,0,0,0,93,20,15,57.1,Matches
Victor Lindelöf\Victor-Lindelof,se SWE,DF,Manchester Utd,24,1994,28.9,1,0,0,20,16,0,1,25,21,0,0,1,296,56,30,65.1,Matches
Jesse Lingard\Jesse-Lingard,eng ENG,FWMF,Manchester Utd,25,1992,18.5,3,0,0,27,25,7,13,10,10,2,0,0,101,1,17,5.6,Matches
Fernando Llorente\Fernando-Llorente,es ESP,FW,Tottenham,33,1985,7.7,2,0,0,12,6,5,2,1,3,0,0,1,31,44,34,56.4,Matches
Hugo Lloris\Hugo-Lloris,fr FRA,GK,Tottenham,31,1986,33,0,0,0,0,2,0,0,0,0,0,0,0,158,0,0,,Matches
Jürgen Locadia\Jurgen-Locadia,nl NED,FWMF,Brighton,24,1993,13.7,1,0,0,22,11,11,20,8,14,0,0,0,90,14,19,42.4,Matches
Ruben Loftus-Cheek\Ruben-Loftus-Cheek,eng ENG,MFFW,Chelsea,22,1996,11.1,0,0,0,10,23,2,2,6,15,0,0,0,99,17,16,51.5,Matches
Kevin Long\Kevin-Long,ie IRL,DF,Burnley,27,1990,5.7,0,0,0,3,5,0,1,5,13,0,0,0,54,13,10,56.5,Matches
Shane Long\Shane-Long,ie IRL,FWMF,Southampton,31,1987,14.1,3,0,0,26,23,12,14,6,5,1,0,0,57,51,82,38.3,Matches
Sean Longstaff\Sean-Longstaff,eng ENG,MF,Newcastle Utd,20,1997,7.6,2,0,0,7,8,0,3,10,19,1,0,0,103,6,13,31.6,Matches
Ademola Lookman\Ademola-Lookman,eng ENG,FWMF,Everton,20,1997,6.9,0,0,0,8,22,2,12,8,8,0,0,0,54,3,7,30,Matches
Jonas Lössl\Jonas-Lossl,dk DEN,GK,Huddersfield,29,1989,30.9,1,0,0,0,5,0,1,0,0,0,0,0,156,2,1,66.7,Matches
Dejan Lovren\Dejan-Lovren,hr CRO,DF,Liverpool,29,1989,11,1,0,0,3,10,0,3,10,10,1,0,0,137,39,18,68.4,Matches
Chris Löwe\Chris-Lowe,de GER,DFMF,Huddersfield,29,1989,22.9,2,0,0,14,13,2,76,17,10,0,1,0,214,20,23,46.5,Matches
Matthew Lowton\Matthew-Lowton,eng ENG,DF,Burnley,29,1989,19.4,7,0,0,22,12,0,42,27,34,0,0,0,224,17,12,58.6,Matches
David Luiz\David-Luiz,br BRA,DF,Chelsea,31,1987,36,3,0,0,34,29,0,5,30,34,0,0,0,397,63,39,61.8,Matches
Romelu Lukaku\Romelu-Lukaku,be BEL,FW,Manchester Utd,25,1993,23.7,4,0,0,18,3,23,47,4,8,1,0,0,67,71,58,55,Matches
James Maddison\James-Maddison,eng ENG,MFFW,Leicester City,21,1996,31.5,4,1,1,26,78,2,52,12,34,2,0,0,203,8,30,21.1,Matches
Gary Madine\Gary-Madine,eng ENG,FWMF,Cardiff City,27,1990,0.4,0,0,0,2,1,0,0,0,1,0,0,0,1,1,3,25,Matches
Harry Maguire\Harry-Maguire,eng ENG,DF,Leicester City,25,1993,28.8,6,1,0,20,16,4,5,32,19,0,0,0,403,93,26,78.2,Matches
Riyad Mahrez\Riyad-Mahrez,dz ALG,FWMF,Manchester City,27,1991,14.9,0,0,0,10,15,9,49,14,10,0,0,0,106,10,15,40,Matches
Ainsley Maitland-Niles\Ainsley-Maitland-Niles,eng ENG,DF,Arsenal,20,1997,11,2,1,1,8,13,1,19,14,23,0,0,0,97,7,9,43.8,Matches
Sadio Mané\Sadio-Mane,sn SEN,FW,Liverpool,26,1992,34.2,2,0,0,35,64,26,45,20,31,1,0,0,198,20,54,27,Matches
Javier Manquillo\Javier-Manquillo,es ESP,DF,Newcastle Utd,24,1994,12.2,2,0,0,13,8,1,21,16,15,0,0,0,116,12,10,54.5,Matches
Solly March\Solly-March,eng ENG,FWMF,Brighton,24,1994,27.4,1,0,0,29,30,7,92,17,24,1,0,0,186,12,38,24,Matches
Adrian Mariappa\Adrian-Mariappa,jm JAM,DF,Watford,31,1986,21.4,3,0,0,19,4,1,3,16,14,0,0,0,188,50,40,55.6,Matches
Lazar Markovi?\Lazar-Markovic,rs SRB,FW,Fulham,24,1994,0.5,0,0,0,1,0,0,0,1,0,0,0,0,0,0,0,,Matches
Anthony Martial\Anthony-Martial,fr FRA,FW,Manchester Utd,22,1995,18,2,0,0,14,28,6,38,6,16,2,0,0,84,17,13,56.7,Matches
Adam Masina\Adam-Masina,ma MAR,DF,Watford,24,1994,11.2,5,0,0,17,10,1,9,10,14,0,0,0,130,19,17,52.8,Matches
Arthur Masuaku\Arthur-Masuaku,cd COD,DF,West Ham,24,1993,19.5,2,0,0,16,5,0,36,30,36,0,0,0,188,16,11,59.3,Matches
Juan Mata\Juan-Mata,es ESP,FWMF,Manchester Utd,30,1988,14.3,3,0,0,10,9,8,34,6,3,2,0,0,95,2,5,28.6,Matches
Nemanja Mati?\Nemanja-Matic,rs SRB,MF,Manchester Utd,29,1988,27.1,7,1,1,27,20,1,11,35,29,0,0,0,377,38,24,61.3,Matches
Joël Matip\Joel-Matip,cm CMR,DF,Liverpool,26,1991,17.1,3,0,0,12,17,0,0,19,23,0,0,0,216,62,22,73.8,Matches
Konstantinos Mavropanos\Konstantinos-Mavropanos,gr GRE,DF,Arsenal,20,1997,1.6,1,0,0,2,0,0,0,3,2,0,0,0,16,5,2,71.4,Matches
Alfie Mawson\Alfie-Mawson,eng ENG,DF,Fulham,24,1994,12.6,2,0,0,6,5,0,1,13,6,0,0,0,138,24,18,57.1,Matches
Isaac Mbenza\Isaac-Mbenza,be BEL,FWMF,Huddersfield,22,1996,11,1,0,0,9,6,6,25,5,7,0,0,0,67,2,5,28.6,Matches
James McArthur\James-McArthur,sco SCO,MF,Crystal Palace,30,1987,34,7,0,0,61,39,2,22,37,56,0,1,0,359,36,42,46.2,Matches
Alex McCarthy\Alex-McCarthy,eng ENG,GK,Southampton,28,1989,25,1,0,0,0,3,0,0,0,0,0,0,0,114,0,0,,Matches
James McCarthy\James-McCarthy,ie IRL,MF,Everton,27,1990,0.2,0,0,0,0,0,0,0,0,0,0,0,0,2,0,0,,Matches
Kevin McDonald\Kevin-McDonald,sco SCO,MF,Fulham,29,1988,9.3,5,1,1,12,6,0,1,8,10,0,0,0,111,10,4,71.4,Matches
Dwight McNeil\Dwight-McNeil,eng ENG,MFFW,Burnley,18,1999,17.7,2,0,0,15,10,1,76,17,11,0,0,0,146,16,20,44.4,Matches
Scott McTominay\Scott-McTominay,sco SCO,MFDF,Manchester Utd,21,1996,9.6,1,0,0,11,16,1,3,5,13,0,0,0,101,33,21,61.1,Matches
Ben Mee\Ben-Mee,eng ENG,DF,Burnley,28,1989,38,9,0,0,28,20,0,4,31,24,0,1,2,511,117,59,66.5,Matches
Nathaniel Mendez-Laing\Nathaniel-Mendez-Laing,eng ENG,MFFW,Cardiff City,26,1992,10.9,0,0,0,7,3,3,27,11,23,1,0,0,79,18,38,32.1,Matches
Benjamin Mendy\Benjamin-Mendy,fr FRA,DF,Manchester City,24,1994,10,1,0,0,12,2,0,44,9,8,0,0,0,108,6,12,33.3,Matches
Nampalys Mendy\Nampalys-Mendy,sn SEN,MF,Leicester City,26,1992,23.2,5,0,0,22,36,0,4,25,23,0,1,0,260,9,11,45,Matches
Chris Mepham\Chris-Mepham,wal WAL,DF,Bournemouth,20,1997,9.4,1,0,0,7,4,0,0,11,4,0,0,0,88,27,9,75,Matches
Max Meyer\Max-Meyer,de GER,MFFW,Crystal Palace,22,1995,15.7,3,0,0,10,18,1,8,10,16,1,0,0,117,2,10,16.7,Matches
Luka Milivojevi?\Luka-Milivojevic,rs SRB,MF,Crystal Palace,27,1991,38,10,0,0,60,39,0,51,56,67,0,0,0,451,43,31,58.1,Matches
James Milner\James-Milner,eng ENG,MFDF,Liverpool,32,1986,19.9,6,1,1,28,27,0,56,19,26,0,0,0,193,12,24,33.3,Matches
Yerry Mina\Yerry-Mina,co COL,DF,Everton,23,1994,9.9,3,0,0,13,5,1,1,8,12,1,0,0,100,31,25,55.4,Matches
Tyrone Mings\Tyrone-Mings,eng ENG,DF,Bournemouth,25,1993,1.6,0,0,0,0,1,0,0,5,2,0,0,0,20,3,3,50,Matches
Aleksandar Mitrovi?\Aleksandar-Mitrovic,rs SRB,FW,Fulham,23,1994,36.4,7,0,0,61,59,34,8,8,10,1,0,0,137,168,171,49.6,Matches
Henrikh Mkhitaryan\Henrikh-Mkhitaryan,am ARM,FWMF,Arsenal,29,1989,18.2,1,0,0,27,11,3,38,19,18,0,0,0,166,11,24,31.4,Matches
Nacho Monreal\Nacho-Monreal,es ESP,DF,Arsenal,32,1986,20.7,5,0,0,17,21,1,20,23,27,1,0,0,165,25,27,48.1,Matches
Martín Montoya\Martin-Montoya,es ESP,DF,Brighton,27,1991,24.1,4,0,0,29,17,0,30,39,26,0,0,0,214,15,24,38.5,Matches
Aaron Mooy\Aaron-Mooy,au AUS,MFFW,Huddersfield,27,1990,25.9,4,0,0,26,15,1,56,20,43,0,0,0,283,8,20,28.6,Matches
Álvaro Morata\Alvaro-Morata,es ESP,FW,Chelsea,25,1992,10.5,3,0,0,19,16,20,7,2,6,0,0,0,24,7,14,33.3,Matches
Alberto Moreno\Alberto-Moreno,es ESP,DF,Liverpool,26,1992,1.7,0,0,0,1,1,0,3,0,2,0,0,0,20,1,1,50,Matches
Wes Morgan\Wes-Morgan,jm JAM,DF,Leicester City,34,1984,21.4,3,2,2,18,6,3,1,21,16,0,0,0,245,52,27,65.8,Matches
Sean Morrison\Sean-Morrison,eng ENG,DF,Cardiff City,27,1991,33.8,6,0,0,32,21,9,16,35,30,0,3,0,388,183,82,69.1,Matches
Victor Moses\Victor-Moses,ng NGA,FW,Chelsea,27,1990,0.3,0,0,0,1,1,0,0,0,0,0,0,0,2,1,0,100,Matches
Steve Mounié\Steve-Mounie,bj BEN,FW,Huddersfield,23,1994,19.8,1,1,0,32,15,15,9,3,8,0,0,0,83,153,112,57.7,Matches
Lucas Moura\Lucas-Moura,br BRA,FWMF,Tottenham,25,1992,23.6,3,0,0,25,48,14,26,22,23,0,0,0,143,26,38,40.6,Matches
Lys Mousset\Lys-Mousset,fr FRA,FWMF,Bournemouth,22,1996,4.1,1,0,0,7,5,4,1,2,4,0,0,0,21,7,7,50,Matches
João Moutinho\Joao-Moutinho,pt POR,MF,Wolves,31,1986,33.7,4,0,0,55,37,0,67,29,65,0,1,0,379,16,32,33.3,Matches
Jacob Murphy\Jacob-Murphy,eng ENG,MFFW,Newcastle Utd,23,1995,3.4,0,0,0,4,0,1,13,3,4,0,0,0,22,3,3,50,Matches
Josh Murphy\Josh-Murphy,eng ENG,FWMF,Cardiff City,23,1995,20.2,2,0,0,14,54,11,49,18,9,0,0,0,122,6,17,26.1,Matches
Glenn Murray\Glenn-Murray,eng ENG,FW,Brighton,34,1983,27.9,5,0,0,80,54,38,9,2,7,1,1,0,87,109,124,46.8,Matches
Shkodran Mustafi\Shkodran-Mustafi,de GER,DF,Arsenal,26,1992,29,9,0,0,42,9,4,10,36,36,0,2,0,308,86,48,64.2,Matches
Yoshinori Mut?\Yoshinori-Muto,jp JPN,FW,Newcastle Utd,26,1992,5.8,1,0,0,13,10,2,5,1,7,0,0,0,40,8,22,26.7,Matches
Georges-Kévin N'Koudou\Georges-Kevin-NKoudou,fr FRA,FW,Tottenham,23,1995,0.1,0,0,0,0,1,0,2,0,0,0,0,0,1,0,0,,Matches
Samir Nasri\Samir-Nasri,fr FRA,MF,West Ham,31,1987,2.7,0,0,0,3,2,3,2,1,0,0,0,0,13,0,1,0,Matches
Marc Navarro\Marc-Navarro,es ESP,DF,Watford,23,1995,0.9,0,0,0,1,0,0,4,0,1,0,0,0,7,0,2,0,Matches
Wilfred Ndidi\Wilfred-Ndidi,ng NGA,MF,Leicester City,21,1996,36.6,8,0,0,47,23,2,13,55,109,0,0,0,536,103,66,60.9,Matches
Rúben Neves\Ruben-Neves,pt POR,MF,Wolves,21,1997,33.4,8,0,0,37,19,0,14,60,39,0,0,0,445,21,27,43.8,Matches
Oumar Niasse\Oumar-Niasse,sn SEN,FW,Cardiff City,28,1990,10.3,0,0,0,8,17,9,5,2,6,0,0,0,43,21,66,24.1,Matches
Oumar Niasse\Oumar-Niasse,sn SEN,FWMF,Everton,28,1990,0.7,0,0,0,3,1,1,2,0,0,0,0,0,2,1,2,33.3,Matches
Eddie Nketiah\Eddie-Nketiah,eng ENG,MFFW,Arsenal,19,1999,0.7,0,0,0,1,2,2,1,0,1,0,0,0,4,0,2,0,Matches
Mark Noble\Mark-Noble,eng ENG,MF,West Ham,31,1987,25.5,6,1,0,24,39,1,16,28,38,0,0,0,245,7,6,53.8,Matches
Håvard Nordtveit\Havard-Nordtveit,no NOR,DF,Fulham,28,1990,4,0,0,0,5,2,0,0,5,3,0,0,0,40,6,1,85.7,Matches
Will Norris\Will-Norris,eng ENG,GK,Wolves,24,1993,0,0,0,0,0,0,0,0,0,0,0,0,0,0,0,0,,Matches
Michael Obafemi\Michael-Obafemi,ie IRL,FW,Southampton,18,2000,1.5,1,0,0,2,3,1,2,0,1,0,0,0,7,0,4,0,Matches
Pedro Obiang\Pedro-Obiang,gq EQG,MF,West Ham,26,1992,12.5,0,0,0,15,11,2,5,14,25,0,0,0,107,14,10,58.3,Matches
Denis Odoi\Denis-Odoi,be BEL,DF,Fulham,30,1988,28.8,4,0,0,37,31,0,12,41,37,0,1,1,337,37,31,54.4,Matches
Angelo Ogbonna\Angelo-Ogbonna,it ITA,DF,West Ham,30,1988,20.8,2,0,0,15,8,0,1,24,23,0,0,0,195,58,21,73.4,Matches
Stefano Okaka\Stefano-Okaka,it ITA,FW,Watford,28,1989,0.3,1,0,0,1,1,0,2,0,0,0,0,0,6,1,1,50,Matches
Shinji Okazaki\Shinji-Okazaki,jp JPN,FWMF,Leicester City,32,1986,3.2,0,0,0,6,6,3,1,3,4,0,0,0,15,4,10,28.6,Matches
Divock Origi\Divock-Origi,be BEL,FW,Liverpool,23,1995,4.1,0,0,0,2,5,3,7,2,4,0,0,0,29,5,10,33.3,Matches
Nicolás Otamendi\Nicolas-Otamendi,ar ARG,DF,Manchester City,30,1988,13.7,1,0,0,8,3,0,1,12,16,0,0,0,145,33,15,68.8,Matches
Alex Oxlade-Chamberlain\Alex-Oxlade-Chamberlain,eng ENG,MFFW,Liverpool,24,1993,0.2,0,0,0,0,1,0,0,0,0,0,0,0,1,0,0,,Matches
Mesut Özil\Mesut-Ozil,de GER,MFFW,Arsenal,29,1988,19.3,2,0,0,10,23,10,33,6,5,0,0,0,114,1,10,9.1,Matches
Emerson Palmieri\Emerson-Palmieri,it ITA,DF,Chelsea,23,1994,7.4,0,0,0,8,6,0,23,6,8,0,0,0,51,5,8,38.5,Matches
Sokratis Papastathopoulos\Sokratis-Papastathopoulos,gr GRE,DF,Arsenal,30,1988,24.4,12,0,0,37,25,0,0,11,32,0,1,0,186,47,32,59.5,Matches
Callum Paterson\Callum-Paterson,sco SCO,FWMF,Cardiff City,23,1994,22.2,4,0,0,42,30,12,21,5,15,0,0,0,135,155,166,48.3,Matches
Rui Patrício\Rui-Patricio,pt POR,GK,Wolves,30,1988,37,1,0,0,0,1,0,0,0,0,0,0,0,144,0,0,,Matches
Pedro\Pedro,es ESP,FW,Chelsea,31,1987,19.8,2,0,0,17,26,8,51,11,15,0,0,0,129,4,13,23.5,Matches
Lee Peltier\Lee-Peltier,eng ENG,DF,Cardiff City,31,1986,17.2,4,0,0,15,6,0,8,11,19,0,0,0,133,30,23,56.6,Matches
Andreas Pereira\Andreas-Pereira,br BRA,MF,Manchester Utd,22,1996,6.7,5,0,0,12,6,1,4,8,6,0,0,0,69,2,8,20,Matches
Ricardo Pereira\Ricardo-Pereira,pt POR,DFFW,Leicester City,24,1993,34.7,7,0,0,43,48,2,63,48,70,1,1,0,348,50,53,48.5,Matches
Roberto Pereyra\Roberto-Pereyra,ar ARG,FWMF,Watford,27,1991,31.3,3,0,0,27,37,2,33,19,20,1,0,0,245,3,17,15,Matches
Ayoze Pérez\Ayoze-Perez,es ESP,FWMF,Newcastle Utd,25,1993,32.4,2,0,0,46,42,9,22,33,35,0,0,0,221,18,63,22.2,Matches
Lucas Pérez\Lucas-Perez,es ESP,FW,West Ham,29,1988,5.3,0,0,0,5,3,3,4,3,3,0,0,0,28,1,9,10,Matches
Jordan Pickford\Jordan-Pickford,eng ENG,GK,Everton,24,1994,38,1,0,0,1,3,0,0,0,0,0,1,0,186,0,0,,Matches
Paul Pogba\Paul-Pogba,fr FRA,MF,Manchester Utd,25,1993,33.4,6,0,0,54,69,5,42,14,37,1,0,0,298,46,40,53.5,Matches
Alex Pritchard\Alex-Pritchard,eng ENG,MFFW,Huddersfield,25,1993,23.1,2,0,0,14,51,7,41,16,18,0,0,0,215,10,26,27.8,Matches
Sebastian Prödl\Sebastian-Prodl,at AUT,DF,Watford,31,1987,0.1,0,0,0,1,0,0,0,0,0,0,0,0,0,0,0,,Matches
Davy Pröpper\Davy-Propper,nl NED,MF,Brighton,26,1991,28.3,2,0,0,34,19,2,24,31,36,0,0,0,330,24,22,52.2,Matches
Jason Puncheon\Jason-Puncheon,eng ENG,MFFW,Huddersfield,32,1986,4.2,1,0,0,9,2,1,3,2,4,0,0,0,52,4,8,33.3,Matches
Jason Puncheon\Jason-Puncheon,eng ENG,MF,Crystal Palace,32,1986,0.1,0,0,0,3,0,0,0,0,0,0,0,0,5,0,0,,Matches
Collin Quaner\Collin-Quaner,de GER,FWMF,Huddersfield,27,1991,0.4,0,0,0,2,0,1,0,0,0,0,0,0,2,0,1,0,Matches
Domingos Quina\Domingos-Quina,pt POR,MF,Watford,18,1999,3.8,0,0,0,7,6,0,2,7,8,0,0,0,46,1,6,14.3,Matches
Joe Ralls\Joe-Ralls,eng ENG,MF,Cardiff City,24,1993,21.8,4,1,0,29,11,1,22,17,37,0,0,0,265,18,25,41.9,Matches
Aaron Ramsey\Aaron-Ramsey,wal WAL,MFFW,Arsenal,27,1990,14.8,0,0,0,21,20,5,23,10,19,0,0,0,112,9,14,39.1,Matches
Kayne Ramsey\Kayne-Ramsey,eng ENG,DF,Southampton,17,2000,1,0,0,0,0,0,0,0,0,2,0,0,0,5,2,0,100,Matches
Marcus Rashford\Marcus-Rashford,eng ENG,FW,Manchester Utd,20,1997,25.9,3,1,0,26,52,15,37,7,9,1,1,0,114,21,33,38.9,Matches
Tim Ream\Tim-Ream,us USA,DF,Fulham,30,1987,22.7,1,0,0,11,9,0,0,19,14,0,0,0,243,35,36,49.3,Matches
Nathan Redmond\Nathan-Redmond,eng ENG,FWMF,Southampton,24,1994,36.3,3,0,0,29,28,15,80,21,29,0,0,0,246,17,58,22.7,Matches
Bobby Reid\Bobby-Reid,jm JAM,FWMF,Cardiff City,25,1993,15.8,0,0,0,6,27,11,8,7,9,0,0,0,85,6,29,17.1,Matches
Declan Rice\Declan-Rice,eng ENG,MF,West Ham,19,1999,33.4,4,0,0,17,8,1,4,52,68,0,0,0,449,41,31,56.9,Matches
Jazz Richards\Jazz-Richards,wal WAL,DFMF,Cardiff City,27,1991,1.5,0,0,0,0,0,0,0,1,1,0,0,0,11,0,0,,Matches
Richarlison\Richarlison,br BRA,FWMF,Everton,21,1997,29.6,5,1,0,33,73,17,40,14,34,2,0,0,226,47,97,32.6,Matches
Diego Rico\Diego-Rico,es ESP,DFMF,Bournemouth,25,1993,6.8,1,0,0,10,11,0,20,15,5,0,1,0,80,9,4,69.2,Matches
Sergio Rico\Sergio-Rico,es ESP,GK,Fulham,24,1993,29,1,0,0,1,5,0,0,0,0,0,1,0,130,0,0,,Matches
Matt Ritchie\Matt-Ritchie,sco SCO,DFMF,Newcastle Utd,28,1989,32.5,9,0,0,55,39,1,127,41,40,0,1,0,298,22,64,25.6,Matches
Andrew Robertson\Andrew-Robertson,sco SCO,DF,Liverpool,24,1994,35.7,4,0,0,20,16,1,108,43,44,0,0,0,362,16,24,40,Matches
Marcos Rojo\Marcos-Rojo,ar ARG,DF,Manchester Utd,28,1990,2.4,2,0,0,3,1,0,2,4,3,0,0,1,19,3,0,100,Matches
Oriol Romeu\Oriol-Romeu,es ESP,MF,Southampton,26,1991,23.7,11,0,0,46,17,0,4,19,60,0,0,0,338,33,28,54.1,Matches
Salomón Rondón\Salomon-Rondon,ve VEN,FW,Newcastle Utd,28,1989,28.9,1,0,0,22,26,20,13,10,8,1,0,0,152,92,185,33.2,Matches
Danny Rose\Danny-Rose,eng ENG,DFMF,Tottenham,28,1990,20,5,0,0,26,47,1,66,15,29,1,0,0,201,16,15,51.6,Matches
Aaron Rowe\Aaron-Rowe,eng ENG,FW,Huddersfield,17,2000,0.8,0,0,0,2,0,0,0,0,1,0,1,0,2,0,2,0,Matches
John Ruddy\John-Ruddy,eng ENG,GK,Wolves,31,1986,1,0,0,0,0,0,0,0,0,0,0,0,0,1,0,0,,Matches
Antonio Rüdiger\Antonio-Rudiger,de GER,DF,Chelsea,25,1993,31.9,7,0,0,29,15,1,1,22,20,0,0,0,403,59,43,57.8,Matches
Mathew Ryan\Mathew-Ryan,au AUS,GK,Brighton,26,1992,34,2,0,0,1,3,0,0,0,0,0,1,0,147,0,0,,Matches
Abdelhamid Sabiri\Abdelhamid-Sabiri,de GER,FW,Huddersfield,21,1996,0.5,0,0,0,0,1,0,0,0,1,0,0,0,2,1,1,50,Matches
Romain Saïss\Romain-Saiss,ma MAR,MFDF,Wolves,28,1990,12.8,7,0,0,27,9,0,8,11,23,0,0,0,156,43,19,69.4,Matches
Bukayo Saka\Bukayo-Saka,eng ENG,FW,Arsenal,16,2001,0.1,0,0,0,0,0,0,0,0,0,0,0,0,0,0,0,,Matches
Mamadou Sakho\Mamadou-Sakho,fr FRA,DF,Crystal Palace,28,1990,26.8,2,0,0,6,13,0,0,23,15,0,2,0,293,35,35,50,Matches
Bakary Sako\Bakary-Sako,ml MLI,FWMF,Crystal Palace,30,1988,0.3,0,0,0,1,0,1,2,0,1,0,0,0,5,0,2,0,Matches
Mohamed Salah\Mohamed-Salah,eg EGY,FW,Liverpool,26,1992,36.1,1,0,0,25,32,28,38,5,14,5,0,0,201,7,44,13.7,Matches
Alexis Sánchez\Alexis-Sanchez,cl CHI,FWMF,Manchester Utd,29,1988,9.8,3,0,0,15,18,8,26,10,8,0,0,0,61,5,15,25,Matches
Carlos Sánchez\Carlos-Sanchez,co COL,MF,West Ham,32,1986,2.7,0,0,0,3,1,0,0,2,1,0,0,0,34,1,0,100,Matches
Davinson Sánchez\Davinson-Sanchez,co COL,DF,Tottenham,22,1996,21.6,2,0,0,20,10,0,0,25,23,0,0,0,256,58,33,63.7,Matches
Leroy Sané\Leroy-Sane,de GER,FW,Manchester City,22,1996,20.7,1,0,0,10,14,19,65,10,19,1,0,0,122,8,13,38.1,Matches
Fabian Schär\Fabian-Schar,ch SUI,DF,Newcastle Utd,26,1991,22.2,12,0,0,28,20,1,12,57,28,0,1,0,238,42,44,48.8,Matches
Christopher Schindler\Christopher-Schindler,de GER,DF,Huddersfield,28,1990,36.2,5,1,1,26,20,0,3,46,45,0,1,0,414,96,74,56.5,Matches
Jeffrey Schlupp\Jeffrey-Schlupp,gh GHA,MFFW,Crystal Palace,25,1992,18.6,1,0,0,25,14,0,17,15,19,1,0,0,148,46,48,48.9,Matches
Kasper Schmeichel\Kasper-Schmeichel,dk DEN,GK,Leicester City,31,1986,38,3,0,0,0,4,0,0,0,0,0,0,0,164,1,1,50,Matches
Morgan Schneiderlin\Morgan-Schneiderlin,fr FRA,MF,Everton,28,1989,9.3,2,0,0,21,8,0,1,16,14,0,0,0,108,12,16,42.9,Matches
André Schürrle\Andre-Schurrle,de GER,FWMF,Fulham,27,1990,18.2,2,0,0,17,19,11,35,7,16,0,0,0,126,10,15,40,Matches
Ken Sema\Ken-Sema,se SWE,FWMF,Watford,24,1993,8.4,1,0,0,13,9,1,7,2,9,0,0,0,60,14,18,43.8,Matches
Jean Seri\Jean-Seri,ci CIV,MF,Fulham,27,1991,24.9,6,0,0,33,23,1,25,25,35,0,0,0,254,9,12,42.9,Matches
Ryan Sessegnon\Ryan-Sessegnon,eng ENG,FWDF,Fulham,18,2000,25.6,0,0,0,20,22,16,49,13,25,0,0,0,193,12,35,25.5,Matches
Xherdan Shaqiri\Xherdan-Shaqiri,ch SUI,FWMF,Liverpool,26,1991,11.8,2,0,0,9,14,2,24,7,4,0,0,0,102,1,4,20,Matches
Luke Shaw\Luke-Shaw,eng ENG,DF,Manchester Utd,23,1995,28.8,11,0,0,42,18,1,36,18,25,0,0,0,342,33,20,62.3,Matches
Jonjo Shelvey\Jonjo-Shelvey,eng ENG,MF,Newcastle Utd,26,1992,10.5,1,0,0,16,5,0,15,12,9,0,0,0,146,11,4,73.3,Matches
Gylfi Sigurðsson\Gylfi-Sigurdsson,is ISL,MF,Everton,28,1989,34.6,3,0,0,33,39,3,61,19,31,0,0,0,258,12,29,29.3,Matches
Adrien Silva\Adrien-Silva,pt POR,MF,Leicester City,29,1989,1,0,0,0,1,2,0,0,1,1,0,0,0,11,0,0,,Matches
Bernardo Silva\Bernardo-Silva,pt POR,MFFW,Manchester City,23,1994,31.7,3,0,0,31,24,2,69,26,46,1,0,0,254,7,23,23.3,Matches
David Silva\David-Silva,es ESP,MF,Manchester City,32,1986,26.7,2,0,0,26,25,6,70,20,22,0,0,0,215,17,14,54.8,Matches
Xande Silva\Xande-Silva,pt POR,FW,West Ham,21,1997,0.2,0,0,0,0,0,0,1,0,0,0,0,0,1,1,1,50,Matches
Danny Simpson\Danny-Simpson,eng ENG,DF,Leicester City,31,1987,3.2,0,0,0,2,0,0,1,4,7,0,0,0,35,7,4,63.6,Matches
Jack Simpson\Jack-Simpson,eng ENG,DF,Bournemouth,21,1996,4.5,0,0,0,3,1,0,1,7,4,0,1,1,46,11,9,55,Matches
Josh Sims\Josh-Sims,eng ENG,FWMF,Southampton,21,1997,2.4,0,0,0,1,5,1,3,2,0,0,0,0,23,1,9,10,Matches
Moussa Sissoko\Moussa-Sissoko,fr FRA,MF,Tottenham,28,1989,25.9,2,0,0,25,19,3,24,22,30,0,0,0,259,19,18,51.4,Matches
Oliver Skipp\Oliver-Skipp,eng ENG,MFFW,Tottenham,17,2000,2.4,0,0,0,4,3,0,0,1,3,0,0,0,30,5,3,62.5,Matches
Callum Slattery\Callum-Slattery,eng ENG,MF,Southampton,19,1999,1.2,0,0,0,4,3,0,1,0,2,0,0,0,10,3,6,33.3,Matches
Chris Smalling\Chris-Smalling,eng ENG,DF,Manchester Utd,28,1989,23.6,1,0,0,22,8,2,2,22,15,0,1,1,230,90,32,73.8,Matches
Adam Smith\Adam-Smith,eng ENG,DF,Bournemouth,27,1991,23,5,1,0,18,44,0,18,21,28,0,1,0,191,27,21,56.3,Matches
Tommy Smith\Tommy-Smith,eng ENG,DF,Huddersfield,26,1992,12.7,2,1,0,11,6,0,16,21,15,0,0,0,106,11,15,42.3,Matches
Robert Snodgrass\Robert-Snodgrass,sco SCO,MFFW,West Ham,30,1987,24.7,10,0,0,36,49,3,56,13,27,0,1,0,185,14,28,33.3,Matches
Cédric Soares\Cedric-Soares,pt POR,DF,Southampton,26,1991,16.6,4,0,0,9,7,1,44,17,17,0,0,0,175,16,16,50,Matches
Ramadan Sobhi\Ramadan-Sobhi,eg EGY,FW,Huddersfield,21,1997,0.9,0,0,0,0,1,0,3,0,2,0,0,0,9,2,1,66.7,Matches
Dominic Solanke\Dominic-Solanke,eng ENG,FW,Bournemouth,20,1997,3.9,0,0,0,2,9,1,2,1,6,0,0,0,28,7,22,24.1,Matches
Pape Souaré\Pape-Souare,sn SEN,DF,Crystal Palace,28,1990,0,0,0,0,0,1,0,0,0,0,0,0,0,1,0,0,,Matches
Ça?lar Söyüncü\Caglar-Soyuncu,tr TUR,DF,Leicester City,22,1996,4.1,1,0,0,9,2,0,2,5,5,0,1,0,37,15,6,71.4,Matches
Julián Speroni\Julian-Speroni,ar ARG,GK,Crystal Palace,39,1979,1,0,0,0,0,0,0,0,0,0,0,0,0,7,0,0,,Matches
Junior Stanislas\Junior-Stanislas,eng ENG,MFFW,Bournemouth,28,1989,11.5,1,0,0,6,10,3,18,4,7,0,0,0,85,8,12,40,Matches
Dale Stephens\Dale-Stephens,eng ENG,MF,Brighton,29,1989,27.6,6,1,0,44,10,0,4,28,53,0,0,0,337,17,16,51.5,Matches
Jack Stephens\Jack-Stephens,eng ENG,DF,Southampton,24,1994,18.9,4,0,0,13,7,0,1,27,15,0,1,0,219,37,26,58.7,Matches
Raheem Sterling\Raheem-Sterling,eng ENG,FW,Manchester City,23,1994,30.8,3,0,0,41,44,13,90,21,17,2,0,0,161,8,26,23.5,Matches
John Stones\John-Stones,eng ENG,DF,Manchester City,24,1994,19.6,1,0,0,6,7,1,2,17,11,0,0,0,188,50,18,73.5,Matches
Daniel Sturridge\Daniel-Sturridge,eng ENG,FWMF,Liverpool,28,1989,5.7,1,0,0,5,10,4,4,0,2,0,0,0,35,1,14,6.7,Matches
Denis Suárez\Denis-Suarez,es ESP,FW,Arsenal,24,1994,0.8,0,0,0,0,1,1,0,1,1,0,0,0,6,0,0,,Matches
Isaac Success\Isaac-Success,ng NGA,FWMF,Watford,22,1996,11.7,4,0,0,24,48,12,14,3,17,0,0,0,57,17,44,27.9,Matches
Ki Sung-yueng\Ki-Sung-yueng,kr KOR,MF,Newcastle Utd,29,1989,14.5,2,0,0,12,16,0,18,16,10,0,0,0,161,9,8,52.9,Matches
Andrew Surman\Andrew-Surman,eng ENG,MF,Bournemouth,31,1986,16,2,0,0,8,6,0,5,6,8,0,0,0,181,12,11,52.2,Matches
Sam Surridge\Sam-Surridge,eng ENG,FWDF,Bournemouth,20,1998,0.1,0,0,0,0,1,0,0,0,0,0,0,0,1,0,1,0,Matches
Alexander Sørloth\Alexander-Sorloth,no NOR,FWMF,Crystal Palace,22,1995,2.1,0,0,0,4,2,0,1,0,1,0,0,0,16,8,9,47.1,Matches
Matt Targett\Matt-Targett,eng ENG,DFMF,Southampton,22,1995,13.2,2,0,0,8,10,1,47,15,15,0,0,0,107,17,22,43.6,Matches
James Tarkowski\James-Tarkowski,eng ENG,DF,Burnley,25,1992,34.3,8,0,0,35,32,4,1,34,39,0,0,0,405,113,59,65.7,Matches
Charlie Taylor\Charlie-Taylor,eng ENG,DF,Burnley,24,1993,36,2,0,0,15,48,1,80,36,34,0,0,0,331,47,50,48.5,Matches
Youri Tielemans\Youri-Tielemans,be BEL,MF,Leicester City,21,1997,12.1,2,0,0,11,15,0,15,4,11,0,0,0,114,12,7,63.2,Matches
James Tomkins\James-Tomkins,eng ENG,DF,Crystal Palace,29,1989,28.4,5,0,0,16,12,2,0,17,28,0,0,0,253,77,61,55.8,Matches
Lucas Torreira\Lucas-Torreira,uy URU,MF,Arsenal,22,1996,26.5,7,1,0,37,77,0,16,38,46,0,0,0,349,17,19,47.2,Matches
Cenk Tosun\Cenk-Tosun,tr TUR,FW,Everton,27,1991,11.8,3,0,0,17,16,10,5,6,11,0,0,0,56,27,37,42.2,Matches
Andros Townsend\Andros-Townsend,eng ENG,FWMF,Crystal Palace,27,1991,33.4,1,0,0,10,57,9,110,36,39,1,0,0,264,3,12,20,Matches
Adama Traoré\Adama-Traore,es ESP,FWDF,Wolves,22,1996,10,1,0,0,15,26,7,39,6,8,0,0,0,66,19,19,50,Matches
Mark Travers\Mark-Travers,ie IRL,GK,Bournemouth,19,1999,2,0,0,0,0,0,0,0,0,0,0,0,0,13,0,0,,Matches
Kieran Trippier\Kieran-Trippier,eng ENG,DF,Tottenham,27,1990,25.3,2,0,0,20,24,6,105,31,38,0,0,1,273,26,20,56.5,Matches
Antonio Valencia\Antonio-Valencia,ec ECU,DFMF,Manchester Utd,32,1985,5.2,2,0,0,7,4,0,9,6,4,0,0,0,35,3,2,60,Matches
Yan Valery\Yan-Valery,fr FRA,DFMF,Southampton,19,1999,19,4,1,1,28,6,2,43,13,27,0,0,0,160,44,46,48.9,Matches
Jamie Vardy\Jamie-Vardy,eng ENG,FW,Leicester City,31,1987,30.3,3,1,0,20,19,37,20,3,13,2,0,0,86,45,65,40.9,Matches
Jan Vertonghen\Jan-Vertonghen,be BEL,DF,Tottenham,31,1987,21.2,4,1,1,11,10,1,16,22,31,0,2,0,265,38,24,61.3,Matches
Jannik Vestergaard\Jannik-Vestergaard,dk DEN,DF,Southampton,25,1992,22.5,2,0,0,16,14,1,1,27,33,0,0,0,277,60,35,63.2,Matches
Luciano Vietto\Luciano-Vietto,ar ARG,FWMF,Fulham,24,1993,11,1,0,0,13,19,0,13,6,12,0,1,0,84,1,4,20,Matches
Rúben Vinagre\Ruben-Vinagre,pt POR,DFMF,Wolves,19,1999,7.9,1,0,0,13,10,1,34,17,7,0,0,0,73,6,12,33.3,Matches
Sam Vokes\Sam-Vokes,wal WAL,FW,Burnley,28,1989,10.2,0,0,0,14,9,8,1,1,0,0,0,0,19,70,77,47.6,Matches
Michel Vorm\Michel-Vorm,nl NED,GK,Tottenham,34,1983,2,0,0,0,0,0,0,0,0,0,0,0,0,9,0,0,,Matches
Mat?j Vydra\Matej-Vydra,cz CZE,FWMF,Burnley,26,1992,3.5,1,0,0,7,1,2,1,3,3,0,0,0,21,6,7,46.2,Matches
Theo Walcott\Theo-Walcott,eng ENG,FWMF,Everton,29,1989,23.5,1,0,0,11,26,19,49,14,14,0,0,0,122,11,35,23.9,Matches
Kyle Walker\Kyle-Walker,eng ENG,DF,Manchester City,28,1990,30.9,3,0,0,15,14,4,52,17,31,0,1,0,348,33,17,66,Matches
Kyle Walker-Peters\Kyle-Walker-Peters,eng ENG,DF,Tottenham,21,1997,4.2,1,0,0,4,10,1,5,5,2,0,0,0,43,5,7,41.7,Matches
Aaron Wan-Bissaka\Aaron-Wan-Bissaka,eng ENG,DF,Crystal Palace,20,1997,34.8,4,1,0,23,16,3,40,76,60,0,1,0,313,29,27,51.8,Matches
Victor Wanyama\Victor-Wanyama,ke KEN,MF,Tottenham,27,1991,5.7,2,0,0,10,6,0,2,8,14,0,0,0,72,11,13,45.8,Matches
Danny Ward\Danny-Ward,eng ENG,FW,Cardiff City,26,1991,4.9,0,0,0,2,7,3,3,1,1,0,0,0,14,11,23,32.4,Matches
Joel Ward\Joel-Ward,eng ENG,DF,Crystal Palace,28,1989,6.1,1,0,0,8,6,1,7,6,8,0,0,0,64,16,10,61.5,Matches
Stephen Ward\Stephen-Ward,ie IRL,DF,Burnley,32,1985,2.5,1,0,0,2,3,0,7,1,2,0,0,0,31,0,0,,Matches
James Ward-Prowse\James-Ward-Prowse,eng ENG,MFDF,Southampton,23,1994,21.6,4,0,0,23,10,3,38,20,22,0,1,1,190,16,41,28.1,Matches
Danny Welbeck\Danny-Welbeck,eng ENG,FWMF,Arsenal,27,1990,1.7,0,0,0,3,2,0,3,1,3,0,0,0,12,4,7,36.4,Matches
Ashley Westwood\Ashley-Westwood,eng ENG,MF,Burnley,28,1990,31.4,5,0,0,30,22,1,36,31,40,0,0,0,412,14,13,51.9,Matches
Connor Wickham\Connor-Wickham,eng ENG,FW,Crystal Palace,25,1993,0.7,0,0,0,3,0,0,1,0,0,0,0,0,4,4,7,36.4,Matches
Georginio Wijnaldum\Georginio-Wijnaldum,nl NED,MF,Liverpool,27,1990,30.3,3,0,0,19,30,2,7,26,32,0,0,0,309,25,26,49,Matches
Danny Williams\Danny-Williams,us USA,MF,Huddersfield,29,1989,1.1,1,0,0,3,1,0,0,4,0,0,0,0,11,0,1,0,Matches
Willian\Willian,br BRA,FW,Chelsea,29,1988,23.3,2,0,0,12,31,11,74,12,25,1,0,0,142,5,17,22.7,Matches
Joe Willock\Joe-Willock,eng ENG,MF,Arsenal,18,1999,0.7,0,0,0,0,2,0,0,2,0,0,0,0,1,0,2,0,Matches
Ben Wilmot\Ben-Wilmot,eng ENG,MF,Watford,18,1999,0.3,0,0,0,0,0,0,0,0,0,0,0,0,3,0,0,,Matches
Jack Wilshere\Jack-Wilshere,eng ENG,MF,West Ham,26,1992,4.4,2,0,0,7,12,0,0,1,4,0,0,0,30,0,0,,Matches
Callum Wilson\Callum-Wilson,eng ENG,FW,Bournemouth,26,1992,28.1,3,0,0,42,32,20,27,1,9,3,0,0,100,26,62,29.5,Matches
Harry Winks\Harry-Winks,eng ENG,MF,Tottenham,22,1996,17.7,4,0,0,17,15,2,5,14,21,0,0,0,203,5,10,33.3,Matches
Chris Wood\Chris-Wood,nz NZL,FW,Burnley,26,1991,28.8,2,0,0,28,24,53,10,4,9,0,0,0,106,94,112,45.6,Matches
Granit Xhaka\Granit-Xhaka,ch SUI,MFDF,Arsenal,25,1992,27.8,10,0,0,45,51,1,38,24,38,0,2,0,354,42,36,53.8,Matches
Andriy Yarmolenko\Andriy-Yarmolenko,ua UKR,FWMF,West Ham,28,1989,5.1,2,0,0,8,8,1,13,1,2,0,0,0,32,0,1,0,Matches
DeAndre Yedlin\DeAndre-Yedlin,us USA,DF,Newcastle Utd,25,1993,27.5,6,1,0,41,14,4,66,25,27,0,3,1,229,29,28,50.9,Matches
Maya Yoshida\Maya-Yoshida,jp JPN,DF,Southampton,29,1988,16.9,0,0,0,4,7,2,0,30,10,0,0,0,193,25,21,54.3,Matches
Ashley Young\Ashley-Young,eng ENG,DF,Manchester Utd,33,1985,28.5,9,1,1,38,32,4,86,38,29,0,0,0,272,20,8,71.4,Matches
Pablo Zabaleta\Pablo-Zabaleta,ar ARG,DF,West Ham,33,1985,23.2,4,0,0,18,29,2,41,42,28,0,0,0,223,26,31,45.6,Matches
Wilfried Zaha\Wilfried-Zaha,ci CIV,FW,Crystal Palace,25,1992,33.7,9,1,1,45,102,16,54,12,33,5,0,0,228,5,31,13.9,Matches
Andre-Frank Zambo Anguissa\Andre-Frank-Zambo-Anguissa,cm CMR,MF,Fulham,22,1995,16.9,2,1,1,24,18,2,2,31,33,0,0,0,222,23,17,57.5,Matches
Davide Zappacosta\Davide-Zappacosta,it ITA,DF,Chelsea,26,1992,1.4,0,0,0,2,1,0,3,2,1,0,0,0,13,2,2,50,Matches
Oleksandr Zinchenko\Oleksandr-Zinchenko,ua UKR,DF,Manchester City,21,1996,12.8,1,0,0,15,5,1,34,17,16,0,0,0,153,26,28,48.1,Matches
Kenneth Zohore\Kenneth-Zohore,dk DEN,FW,Cardiff City,24,1994,8.4,1,0,0,14,20,4,9,0,1,0,0,0,22,34,56,37.8,Matches
Kurt Zouma\Kurt-Zouma,fr FRA,DF,Everton,23,1994,29,4,1,1,21,16,2,2,41,20,0,0,0,350,84,39,68.3,Matches
