Player,Nation,Pos,Squad,Age,Born,90s,CrdY,CrdR,2CrdY,Fls,Fld,Off,Crs,Int,TklW,PKwon,PKcon,OG,Recov,Won,Lost,Won%,Matches
Issah Abbas\Issah-Abbas,gh GHA,FW,Mainz 05,19,1998,0.1,0,0,0,0,1,0,0,0,0,0,0,0,3,0,0,,Matches
David Abraham\David-Abraham,ar ARG,DF,Eint Frankfurt,32,1986,15.8,2,0,0,11,9,0,4,15,19,0,0,0,197,27,16,62.8,Matches
Amir Abrashi\Amir-Abrashi,al ALB,MF,Freiburg,28,1990,8.8,5,0,0,19,16,0,1,12,12,0,0,0,117,5,6,45.5,Matches
Tyler Adams\Tyler-Adams,us USA,MF,RB Leipzig,19,1999,8,0,0,0,12,11,0,2,11,21,0,0,0,127,16,13,55.2,Matches
Antonis Aidonis\Antonis-Aidonis,de GER,DF,Stuttgart,17,2001,0.9,1,0,0,1,0,0,5,2,1,0,0,0,9,0,5,0,Matches
Manuel Akanji\Manuel-Akanji,ch SUI,DF,Dortmund,23,1995,24.5,1,0,0,14,17,0,3,17,25,0,0,0,215,30,23,56.6,Matches
Chadrac Akolo\Chadrac-Akolo,cd COD,MFFW,Stuttgart,23,1995,5.8,0,0,0,8,16,1,7,2,5,0,0,0,51,6,7,46.2,Matches
Kevin Akpoguma\Kevin-Akpoguma,ng NGA,DF,Hoffenheim,23,1995,5.5,2,0,0,6,10,0,0,7,11,0,0,0,59,2,2,50,Matches
Kevin Akpoguma\Kevin-Akpoguma,ng NGA,DF,Hannover 96,23,1995,3.5,2,0,0,4,3,0,0,4,4,0,1,0,28,5,1,83.3,Matches
David Alaba\David-Alaba,at AUT,DF,Bayern Munich,26,1992,28.1,4,0,0,14,11,6,103,15,21,0,0,0,260,16,14,53.3,Matches
Lucas Alario\Lucas-Alario,ar ARG,FW,Leverkusen,25,1992,14.1,1,0,0,23,24,15,9,1,9,0,0,0,56,32,46,41,Matches
Miiko Albornoz\Miiko-Albornoz,cl CHI,DFMF,Hannover 96,27,1990,18.4,3,1,0,34,36,1,44,6,25,0,1,0,180,8,16,33.3,Matches
Paco Alcácer\Paco-Alcacer,es ESP,FW,Dortmund,24,1993,13.5,0,0,0,6,7,10,6,7,4,0,0,0,44,5,31,13.9,Matches
Thiago Alcántara\Thiago-Alcantara,es ESP,MF,Bayern Munich,27,1991,26.8,5,0,0,52,34,1,16,35,66,0,0,0,383,25,31,44.6,Matches
Allan\Allan,br BRA,MFDF,Eint Frankfurt,21,1997,2,1,0,0,5,5,0,1,0,3,0,0,0,25,2,1,66.7,Matches
Alfons Amade\Alfons-Amade,de GER,MF,Hoffenheim,18,1999,0.1,0,0,0,0,0,0,0,0,0,0,0,0,1,1,0,100,Matches
Nadiem Amiri\Nadiem-Amiri,de GER,MFFW,Hoffenheim,21,1996,8.4,1,0,0,14,14,0,13,6,12,0,0,0,72,2,8,20,Matches
Waldemar Anton\Waldemar-Anton,de GER,DF,Hannover 96,22,1996,34,4,0,0,25,21,1,2,46,35,0,1,1,411,68,51,57.1,Matches
Dennis Aogo\Dennis-Aogo,de GER,MF,Stuttgart,31,1987,11.4,1,0,0,10,6,2,16,12,8,0,0,0,114,6,1,85.7,Matches
Charles Aránguiz\Charles-Aranguiz,cl CHI,MF,Leverkusen,29,1989,21,3,0,0,28,32,0,10,23,33,0,0,0,279,12,13,48,Matches
Maximilian Arnold\Maximilian-Arnold,de GER,MF,Wolfsburg,24,1994,31.9,7,0,0,45,81,2,61,38,33,1,0,0,325,19,41,31.7,Matches
Takuma Asano\Takuma-Asano,jp JPN,MFFW,Hannover 96,23,1994,7.8,0,0,0,5,14,5,8,2,4,0,0,0,35,5,14,26.3,Matches
Santiago Ascacíbar\Santiago-Ascacibar,ar ARG,MF,Stuttgart,21,1997,27,10,1,0,25,33,0,10,23,41,0,0,1,391,19,31,38,Matches
Simon Asta\Simon-Asta,de GER,DF,Augsburg,17,2001,1,1,0,0,1,0,0,1,4,1,0,0,0,9,2,1,66.7,Matches
Jean-Kévin Augustin\Jean-Kevin-Augustin,fr FRA,FW,RB Leipzig,21,1997,5.1,0,0,0,10,17,5,6,5,0,0,0,0,15,1,7,12.5,Matches
Ludwig Augustinsson\Ludwig-Augustinsson,se SWE,DF,Werder Bremen,24,1994,33.6,5,0,0,42,27,2,100,29,31,0,1,0,293,44,52,45.8,Matches
Kaan Ayhan\Kaan-Ayhan,tr TUR,DF,Düsseldorf,23,1994,27.2,10,0,0,25,16,3,4,40,40,0,2,0,249,24,10,70.6,Matches
Florian Baak\Florian-Baak,de GER,MF,Hertha BSC,19,1999,0,0,0,0,0,0,0,0,0,0,0,0,0,0,0,0,,Matches
Holger Badstuber\Holger-Badstuber,de GER,DF,Stuttgart,29,1989,5.8,1,0,0,3,3,0,0,7,5,0,0,0,65,9,3,75,Matches
Daniel Baier\Daniel-Baier,de GER,MF,Augsburg,34,1984,31.3,7,0,0,51,50,0,17,44,38,0,0,0,494,21,23,47.7,Matches
Leon Bailey\Leon-Bailey,jm JAM,FWMF,Leverkusen,20,1997,21.3,4,0,0,20,34,6,93,15,12,0,0,0,155,14,7,66.7,Matches
Marvin Bakalorz\Marvin-Bakalorz,de GER,MF,Hannover 96,28,1989,16.3,5,0,0,25,25,4,7,23,17,1,0,0,144,19,17,52.8,Matches
Ridle Baku\Ridle-Baku,de GER,MF,Mainz 05,20,1998,10.4,1,0,0,9,14,1,8,10,8,0,0,0,101,3,4,42.9,Matches
Philipp Bargfrede\Philipp-Bargfrede,de GER,MFDF,Werder Bremen,29,1989,12,6,0,0,25,16,0,2,20,14,0,0,0,166,13,13,50,Matches
Aymen Barkok\Aymen-Barkok,ma MAR,MF,Düsseldorf,20,1998,5.7,0,0,0,9,0,0,3,3,7,0,0,0,47,11,6,64.7,Matches
Leandro Barreiro Martins\Leandro-Barreiro-Martins,lu LUX,MF,Mainz 05,18,2000,1,1,0,0,1,0,0,0,1,4,0,0,0,12,2,0,100,Matches
Fin Bartels\Fin-Bartels,de GER,FW,Werder Bremen,31,1987,0.3,0,0,0,1,1,0,0,0,0,0,0,0,2,0,0,,Matches
Robert Bauer\Robert-Bauer,de GER,DF,Nürnberg,23,1995,19.1,4,1,1,19,18,0,28,22,20,0,0,0,160,10,16,38.5,Matches
Oliver Baumann\Oliver-Baumann,de GER,GK,Hoffenheim,28,1990,33,0,0,0,0,7,0,0,0,0,0,0,0,205,0,0,,Matches
Timo Baumgartl\Timo-Baumgartl,de GER,DF,Stuttgart,22,1996,18,2,0,0,12,14,1,3,14,22,0,0,0,189,25,13,65.8,Matches
Julian Baumgartlinger\Julian-Baumgartlinger,at AUT,MF,Leverkusen,30,1988,17.3,2,0,0,20,19,0,2,20,34,0,0,0,216,20,18,52.6,Matches
Christoph Baumgartner\Christoph-Baumgartner,at AUT,MF,Hoffenheim,18,1999,0.9,2,1,1,2,3,0,1,0,1,0,0,0,11,1,0,100,Matches
Noah Joel Sarenren Bazee\Noah-Joel-Sarenren-Bazee,ng NGA,FW,Hannover 96,21,1996,1.7,0,0,0,2,2,2,3,1,0,0,0,0,13,0,5,0,Matches
Ihlas Bebou\Ihlas-Bebou,tg TOG,FWMF,Hannover 96,24,1994,11.8,1,0,0,11,21,5,27,8,15,0,0,0,94,12,16,42.9,Matches
Uffe Bech\Uffe-Bech,dk DEN,FW,Hannover 96,25,1993,0.2,1,0,0,2,0,0,2,0,0,0,0,0,4,2,0,100,Matches
Andreas Beck\Andreas-Beck,de GER,DFMF,Stuttgart,31,1987,19.7,2,0,0,25,31,1,30,15,23,0,0,0,167,18,17,51.4,Matches
Hanno Behrens\Hanno-Behrens,de GER,MF,Nürnberg,28,1990,29.3,3,0,0,40,23,3,6,22,25,0,1,0,260,74,90,45.1,Matches
Ishak Belfodil\Ishak-Belfodil,dz ALG,FW,Hoffenheim,26,1992,20.7,3,0,0,27,15,22,26,2,9,1,0,0,77,35,41,46.1,Matches
Stefan Bell\Stefan-Bell,de GER,DF,Mainz 05,26,1991,25,7,0,0,41,14,5,8,36,19,0,0,0,294,66,21,75.9,Matches
Karim Bellarabi\Karim-Bellarabi,de GER,FWMF,Leverkusen,28,1990,11.7,4,1,0,17,13,3,57,9,10,0,0,0,83,1,0,100,Matches
Lars Bender\Lars-Bender,de GER,DFMF,Leverkusen,29,1989,15.1,2,0,0,27,28,2,15,13,31,0,0,0,195,21,24,46.7,Matches
Sven Bender\Sven-Bender,de GER,DF,Leverkusen,29,1989,22.1,3,0,0,21,12,2,0,36,23,0,0,1,316,59,34,63.4,Matches
László Bénes\Laszlo-Benes,sk SVK,MF,M'Gladbach,20,1997,0.3,0,0,0,0,1,0,0,1,1,0,0,0,3,0,0,,Matches
Nabil Bentaleb\Nabil-Bentaleb,dz ALG,MF,Schalke 04,23,1994,19.9,4,0,0,30,16,1,14,20,21,0,0,0,253,23,15,60.5,Matches
Louis Beyer\Louis-Beyer,de GER,DF,M'Gladbach,18,2000,8,1,0,0,7,4,0,2,8,18,0,0,0,56,7,11,38.9,Matches
Ermin Bi?ak?i?\Ermin-Bicakcic,ba BIH,DF,Hoffenheim,28,1990,19.9,0,0,0,18,16,2,6,34,17,0,1,1,226,47,22,68.1,Matches
Leonardo Bittencourt\Leonardo-Bittencourt,de GER,MF,Hoffenheim,24,1993,11.9,1,0,0,17,31,3,25,13,25,0,0,0,118,2,10,16.7,Matches
Pablo de Blasis\Pablo-de-Blasis,ar ARG,FW,Mainz 05,30,1988,1,0,0,0,1,0,1,3,0,0,0,0,0,5,0,0,,Matches
Danny Blum\Danny-Blum,de GER,FW,Eint Frankfurt,27,1991,0,0,0,0,0,0,0,0,0,0,0,0,0,0,0,0,,Matches
Jérôme Boateng\Jerome-Boateng,de GER,DF,Bayern Munich,29,1988,18.8,1,0,0,16,9,0,6,12,9,0,2,0,239,20,3,87,Matches
Adam Bodzek\Adam-Bodzek,de GER,MFDF,Düsseldorf,32,1985,17.7,5,1,0,33,41,0,0,13,26,0,2,0,154,15,9,62.5,Matches
Jean-Paul Boëtius\Jean-Paul-Boetius,nl NED,MFFW,Mainz 05,24,1994,23.6,8,0,0,51,47,3,26,31,36,0,0,0,239,16,23,41,Matches
Robin Bormuth\Robin-Bormuth,de GER,DF,Düsseldorf,22,1995,6.8,2,0,0,5,3,1,2,2,1,0,0,0,59,10,7,58.8,Matches
Nassim Boujellab\Nassim-Boujellab,ma MAR,MF,Schalke 04,19,1999,4.2,0,0,0,11,8,0,0,2,5,0,0,0,34,5,13,27.8,Matches
Julian Brandt\Julian-Brandt,de GER,MFFW,Leverkusen,22,1996,29.6,0,0,0,13,22,4,61,17,15,0,0,0,231,19,27,41.3,Matches
Fabian Bredlow\Fabian-Bredlow,de GER,GK,Nürnberg,23,1995,12.5,1,0,0,0,3,0,0,0,0,0,0,0,79,0,0,,Matches
Josip Brekalo\Josip-Brekalo,hr CRO,FWMF,Wolfsburg,20,1998,15.7,2,0,0,17,21,2,24,11,12,0,0,0,95,5,11,31.3,Matches
Joshua Brenet\Joshua-Brenet,nl NED,DFMF,Hoffenheim,24,1994,10.1,0,0,0,20,4,0,43,10,12,0,0,0,90,6,11,35.3,Matches
John Brooks\John-Brooks,us USA,DF,Wolfsburg,25,1993,29,7,0,0,14,12,0,1,19,25,0,1,0,309,49,16,75.4,Matches
Daniel Brosinski\Daniel-Brosinski,de GER,DF,Mainz 05,30,1988,24.5,2,0,0,16,13,1,75,16,11,0,1,0,240,13,20,39.4,Matches
Bruma\Bruma,pt POR,MFFW,RB Leipzig,23,1994,6.1,1,0,0,4,5,0,5,2,3,0,0,0,50,0,5,0,Matches
Jeffrey Bruma\Jeffrey-Bruma,nl NED,DF,Schalke 04,26,1991,6.9,4,0,0,9,2,0,1,1,5,0,1,1,61,16,9,64,Matches
Jacob Bruun Larsen\Jacob-Bruun-Larsen,dk DEN,FWMF,Dortmund,19,1998,14.1,0,0,0,3,9,5,7,10,11,0,0,0,78,9,17,34.6,Matches
Niko Bungert\Niko-Bungert,de GER,DF,Mainz 05,31,1986,3.2,0,0,0,1,2,0,0,1,3,0,0,0,34,7,4,63.6,Matches
Guido Burgstaller\Guido-Burgstaller,at AUT,FW,Schalke 04,29,1989,17,4,0,0,24,24,29,21,1,8,0,0,0,63,23,46,33.3,Matches
Jonathan Burkardt\Jonathan-Burkardt,de GER,FWMF,Mainz 05,18,2000,2.9,0,0,0,2,2,0,5,3,1,0,0,0,22,3,2,60,Matches
Roman Bürki\Roman-Burki,ch SUI,GK,Dortmund,27,1990,32,1,0,0,0,10,0,0,0,0,0,0,0,189,0,0,,Matches
Gaëtan Bussmann\Gaetan-Bussmann,fr FRA,DF,Mainz 05,27,1991,1,0,0,0,4,1,0,1,1,2,0,0,0,13,2,1,66.7,Matches
Jakub B?aszczykowski\Jakub-Blaszczykowski,pl POL,FW,Wolfsburg,32,1985,0.1,0,0,0,0,0,0,0,0,0,0,0,0,1,0,0,,Matches
Caiuby\Caiuby,br BRA,FWMF,Augsburg,30,1988,11.2,3,0,0,19,18,3,21,4,11,0,0,0,93,33,24,57.9,Matches
Daniel Caligiuri\Daniel-Caligiuri,it ITA,DF,Schalke 04,30,1988,30.6,9,0,0,31,38,0,80,35,65,1,1,0,320,24,26,48,Matches
Jan-Ingwer Callsen-Bracker\Jan-Ingwer-Callsen-Bracker,de GER,DF,Augsburg,33,1984,0.1,1,0,0,1,0,0,0,0,0,0,0,0,2,0,0,,Matches
Ignacio Camacho\Ignacio-Camacho,es ESP,MF,Wolfsburg,28,1990,6,3,0,0,14,12,1,2,5,8,0,0,0,98,18,5,78.3,Matches
Jonas Carls\Jonas-Carls,de GER,DF,Schalke 04,21,1997,1,0,0,0,0,0,0,4,2,1,0,0,0,7,0,0,,Matches
Koen Casteels\Koen-Casteels,be BEL,GK,Wolfsburg,26,1992,25.5,0,0,0,0,2,0,0,0,0,0,0,0,142,0,0,,Matches
Gonzalo Castro\Gonzalo-Castro,de GER,MF,Stuttgart,31,1987,18.8,4,0,0,29,16,0,26,20,38,0,2,0,209,9,13,40.9,Matches
Timothy Chandler\Timothy-Chandler,us USA,FW,Eint Frankfurt,28,1990,0.2,0,0,0,0,0,0,2,1,0,0,0,0,0,1,0,100,Matches
Per Ciljan Skjelbred\Per-Ciljan-Skjelbred,no NOR,MF,Hertha BSC,31,1987,11.1,3,0,0,16,10,1,6,8,20,0,0,0,147,6,9,40,Matches
Kingsley Coman\Kingsley-Coman,fr FRA,FWMF,Bayern Munich,22,1996,15.3,2,0,0,17,41,3,67,4,6,0,0,0,103,9,14,39.1,Matches
Sergio Córdova\Sergio-Cordova,ve VEN,FW,Augsburg,20,1997,5.9,1,0,0,16,19,4,5,3,9,0,0,0,38,7,22,24.1,Matches
Danny da Costa\Danny-da-Costa,de GER,DFMF,Eint Frankfurt,25,1993,33.7,1,0,0,33,20,13,101,30,37,0,0,0,308,41,32,56.2,Matches
Mickaël Cuisance\Mickael-Cuisance,fr FRA,MF,M'Gladbach,18,1999,3.1,3,0,0,8,2,0,3,2,5,0,0,0,31,1,3,25,Matches
Matheus Cunha\Matheus-Cunha,br BRA,FWMF,RB Leipzig,19,1999,9.5,1,0,0,33,15,5,11,2,5,1,0,0,58,12,23,34.3,Matches
Christoph Daferner\Christoph-Daferner,de GER,FW,Freiburg,20,1998,0.3,0,0,0,0,0,0,0,0,0,0,0,0,0,0,1,0,Matches
Mahmoud Dahoud\Mahmoud-Dahoud,de GER,MF,Dortmund,22,1996,7.7,2,0,0,12,7,0,0,8,15,0,0,0,78,0,5,0,Matches
Leon Dajaku\Leon-Dajaku,de GER,MFFW,Stuttgart,17,2001,0.3,0,0,0,0,1,0,0,0,0,0,0,0,0,0,0,,Matches
Kevin Danso\Kevin-Danso,at AUT,DF,Augsburg,19,1998,13.9,3,0,0,16,16,0,1,14,14,0,0,1,146,36,20,64.3,Matches
Palkó Dárdai\Palko-Dardai,hu HUN,MFFW,Hertha BSC,19,1999,1.3,0,0,0,3,2,0,3,0,1,0,0,0,7,0,0,,Matches
Vladimír Darida\Vladimir-Darida,cz CZE,MF,Hertha BSC,27,1990,4.2,1,0,0,14,6,0,6,5,4,0,0,0,55,4,5,44.4,Matches
Alphonso Davies\Alphonso-Davies,ca CAN,FWMF,Bayern Munich,17,2000,0.9,1,0,0,1,0,0,0,1,1,0,1,0,8,1,1,50,Matches
Thomas Delaney\Thomas-Delaney,dk DEN,MF,Dortmund,26,1991,25.4,7,0,0,46,25,2,6,35,50,0,0,0,316,42,27,60.9,Matches
Kerem Demirbay\Kerem-Demirbay,de GER,MF,Hoffenheim,25,1993,22.4,6,0,0,46,34,2,40,23,36,0,0,0,279,10,17,37,Matches
Diego Demme\Diego-Demme,de GER,MF,RB Leipzig,26,1991,22.8,4,0,0,37,51,0,31,20,50,0,0,0,307,16,16,50,Matches
Franco Di Santo\Franco-Di-Santo,ar ARG,FWMF,Schalke 04,29,1989,2.7,0,0,0,5,7,2,7,0,3,0,0,0,17,3,5,37.5,Matches
Abdou Diallo\Abdou-Diallo,sn SEN,DF,Dortmund,22,1996,26.4,1,1,0,21,13,1,18,26,23,0,0,0,252,35,19,64.8,Matches
Daniel Didavi\Daniel-Didavi,de GER,MFFW,Stuttgart,28,1990,10.6,0,0,0,12,31,6,30,6,14,0,0,0,67,4,11,26.7,Matches
Tim Dierßen\Tim-Dierssen,de GER,FW,Hannover 96,22,1996,0.2,0,0,0,0,0,0,0,0,0,0,0,0,0,0,0,,Matches
Javairô Dilrosun\Javairo-Dilrosun,nl NED,FWMF,Hertha BSC,20,1998,10,2,0,0,8,21,0,30,9,9,0,0,0,57,1,11,8.3,Matches
Giulio Donati\Giulio-Donati,it ITA,DF,Mainz 05,28,1990,6.9,2,0,0,6,6,0,26,11,8,0,0,0,66,5,10,33.3,Matches
Ji Dong-won\Ji-Dong-won,kr KOR,FWMF,Augsburg,27,1991,9.9,2,0,0,15,9,1,14,3,9,0,0,0,97,22,18,55,Matches
Anastasios Donis\Anastasios-Donis,gr GRE,FWMF,Stuttgart,21,1996,10.7,4,0,0,21,13,15,25,4,15,0,0,0,37,4,36,10,Matches
Aleksandar Dragovi?\Aleksandar-Dragovic,at AUT,DF,Leverkusen,27,1991,14.8,4,0,0,11,7,3,0,17,11,0,1,0,171,20,16,55.6,Matches
Josip Drmi?\Josip-Drmic,ch SUI,FW,M'Gladbach,25,1992,2.5,0,0,0,4,0,1,2,2,0,0,0,0,11,3,5,37.5,Matches
Jaroslav Drobný\Jaroslav-Drobny,cz CZE,GK,Düsseldorf,38,1979,2,0,0,0,0,0,0,0,0,0,0,0,0,6,0,0,,Matches
Marvin Ducksch\Marvin-Ducksch,de GER,FW,Düsseldorf,24,1994,9.1,1,0,0,3,8,4,16,4,1,0,0,0,42,9,7,56.3,Matches
Ondrej Duda\Ondrej-Duda,sk SVK,MF,Hertha BSC,23,1994,28.5,7,0,0,77,44,6,25,18,33,0,0,0,279,22,34,39.3,Matches
Johannes Eggestein\Johannes-Eggestein,de GER,FWMF,Werder Bremen,20,1998,12.4,0,0,0,15,15,1,13,6,5,0,0,0,106,9,28,24.3,Matches
Maximilian Eggestein\Maximilian-Eggestein,de GER,MF,Werder Bremen,21,1996,33.9,4,0,0,37,40,0,35,28,47,0,0,0,368,32,36,47.1,Matches
Josip Elez\Josip-Elez,hr CRO,DF,Hannover 96,24,1994,7.2,1,0,0,6,2,0,1,4,4,0,0,0,79,10,7,58.8,Matches
Nico Elvedi\Nico-Elvedi,ch SUI,DF,M'Gladbach,21,1996,29.1,1,0,0,18,14,1,1,47,25,0,0,0,333,58,35,62.4,Matches
Breel Embolo\Breel-Embolo,ch SUI,FW,Schalke 04,21,1997,14.9,4,0,0,30,31,9,9,5,16,1,0,0,66,19,42,31.1,Matches
Patrick Erras\Patrick-Erras,de GER,MF,Nürnberg,23,1995,13.6,1,0,0,9,2,0,1,13,13,0,1,0,142,31,21,59.6,Matches
Michael Esser\Michael-Esser,de GER,GK,Hannover 96,30,1987,32,3,0,0,0,6,0,1,0,1,0,0,0,173,0,1,0,Matches
Alexander Esswein\Alexander-Esswein,de GER,FWMF,Stuttgart,28,1990,13.9,3,0,0,18,17,10,43,10,12,0,0,0,73,11,21,34.4,Matches
Ewerton\Ewerton,br BRA,DF,Nürnberg,29,1989,14.9,2,0,0,17,3,1,0,19,18,0,0,1,150,53,20,72.6,Matches
Marco Fabián\Marco-Fabian,mx MEX,FW,Eint Frankfurt,29,1989,0.7,0,0,0,1,1,0,1,5,2,0,0,0,3,0,0,,Matches
Ralf Fährmann\Ralf-Fahrmann,de GER,GK,Schalke 04,29,1988,16.3,0,0,0,0,0,0,0,0,0,0,0,0,64,0,0,,Matches
Simon Falette\Simon-Falette,gn GUI,DF,Eint Frankfurt,26,1992,6.7,0,0,0,5,4,1,1,8,8,0,0,0,94,8,5,61.5,Matches
Felipe\Felipe,br BRA,DF,Hannover 96,31,1987,12.2,5,1,1,17,17,0,3,22,20,0,1,0,139,23,15,60.5,Matches
Ohis Felix Uduokhai\Ohis-Felix-Uduokhai,de GER,DF,Wolfsburg,20,1997,2.7,2,0,0,8,5,0,2,5,6,0,0,0,18,5,1,83.3,Matches
Gelson Fernandes\Gelson-Fernandes,ch SUI,MF,Eint Frankfurt,31,1986,24.7,10,1,1,56,6,0,3,35,52,0,0,0,308,27,40,40.3,Matches
Oliver Fink\Oliver-Fink,de GER,MF,Düsseldorf,36,1982,11.7,4,0,0,25,19,3,11,9,33,0,0,0,101,51,61,45.5,Matches
Alfreð Finnbogason\Alfred-Finnbogason,is ISL,FW,Augsburg,29,1989,14.8,2,0,0,34,11,24,6,2,5,1,0,0,59,13,19,40.6,Matches
Mark Flekken\Mark-Flekken,nl NED,GK,Freiburg,25,1993,1,0,0,0,0,0,0,0,0,0,0,0,0,1,0,0,,Matches
Emil Forsberg\Emil-Forsberg,se SWE,MFFW,RB Leipzig,26,1991,13.9,0,0,0,7,24,3,18,3,6,0,0,0,84,7,6,53.8,Matches
Iver Fossum\Iver-Fossum,no NOR,MFFW,Hannover 96,22,1996,5.1,0,0,0,2,3,0,7,2,2,0,0,0,54,1,5,16.7,Matches
Raphael Framberger\Raphael-Framberger,de GER,DFMF,Augsburg,22,1995,6.1,2,0,0,6,7,0,20,3,5,0,0,0,71,2,4,33.3,Matches
Mike Frantz\Mike-Frantz,de GER,MFFW,Freiburg,31,1986,24.6,2,0,0,20,35,5,30,9,19,1,0,0,153,34,32,51.5,Matches
Marco Friedl\Marco-Friedl,at AUT,DF,Werder Bremen,20,1998,5.3,3,0,0,8,5,0,2,8,8,0,1,0,32,7,2,77.8,Matches
Alexander Fuchs\Alexander-Fuchs,de GER,MF,Nürnberg,21,1997,7.3,3,0,0,14,12,0,3,6,11,0,0,0,61,2,5,28.6,Matches
Niclas Füllkrug\Niclas-Fullkrug,de GER,FW,Hannover 96,25,1993,12.4,1,0,0,20,14,5,4,0,0,1,0,0,40,46,33,58.2,Matches
Mijat Ga?inovi?\Mijat-Gacinovic,rs SRB,MF,Eint Frankfurt,23,1995,18.1,3,0,0,20,41,2,19,25,17,1,0,0,166,5,17,22.7,Matches
Jean-Philippe Gbamin\Jean-Philippe-Gbamin,ci CIV,MF,Mainz 05,22,1995,29.7,3,0,0,40,30,1,16,31,32,0,1,0,389,39,33,54.2,Matches
Theodor Gebre Selassie\Theodor-Gebre-Selassie,cz CZE,DF,Werder Bremen,31,1986,31.3,2,0,0,33,33,3,35,54,41,1,0,0,266,74,46,61.7,Matches
Dennis Geiger\Dennis-Geiger,de GER,MFFW,Hoffenheim,20,1998,2.7,1,0,0,5,6,0,2,3,1,1,0,0,26,1,5,16.7,Matches
Christian Gentner\Christian-Gentner,de GER,MF,Stuttgart,32,1985,22.4,3,0,0,31,31,3,27,22,34,0,0,1,238,21,16,56.8,Matches
Yannick Gerhardt\Yannick-Gerhardt,de GER,MF,Wolfsburg,24,1994,27.3,2,0,0,29,41,5,39,20,34,1,0,0,232,15,33,31.3,Matches
Fabian Giefer\Fabian-Giefer,de GER,GK,Augsburg,28,1990,4,0,0,0,0,1,0,0,0,0,0,0,0,27,0,0,,Matches
Niko Gießelmann\Niko-Giesselmann,de GER,DF,Düsseldorf,26,1991,28.8,2,0,0,27,39,4,51,19,34,1,0,0,232,37,21,63.8,Matches
Daniel Ginczek\Daniel-Ginczek,de GER,FW,Wolfsburg,27,1991,14.2,4,0,0,14,14,4,19,2,9,0,0,0,78,16,19,45.7,Matches
Matthias Ginter\Matthias-Ginter,de GER,DF,M'Gladbach,24,1994,26.4,2,0,0,12,15,2,7,17,16,0,0,0,227,55,34,61.8,Matches
Serge Gnabry\Serge-Gnabry,de GER,FWMF,Bayern Munich,23,1995,19.6,0,0,0,25,15,13,43,15,32,0,0,0,110,3,13,18.8,Matches
Kevin Goden\Kevin-Goden,de GER,DFFW,Nürnberg,19,1999,3,1,0,0,2,0,0,3,6,4,0,0,0,24,5,1,83.3,Matches
Mario Gómez\Mario-Gomez,de GER,FW,Stuttgart,33,1985,24.6,4,1,1,33,22,13,11,6,16,0,0,0,82,52,50,51,Matches
Jérôme Gondorf\Jerome-Gondorf,de GER,MFFW,Freiburg,30,1988,14.4,3,0,0,30,25,2,27,12,23,0,0,0,160,9,17,34.6,Matches
Nicolás González\Nicolas-Gonzalez,ar ARG,FWMF,Stuttgart,20,1998,24,2,1,0,29,49,10,34,8,16,0,0,0,133,86,64,57.3,Matches
Leon Goretzka\Leon-Goretzka,de GER,MF,Bayern Munich,23,1995,22.5,3,0,0,28,20,1,16,14,24,0,0,1,206,22,31,41.5,Matches
Felix Götze\Felix-Gotze,de GER,MF,Augsburg,20,1998,1.4,0,0,0,2,2,0,0,1,1,0,0,0,14,1,4,20,Matches
Mario Götze\Mario-Gotze,de GER,FWMF,Dortmund,26,1992,18.6,0,0,0,21,26,11,29,6,17,0,0,0,120,3,20,13,Matches
Jeffrey Gouweleeuw\Jeffrey-Gouweleeuw,nl NED,DF,Augsburg,27,1991,23.2,4,0,0,22,9,0,4,26,32,0,0,0,343,33,29,53.2,Matches
Michael Gregoritsch\Michael-Gregoritsch,at AUT,MFFW,Augsburg,24,1994,27.6,4,0,0,28,28,17,19,9,20,0,0,0,192,46,65,41.4,Matches
Vincenzo Grifo\Vincenzo-Grifo,it ITA,MFFW,Freiburg,25,1993,15.9,1,0,0,8,17,9,38,4,11,1,0,0,123,5,12,29.4,Matches
Vincenzo Grifo\Vincenzo-Grifo,it ITA,MFFW,Hoffenheim,25,1993,3.7,0,0,0,5,2,1,6,1,3,0,0,0,29,1,0,100,Matches
Florian Grillitsch\Florian-Grillitsch,at AUT,MF,Hoffenheim,22,1995,26.6,8,0,0,42,47,0,9,53,45,0,1,0,387,36,38,48.6,Matches
Marko Gruji?\Marko-Grujic,rs SRB,MF,Hertha BSC,22,1996,19.8,5,0,0,45,22,0,12,17,31,0,1,0,211,59,30,66.3,Matches
Raphaël Guerreiro\Raphael-Guerreiro,pt POR,FWDF,Dortmund,24,1993,17,2,0,0,10,22,3,29,17,24,0,0,0,129,5,14,26.3,Matches
Josuha Guilavogui\Josuha-Guilavogui,fr FRA,MF,Wolfsburg,27,1990,17.4,5,0,0,24,8,0,3,40,23,0,0,0,240,31,12,72.1,Matches
Péter Gulácsi\Peter-Gulacsi,hu HUN,GK,RB Leipzig,28,1990,32.5,0,0,0,0,2,0,0,0,0,0,0,0,216,0,0,,Matches
Manuel Gulde\Manuel-Gulde,de GER,DF,Freiburg,27,1991,19,3,0,0,10,21,1,1,11,15,0,0,0,195,17,13,56.7,Matches
Christian Günter\Christian-Gunter,de GER,DF,Freiburg,25,1993,32,4,1,1,28,27,5,106,19,25,0,0,0,204,10,16,38.5,Matches
Ahmet Gürleyen\Ahmet-Gurleyen,de GER,DF,Mainz 05,19,1999,0.1,0,0,0,0,1,0,0,0,0,0,0,0,1,1,1,50,Matches
Jonathan de Guzmán\Jonathan-de-Guzman,nl NED,MF,Eint Frankfurt,30,1987,17.4,4,0,0,20,17,2,41,10,22,0,0,0,188,16,11,59.3,Matches
Janik Haberer\Janik-Haberer,de GER,MFFW,Freiburg,24,1994,26,5,1,1,48,47,3,17,26,45,0,0,0,299,43,45,48.9,Matches
Alexander Hack\Alexander-Hack,de GER,DF,Mainz 05,24,1993,11.3,1,0,0,13,8,0,1,27,10,0,1,0,185,31,22,58.5,Matches
Benjamin Hadži?\Benjamin-Hadzic,ba BIH,FWMF,Hannover 96,19,1999,0.3,0,0,0,2,0,0,0,0,0,0,0,0,1,0,1,0,Matches
André Hahn\Andre-Hahn,de GER,FWMF,Augsburg,27,1990,22.8,7,0,0,67,22,20,62,19,34,0,0,0,130,40,44,47.6,Matches
Amadou Haidara\Amadou-Haidara,ml MLI,MF,RB Leipzig,20,1998,4.2,1,0,0,10,5,1,4,6,7,0,0,0,48,10,9,52.6,Matches
Achraf Hakimi\Achraf-Hakimi,ma MAR,DF,Dortmund,19,1998,19.3,4,0,0,14,35,0,40,12,20,0,0,0,189,13,10,56.5,Matches
Sébastien Haller\Sebastien-Haller,ci CIV,FW,Eint Frankfurt,24,1994,24.2,3,0,0,42,44,20,13,9,17,0,0,0,120,122,101,54.7,Matches
Marcel Halstenberg\Marcel-Halstenberg,de GER,DF,RB Leipzig,26,1991,26.8,2,0,0,24,21,2,69,26,35,1,0,0,305,55,30,64.7,Matches
Genki Haraguchi\Genki-Haraguchi,jp JPN,MFDF,Hannover 96,27,1991,23.7,1,0,0,34,35,1,30,13,27,0,1,0,186,25,22,53.2,Matches
Amine Harit\Amine-Harit,ma MAR,MFFW,Schalke 04,21,1997,12,1,0,0,11,50,2,8,12,9,1,0,0,91,4,10,28.6,Matches
Martin Harnik\Martin-Harnik,at AUT,FWMF,Werder Bremen,31,1987,9.2,2,0,0,17,6,8,13,2,6,0,0,0,56,18,31,36.7,Matches
Makoto Hasebe\Makoto-Hasebe,jp JPN,DFMF,Eint Frankfurt,34,1984,28,4,0,0,18,31,1,1,36,27,0,0,0,421,20,30,40,Matches
Kai Havertz\Kai-Havertz,de GER,MFFW,Leverkusen,19,1999,32.2,2,0,0,24,52,4,32,19,24,0,0,0,234,43,57,43,Matches
Thorgan Hazard\Thorgan-Hazard,be BEL,FWDF,M'Gladbach,25,1993,31.9,1,0,0,27,63,16,98,25,29,0,1,0,237,11,52,17.5,Matches
Dominique Heintz\Dominique-Heintz,de GER,DF,Freiburg,24,1993,33.9,5,0,0,30,15,2,7,40,20,0,3,0,314,37,31,54.4,Matches
Rouwen Hennings\Rouwen-Hennings,de GER,FW,Düsseldorf,30,1987,20.4,3,0,0,23,22,8,13,3,12,0,1,0,69,34,54,38.6,Matches
Benjamin Henrichs\Benjamin-Henrichs,de GER,DF,Leverkusen,21,1997,0.7,1,0,0,3,1,0,2,2,0,0,1,0,5,0,0,,Matches
Patrick Herrmann\Patrick-Herrmann,de GER,FWDF,M'Gladbach,27,1991,12,1,0,0,16,12,3,46,5,10,0,1,0,78,7,12,36.8,Matches
Martin Hinteregger\Martin-Hinteregger,at AUT,DF,Eint Frankfurt,25,1992,12.7,3,0,0,11,10,0,1,20,20,0,0,1,164,39,20,66.1,Matches
Martin Hinteregger\Martin-Hinteregger,at AUT,DF,Augsburg,25,1992,17.5,0,0,0,17,16,2,1,19,29,0,0,0,250,40,18,69,Matches
Marwin Hitz\Marwin-Hitz,ch SUI,GK,Dortmund,30,1987,2,1,0,0,1,1,0,0,0,0,0,1,0,11,0,0,,Matches
André Hoffmann\Andre-Hoffmann,de GER,DFMF,Düsseldorf,25,1993,11.7,4,0,0,16,4,1,0,19,14,0,0,0,96,16,18,47.1,Matches
Nicolas Höfler\Nicolas-Hofler,de GER,MF,Freiburg,28,1990,17.9,6,0,0,26,24,0,0,25,22,0,0,0,207,15,19,44.1,Matches
Jonas Hofmann\Jonas-Hofmann,de GER,MF,M'Gladbach,26,1992,21.2,2,0,0,20,25,5,19,21,26,0,0,0,176,7,24,22.6,Matches
Lucas Höler\Lucas-Holer,de GER,FWMF,Freiburg,24,1994,11.2,0,0,0,17,27,4,10,4,13,0,0,0,50,13,23,36.1,Matches
Gerrit Holtmann\Gerrit-Holtmann,de GER,FWMF,Mainz 05,23,1995,1.6,2,0,0,3,2,0,1,3,0,0,0,0,7,0,2,0,Matches
Justin Hoogma\Justin-Hoogma,nl NED,DFMF,Hoffenheim,20,1998,1.2,0,0,0,0,0,0,0,3,2,0,0,0,17,1,3,25,Matches
Lukáš Hrádecký\Lukas-Hradecky,fi FIN,GK,Leverkusen,28,1989,32,1,0,0,0,3,0,0,0,0,0,0,0,162,0,0,,Matches
Branimir Hrgota\Branimir-Hrgota,se SWE,FW,Eint Frankfurt,25,1993,0.1,0,0,0,0,0,0,0,0,0,0,0,0,1,0,0,,Matches
Benjamin Hübner\Benjamin-Hubner,de GER,DF,Hoffenheim,29,1989,9,2,0,0,8,10,0,1,11,18,0,0,0,63,18,14,56.3,Matches
Mats Hummels\Mats-Hummels,de GER,DF,Bayern Munich,29,1988,19.7,1,0,0,10,9,1,0,27,13,0,1,0,245,62,24,72.1,Matches
Vedad Ibiševi?\Vedad-Ibisevic,ba BIH,FW,Hertha BSC,33,1984,20.1,5,1,0,39,15,26,8,2,10,0,0,1,65,47,53,47,Matches
Ivo Ili?evi?\Ivo-Ilicevic,hr CRO,MF,Nürnberg,31,1986,0.4,1,0,0,1,2,0,0,0,0,0,0,0,2,0,3,0,Matches
Stefan Ilsanker\Stefan-Ilsanker,at AUT,DFMF,RB Leipzig,29,1989,10.4,5,1,0,21,9,0,1,10,17,0,1,0,160,23,11,67.6,Matches
Emiliano Insúa\Emiliano-Insua,ar ARG,DF,Stuttgart,29,1989,23.5,4,1,0,18,12,1,71,21,33,0,0,0,241,15,15,50,Matches
Mikael Ishak\Mikael-Ishak,se SWE,FW,Nürnberg,25,1993,21.3,1,0,0,24,32,16,8,5,10,0,0,0,93,20,69,22.5,Matches
Gian-Luca Itter\Gian-Luca-Itter,de GER,DF,Wolfsburg,19,1999,1,0,0,0,1,3,0,0,0,2,0,0,0,10,0,1,0,Matches
Koo Ja-cheol\Koo-Ja-cheol,kr KOR,MFFW,Augsburg,29,1989,18.2,3,0,0,26,36,2,8,16,21,0,0,0,181,15,30,33.3,Matches
Lukas Jäger\Lukas-Jager,at AUT,MF,Nürnberg,24,1994,0.3,0,0,0,0,0,0,0,1,0,0,0,0,1,1,0,100,Matches
Christoph Janker\Christoph-Janker,de GER,MFFW,Augsburg,33,1985,0.8,0,0,0,3,1,0,0,0,0,0,0,0,1,0,1,0,Matches
Tony Jantschke\Tony-Jantschke,de GER,DF,M'Gladbach,28,1990,10.4,0,0,0,6,12,0,1,11,5,0,0,0,112,19,11,63.3,Matches
Rune Jarstein\Rune-Jarstein,no NOR,GK,Hertha BSC,33,1984,30.5,2,0,0,0,3,0,0,0,0,0,0,0,139,0,0,,Matches
Dennis Jastrzembski\Dennis-Jastrzembski,pl POL,DFMF,Hertha BSC,18,2000,0.7,1,0,0,4,1,0,1,0,0,0,0,0,5,0,0,,Matches
Tin Jedvaj\Tin-Jedvaj,hr CRO,DF,Leverkusen,22,1995,12.5,3,0,0,13,8,1,9,14,11,0,0,0,125,21,12,63.6,Matches
Fredrik Jensen\Fredrik-Jensen,fi FIN,FWMF,Augsburg,20,1997,2.3,0,0,0,4,0,0,2,0,3,0,0,0,17,6,3,66.7,Matches
Joelinton\Joelinton,br BRA,FWMF,Hoffenheim,21,1996,23.7,5,0,0,56,28,4,14,15,20,1,0,0,158,35,66,34.7,Matches
Aron Jóhannsson\Aron-Johannsson,us USA,MF,Werder Bremen,27,1990,0,0,0,0,0,0,0,0,0,0,0,0,0,0,0,0,,Matches
Fabian Johnson\Fabian-Johnson,us USA,DFFW,M'Gladbach,30,1987,11.2,1,0,0,4,15,3,12,7,6,1,0,0,81,6,14,30,Matches
Jonathas\Jonathas,br BRA,FW,Hannover 96,29,1989,6.7,3,1,1,16,14,16,2,4,3,0,0,0,35,14,37,27.5,Matches
Luka Jovi?\Luka-Jovic,rs SRB,FWMF,Eint Frankfurt,20,1997,24.9,1,0,0,30,45,17,19,7,11,0,0,0,120,26,55,32.1,Matches
Sebastian Jung\Sebastian-Jung,de GER,DF,Wolfsburg,28,1990,0.6,0,0,0,0,0,0,3,0,1,0,0,0,5,0,0,,Matches
Ozan Kabak\Ozan-Kabak,tr TUR,DF,Stuttgart,18,2000,15,4,0,0,21,13,0,2,17,32,0,0,0,133,38,19,66.7,Matches
Pavel Kade?ábek\Pavel-Kaderabek,cz CZE,DFMF,Hoffenheim,26,1992,27.9,7,0,0,35,20,1,79,19,15,0,1,0,216,42,23,64.6,Matches
Shinji Kagawa\Shinji-Kagawa,jp JPN,MF,Dortmund,29,1989,1.1,0,0,0,1,0,0,2,0,0,0,0,0,6,0,0,,Matches
Florian Kainz\Florian-Kainz,at AUT,FW,Werder Bremen,25,1992,4.1,2,0,0,3,8,0,17,2,6,0,0,0,28,3,5,37.5,Matches
Salomon Kalou\Salomon-Kalou,ci CIV,FWMF,Hertha BSC,32,1985,25.7,0,0,0,29,23,17,26,7,13,1,0,0,135,25,59,29.8,Matches
Marcin Kami?ski\Marcin-Kaminski,pl POL,DF,Düsseldorf,26,1992,27,1,0,0,7,11,1,4,37,12,0,0,0,226,34,20,63,Matches
Patrick Kammerbauer\Patrick-Kammerbauer,de GER,FW,Freiburg,21,1997,0,0,0,0,0,0,0,0,0,0,0,0,0,0,0,0,,Matches
Kevin Kampl\Kevin-Kampl,si SVN,MF,RB Leipzig,27,1990,23.5,5,0,0,30,9,7,32,27,25,0,0,0,269,12,12,50,Matches
Stefanos Kapino\Stefanos-Kapino,gr GRE,GK,Werder Bremen,24,1994,0.5,0,0,0,0,0,0,0,0,0,0,0,0,2,0,0,,Matches
Kenan Karaman\Kenan-Karaman,tr TUR,FWMF,Düsseldorf,24,1994,10.2,0,0,0,14,14,6,12,2,8,1,0,0,49,13,29,31,Matches
Marc-Oliver Kempf\Marc-Oliver-Kempf,de GER,DF,Stuttgart,23,1995,22.5,3,0,0,24,30,0,5,41,18,0,1,0,269,86,45,65.6,Matches
Sebastian Kerk\Sebastian-Kerk,de GER,MFFW,Nürnberg,24,1994,13.1,0,0,0,8,12,1,34,7,7,0,0,0,95,6,7,46.2,Matches
Rani Khedira\Rani-Khedira,de GER,DFMF,Augsburg,24,1994,29.2,6,0,0,47,24,0,10,33,44,0,0,0,342,39,36,52,Matches
Isaac Kiese Thelin\Isaac-Kiese-Thelin,se SWE,FW,Leverkusen,26,1992,2,1,0,0,5,0,0,0,0,2,0,0,0,4,9,3,75,Matches
Joshua Kimmich\Joshua-Kimmich,de GER,DFMF,Bayern Munich,23,1995,34,4,0,0,28,51,2,126,19,34,1,0,0,349,15,15,50,Matches
Davy Klaassen\Davy-Klaassen,nl NED,MF,Werder Bremen,25,1993,31.3,5,0,0,48,25,1,27,35,52,1,0,0,306,27,38,41.5,Matches
Felix Klaus\Felix-Klaus,de GER,FWMF,Wolfsburg,25,1992,4.9,0,0,0,8,11,3,13,3,5,0,0,0,39,2,14,12.5,Matches
Tim Kleindienst\Tim-Kleindienst,de GER,FW,Freiburg,22,1995,2.2,0,0,0,8,1,3,1,1,3,0,0,0,6,5,7,41.7,Matches
Lukas Klostermann\Lukas-Klostermann,de GER,DF,RB Leipzig,22,1996,22.3,1,0,0,17,11,1,35,24,25,0,0,0,243,24,20,54.5,Matches
Lukas Klünter\Lukas-Klunter,de GER,DF,Hertha BSC,22,1996,6.6,2,1,1,9,8,0,15,11,7,0,0,0,62,9,5,64.3,Matches
Robin Knoche\Robin-Knoche,de GER,DF,Wolfsburg,26,1992,31,0,0,0,15,18,0,2,26,20,0,1,0,351,51,35,59.3,Matches
Törles Knöll\Torles-Knoll,de GER,FW,Nürnberg,20,1997,4.1,0,0,0,11,1,2,1,1,3,0,0,0,18,8,5,61.5,Matches
Gregor Kobel\Gregor-Kobel,ch SUI,GK,Hoffenheim,20,1997,1,0,0,0,0,0,0,0,0,0,0,0,0,7,0,0,,Matches
Gregor Kobel\Gregor-Kobel,ch SUI,GK,Augsburg,20,1997,15.4,0,0,0,0,2,0,0,0,0,0,0,0,79,0,1,0,Matches
Robin Koch\Robin-Koch,de GER,MFDF,Freiburg,22,1996,21.1,3,0,0,20,18,2,0,21,12,0,1,0,239,48,35,57.8,Matches
Dominik Kohr\Dominik-Kohr,de GER,MF,Leverkusen,24,1994,10.8,4,0,0,22,13,0,3,10,24,0,0,0,137,7,10,41.2,Matches
Ibrahima Konaté\Ibrahima-Konate,fr FRA,DF,RB Leipzig,19,1999,27,7,0,0,38,26,0,2,41,34,0,1,0,339,76,26,74.5,Matches
Yevhen Konoplyanka\Yevhen-Konoplyanka,ua UKR,FW,Schalke 04,28,1989,7.3,0,1,0,9,10,0,18,2,2,0,0,0,29,1,3,25,Matches
Pascal Köpke\Pascal-Kopke,de GER,FWMF,Hertha BSC,22,1995,0.8,0,0,0,1,1,0,2,0,0,1,0,0,4,0,2,0,Matches
Julian Korb\Julian-Korb,de GER,DF,Hannover 96,26,1992,11.2,0,0,0,15,5,1,20,17,16,0,0,0,98,6,9,40,Matches
Filip Kosti?\Filip-Kostic,rs SRB,DFMF,Eint Frankfurt,25,1992,32.8,4,0,0,26,39,3,183,20,41,0,1,0,326,31,25,55.4,Matches
Dawid Kownacki\Dawid-Kownacki,pl POL,MFFW,Düsseldorf,21,1997,6.4,2,0,0,4,9,2,9,1,4,0,0,0,42,12,15,44.4,Matches
Thomas Kraft\Thomas-Kraft,de GER,GK,Hertha BSC,30,1988,3.5,0,0,0,0,0,0,0,0,0,0,0,0,18,0,0,,Matches
Andrej Kramari?\Andrej-Kramaric,hr CRO,MFFW,Hoffenheim,27,1991,26.6,2,0,0,8,20,11,48,8,11,0,0,0,179,3,18,14.3,Matches
Christoph Kramer\Christoph-Kramer,de GER,MF,M'Gladbach,27,1991,12.6,6,0,0,24,14,1,8,10,33,0,0,0,162,12,19,38.7,Matches
Max Kruse\Max-Kruse,de GER,FWMF,Werder Bremen,30,1988,31.5,0,0,0,24,33,6,86,7,8,1,0,0,220,18,20,47.4,Matches
Lukas Kübler\Lukas-Kubler,de GER,DF,Freiburg,25,1992,13.2,2,0,0,17,21,0,24,23,19,0,0,0,137,15,17,46.9,Matches
Yuya Kubo\Yuya-Kubo,jp JPN,FWMF,Nürnberg,24,1993,15.1,2,0,0,20,23,5,16,12,11,0,0,0,81,4,12,25,Matches
Pierre Kunde\Pierre-Kunde,cm CMR,MF,Mainz 05,23,1995,21.2,5,0,0,26,28,1,19,24,35,0,0,0,291,19,11,63.3,Matches
Ahmed Kutucu\Ahmed-Kutucu,tr TUR,FWMF,Schalke 04,18,2000,4.7,0,0,0,10,9,2,3,0,2,0,0,0,39,5,14,26.3,Matches
Konrad Laimer\Konrad-Laimer,at AUT,MFDF,RB Leipzig,21,1997,20.8,7,0,0,42,18,2,29,30,43,0,0,0,224,16,21,43.2,Matches
Michael Lang\Michael-Lang,ch SUI,DF,M'Gladbach,27,1991,13.9,0,0,0,10,7,2,15,9,2,0,0,0,123,14,7,66.7,Matches
Sebastian Langkamp\Sebastian-Langkamp,de GER,DF,Werder Bremen,30,1988,15.7,4,0,0,13,15,1,0,13,16,0,1,0,160,21,22,48.8,Matches
Danny Latza\Danny-Latza,de GER,MF,Mainz 05,28,1989,20.7,4,0,0,25,40,2,6,17,17,1,0,0,236,22,21,51.2,Matches
Valentino Lazaro\Valentino-Lazaro,at AUT,DFMF,Hertha BSC,22,1996,30.5,6,0,0,23,28,5,73,38,30,0,0,0,272,16,32,33.3,Matches
Mathew Leckie\Mathew-Leckie,au AUS,FWMF,Hertha BSC,27,1991,10.5,3,0,0,18,19,5,22,11,13,0,0,0,72,32,23,58.2,Matches
Tim Leibold\Tim-Leibold,de GER,DF,Nürnberg,24,1993,30.7,6,1,0,31,43,2,55,27,48,2,0,0,276,24,14,63.2,Matches
Robert Lewandowski\Robert-Lewandowski,pl POL,FW,Bayern Munich,29,1988,32.9,2,0,0,26,47,29,13,3,9,1,0,0,113,39,49,44.3,Matches
Philipp Lienhart\Philipp-Lienhart,at AUT,DF,Freiburg,22,1996,6.8,0,0,0,4,5,0,2,13,6,0,0,0,45,18,6,75,Matches
Davor Lovren\Davor-Lovren,hr CRO,MFFW,Düsseldorf,19,1998,0.5,0,0,0,0,1,0,0,0,1,0,0,0,2,1,0,100,Matches
Eduard Löwen\Eduard-Lowen,de GER,MFFW,Nürnberg,21,1997,18,3,0,0,19,27,0,12,9,25,0,0,0,185,16,26,38.1,Matches
Derrick Luckassen\Derrick-Luckassen,nl NED,DF,Hertha BSC,23,1995,2.8,0,0,0,1,4,1,0,2,2,0,0,0,34,4,3,57.1,Matches
Dodi Lukebakio\Dodi-Lukebakio,be BEL,FWMF,Düsseldorf,20,1997,21.9,6,0,0,30,50,14,41,6,15,1,1,0,112,14,16,46.7,Matches
Fabian Lustenberger\Fabian-Lustenberger,ch SUI,DFMF,Hertha BSC,30,1988,24.1,2,0,0,17,34,0,1,28,38,0,0,0,303,34,21,61.8,Matches
Andreas Luthe\Andreas-Luthe,de GER,GK,Augsburg,31,1987,14.6,0,0,0,0,1,0,0,0,0,0,0,0,71,0,0,,Matches
Pablo Maffeo\Pablo-Maffeo,es ESP,DFMF,Stuttgart,21,1997,6.6,1,0,0,4,12,0,19,8,10,0,0,0,68,4,11,26.7,Matches
Arne Maier\Arne-Maier,de GER,MF,Hertha BSC,19,1999,22.9,2,0,0,19,16,0,10,23,19,0,1,0,261,17,15,53.1,Matches
Linton Maina\Linton-Maina,de GER,MFFW,Hannover 96,19,1999,15.7,0,0,0,11,15,1,27,17,24,0,0,0,131,1,14,6.7,Matches
Yunus Mall?\Yunus-Malli,tr TUR,MFFW,Wolfsburg,26,1992,7.8,0,0,0,7,7,2,9,4,7,0,0,0,65,3,12,20,Matches
Georg Margreitter\Georg-Margreitter,at AUT,DF,Nürnberg,29,1988,22.9,2,0,0,10,14,1,3,21,24,1,0,0,221,32,22,59.3,Matches
Aarón Martín\Aaron-Martin,es ESP,DF,Mainz 05,21,1997,32,3,0,0,29,28,6,115,28,20,1,0,0,265,14,25,35.9,Matches
Javi Martínez\Javi-Martinez,es ESP,MF,Bayern Munich,29,1988,14.5,3,0,0,12,14,0,5,14,16,0,0,0,198,37,21,63.8,Matches
Omar Mascarell\Omar-Mascarell,es ESP,MF,Schalke 04,25,1993,11,2,0,0,14,5,0,1,13,10,0,0,0,147,9,10,47.4,Matches
Jean-Philippe Mateta\Jean-Philippe-Mateta,fr FRA,FW,Mainz 05,21,1997,27.6,2,0,0,33,30,36,25,4,11,1,0,0,107,61,59,50.8,Matches
Christian Mathenia\Christian-Mathenia,de GER,GK,Nürnberg,26,1992,21.5,2,0,0,0,5,0,0,0,0,0,0,0,110,0,0,,Matches
Rabbi Matondo\Rabbi-Matondo,wal WAL,FWMF,Schalke 04,17,2000,2.1,0,0,0,3,0,0,4,0,1,0,0,0,10,1,6,14.3,Matches
Philipp Max\Philipp-Max,de GER,DFMF,Augsburg,24,1993,28.5,1,0,0,13,21,3,102,18,20,0,0,0,176,26,26,50,Matches
Alexandru Maxim\Alexandru-Maxim,ro ROU,MF,Mainz 05,28,1990,6.4,3,0,0,9,7,3,12,3,9,0,0,0,64,2,7,22.2,Matches
Weston McKennie\Weston-McKennie,us USA,MFDF,Schalke 04,19,1998,19.4,6,0,0,34,17,5,17,25,16,1,0,0,180,51,42,54.8,Matches
Admir Mehmedi\Admir-Mehmedi,ch SUI,FWMF,Wolfsburg,27,1991,18.8,1,0,0,29,38,18,46,11,34,0,0,0,129,17,36,32.1,Matches
Hamza Mendyl\Hamza-Mendyl,ma MAR,DFMF,Schalke 04,20,1997,6,5,0,0,11,6,0,13,8,14,0,0,0,44,3,3,50,Matches
Virgil Misidjan\Virgil-Misidjan,nl NED,FWMF,Nürnberg,25,1993,17.1,5,0,0,35,54,10,39,6,13,1,0,0,109,8,18,30.8,Matches
Maximilian Mittelstädt\Maximilian-Mittelstadt,de GER,DFMF,Hertha BSC,21,1997,20,3,1,1,16,23,1,47,28,24,0,0,0,216,29,13,69,Matches
Kevin Möhwald\Kevin-Mohwald,de GER,MFFW,Werder Bremen,25,1993,9.7,2,0,0,15,25,0,5,16,10,0,0,0,121,7,11,38.9,Matches
Niklas Moisander\Niklas-Moisander,fi FIN,DF,Werder Bremen,32,1985,29.3,7,1,1,35,13,1,14,35,23,0,1,0,331,28,25,52.8,Matches
Alfredo Morales\Alfredo-Morales,us USA,MF,Düsseldorf,28,1990,17,6,0,0,43,16,1,6,19,17,0,0,0,172,54,34,61.4,Matches
Jan Morávek\Jan-Moravek,cz CZE,MF,Augsburg,28,1989,8.4,1,0,0,18,2,0,0,9,25,0,1,0,101,11,1,91.7,Matches
Lukas Mühl\Lukas-Muhl,de GER,DF,Nürnberg,21,1997,31,4,0,0,25,9,0,2,46,37,0,0,1,246,39,30,56.5,Matches
Nordi Mukiele\Nordi-Mukiele,fr FRA,DF,RB Leipzig,20,1997,13.6,3,0,0,19,21,0,27,14,16,0,0,0,175,24,19,55.8,Matches
Florian Müller\Florian-Muller,de GER,GK,Mainz 05,20,1997,24,0,0,0,0,0,0,0,0,0,0,0,0,138,0,0,,Matches
Nicolai Müller\Nicolai-Muller,de GER,MFFW,Hannover 96,30,1987,10,2,0,0,13,13,1,11,2,13,0,0,0,63,4,11,26.7,Matches
Nicolai Müller\Nicolai-Muller,de GER,FWMF,Eint Frankfurt,30,1987,2.4,1,0,0,4,2,1,4,0,2,0,0,0,11,0,5,0,Matches
Thomas Müller\Thomas-Muller,de GER,MFFW,Bayern Munich,28,1989,26.4,1,0,0,23,24,15,83,7,27,0,0,0,165,32,39,45.1,Matches
Florent Muslija\Florent-Muslija,xk KVX,MFFW,Hannover 96,20,1998,7.5,1,0,0,5,15,2,18,3,9,0,0,0,60,0,6,0,Matches
Yvon Mvogo\Yvon-Mvogo,ch SUI,GK,RB Leipzig,24,1994,1.5,0,0,0,0,0,0,0,0,0,0,0,0,4,0,0,,Matches
Phillipp Mwene\Phillipp-Mwene,at AUT,DF,Mainz 05,24,1994,3,0,0,0,5,9,0,10,3,2,0,0,0,38,2,0,100,Matches
Obite N'Dicka\Obite-NDicka,fr FRA,DF,Eint Frankfurt,18,1999,25.6,3,0,0,27,9,1,1,30,29,0,0,0,341,48,27,64,Matches
Naldo\Naldo,br BRA,DF,Schalke 04,35,1982,7,1,0,0,5,3,1,0,13,5,0,0,0,86,8,8,50,Matches
Matija Nastasi?\Matija-Nastasic,rs SRB,DF,Schalke 04,25,1993,27.2,6,1,0,17,7,1,0,20,20,0,1,0,260,47,21,69.1,Matches
Reiss Nelson\Reiss-Nelson,eng ENG,MFFW,Hoffenheim,18,1999,7.1,0,0,0,8,6,3,13,5,9,0,0,0,47,0,2,0,Matches
Manuel Neuer\Manuel-Neuer,de GER,GK,Bayern Munich,32,1986,25.6,1,0,0,1,3,0,0,0,0,0,1,0,131,1,0,100,Matches
Florian Neuhaus\Florian-Neuhaus,de GER,MF,M'Gladbach,21,1997,22.9,5,0,0,26,40,1,22,13,17,3,0,0,132,4,13,23.5,Matches
Moussa Niakhate\Moussa-Niakhate,fr FRA,DF,Mainz 05,22,1996,31,3,0,0,36,19,0,9,25,29,0,1,0,356,44,22,66.7,Matches
Florian Niederlechner\Florian-Niederlechner,de GER,FWMF,Freiburg,27,1990,10.8,3,0,0,23,19,11,6,6,3,0,0,0,49,10,23,30.3,Matches
Håvard Nordtveit\Havard-Nordtveit,no NOR,MFDF,Hoffenheim,28,1990,5.2,2,0,0,13,3,0,0,4,4,0,1,0,50,3,2,60,Matches
Alexander Nübel\Alexander-Nubel,de GER,GK,Schalke 04,21,1996,17.6,1,1,0,2,3,0,0,0,0,0,1,0,67,0,1,0,Matches
Kasim Nuhu\Kasim-Nuhu,gh GHA,DF,Hoffenheim,23,1995,10,5,1,1,23,4,0,4,20,9,0,1,0,112,16,7,69.6,Matches
Hans Nunoo Sarpei\Hans-Nunoo-Sarpei,gh GHA,FWMF,Stuttgart,19,1998,0.5,0,0,0,1,0,0,0,0,2,0,0,0,3,0,2,0,Matches
Bastian Oczipka\Bastian-Oczipka,de GER,DF,Schalke 04,29,1989,20.8,3,0,0,16,23,1,49,17,20,0,0,0,193,10,8,55.6,Matches
Chima Okoroji\Chima-Okoroji,ng NGA,DFMF,Freiburg,21,1997,1.2,0,0,0,2,1,0,2,0,0,0,0,0,6,1,3,25,Matches
Karim Onisiwo\Karim-Onisiwo,at AUT,FWMF,Mainz 05,26,1992,12.9,2,0,0,22,33,3,32,3,12,0,0,0,70,29,30,49.2,Matches
Willi Orban\Willi-Orban,hu HUN,DF,RB Leipzig,25,1992,22.8,5,0,0,27,29,1,1,30,24,0,2,0,344,83,43,65.9,Matches
Yuya Osako\Yuya-Osako,jp JPN,FWMF,Werder Bremen,28,1990,15,2,0,0,20,21,4,14,11,10,1,0,0,81,17,24,41.5,Matches
Matthias Ostrzolek\Matthias-Ostrzolek,de GER,DF,Hannover 96,28,1990,16.3,2,0,0,13,25,0,17,16,17,0,0,0,139,9,12,42.9,Matches
David Otto\David-Otto,de GER,FW,Hoffenheim,19,1999,0.3,0,0,0,0,0,0,0,0,0,0,0,0,1,0,2,0,Matches
Reece Oxford\Reece-Oxford,eng ENG,DF,Augsburg,19,1998,5.6,0,1,0,4,2,0,1,4,4,0,1,0,49,13,5,72.2,Matches
Berkay Özcan\Berkay-Ozcan,tr TUR,MF,Stuttgart,20,1998,0.6,0,0,0,0,2,0,0,0,0,0,0,0,4,0,2,0,Matches
Ramazan Özcan\Ramazan-Ozcan,at AUT,GK,Leverkusen,34,1984,2,0,0,0,0,0,0,0,0,0,0,0,1,6,0,0,,Matches
Levin Öztunal?\Levin-Oztunali,de GER,MFFW,Mainz 05,22,1996,10.2,3,0,0,18,2,0,13,2,12,0,0,0,91,7,13,35,Matches
Gonçalo Paciência\Goncalo-Paciencia,pt POR,FW,Eint Frankfurt,23,1994,4.3,1,0,0,16,10,2,7,0,1,0,0,0,24,11,20,35.5,Matches
Federico Palacios Martínez\Federico-Palacios-Martinez,de GER,FWMF,Nürnberg,23,1995,10.5,1,0,0,9,10,3,4,8,12,0,0,0,66,3,11,21.4,Matches
Paulinho\Paulinho,br BRA,FWMF,Leverkusen,18,2000,2,0,0,0,1,1,1,5,1,5,0,0,0,17,2,1,66.7,Matches
Benjamin Pavard\Benjamin-Pavard,fr FRA,DF,Stuttgart,22,1996,29,3,0,0,19,14,1,19,34,18,0,0,1,374,64,35,64.6,Matches
Ji?í Pavlenka\Jiri-Pavlenka,cz CZE,GK,Werder Bremen,26,1992,33.1,2,0,0,1,4,0,0,1,0,0,1,0,169,0,0,,Matches
Peter Pekarík\Peter-Pekarik,sk SVK,DF,Hertha BSC,31,1986,2.4,0,0,0,0,0,0,7,0,2,0,0,0,21,2,3,40,Matches
Matheus Pereira\Matheus-Pereira,br BRA,MFFW,Nürnberg,22,1996,13.7,3,1,0,29,48,1,12,12,10,1,0,0,112,1,15,6.3,Matches
Pavao Pervan\Pavao-Pervan,at AUT,GK,Wolfsburg,30,1987,8.5,1,0,0,0,0,0,0,0,0,0,0,0,30,0,0,,Matches
Nils Petersen\Nils-Petersen,de GER,FW,Freiburg,29,1988,21.4,0,0,0,23,19,2,9,6,15,0,0,0,105,58,108,34.9,Matches
Ond?ej Petrák\Ondrej-Petrak,cz CZE,MF,Nürnberg,26,1992,18,5,0,0,29,19,0,0,25,25,0,0,0,215,25,9,73.5,Matches
Maximilian Philipp\Maximilian-Philipp,de GER,FWMF,Dortmund,24,1994,8.4,0,0,0,11,16,6,2,4,8,0,0,0,22,8,10,44.4,Matches
?ukasz Piszczek\Lukasz-Piszczek,pl POL,DF,Dortmund,33,1985,19.5,3,0,0,17,10,0,33,31,30,0,0,0,229,39,20,66.1,Matches
Claudio Pizarro\Claudio-Pizarro,pe PER,FW,Werder Bremen,39,1978,7.7,1,0,0,19,8,5,2,1,7,0,0,0,36,27,27,50,Matches
Marvin Plattenhardt\Marvin-Plattenhardt,de GER,DF,Hertha BSC,26,1992,21.4,4,0,0,25,23,3,89,12,18,0,0,0,183,5,14,26.3,Matches
Alassane Pléa\Alassane-Plea,fr FRA,FW,M'Gladbach,25,1993,27.8,2,0,0,34,32,20,15,4,12,0,0,0,108,22,68,24.4,Matches
Luca Plogmann\Luca-Plogmann,de GER,GK,Werder Bremen,18,2000,0.4,0,0,0,0,0,0,0,0,0,0,0,0,1,0,0,,Matches
Stefan Posch\Stefan-Posch,at AUT,DF,Hoffenheim,21,1997,15.6,5,0,0,31,13,0,3,20,26,0,0,0,162,24,13,64.9,Matches
Yussuf Poulsen\Yussuf-Poulsen,dk DEN,FW,RB Leipzig,24,1994,27.2,2,0,0,56,49,19,22,8,14,0,0,0,132,88,92,48.9,Matches
Edgar Prib\Edgar-Prib,de GER,MF,Hannover 96,28,1989,2.2,1,0,0,7,3,0,6,2,8,0,0,0,16,1,1,50,Matches
Christian Pulisic\Christian-Pulisic,us USA,FWMF,Dortmund,19,1998,10.4,2,0,0,9,26,7,29,6,7,0,0,0,74,12,16,42.9,Matches
Robin Quaison\Robin-Quaison,se SWE,FWMF,Mainz 05,24,1993,24.4,1,0,0,33,22,10,13,4,16,0,0,0,100,12,51,19,Matches
Raffael\Raffael,br BRA,FW,M'Gladbach,33,1985,6,0,0,0,9,5,3,6,0,4,0,0,0,33,3,4,42.9,Matches
Rafinha\Rafinha,br BRA,DF,Bayern Munich,32,1985,10,1,0,0,7,8,1,19,8,7,0,0,0,111,6,4,60,Matches
Baba Rahman\Baba-Rahman,gh GHA,DF,Schalke 04,24,1994,1.8,0,0,0,3,1,0,3,1,3,1,0,0,20,0,0,,Matches
Benito Raman\Benito-Raman,be BEL,MFFW,Düsseldorf,23,1994,18.7,1,0,0,27,19,1,36,16,22,0,1,0,145,3,9,25,Matches
Milot Rashica\Milot-Rashica,xk KVX,FWMF,Werder Bremen,22,1996,17.2,1,0,0,33,34,8,79,3,14,0,0,0,116,7,24,22.6,Matches
Yoric Ravet\Yoric-Ravet,fr FRA,MFFW,Freiburg,28,1989,0.8,0,0,0,2,0,0,1,0,0,0,0,0,9,0,0,,Matches
Ante Rebi?\Ante-Rebic,hr CRO,FWMF,Eint Frankfurt,24,1993,22,4,1,1,47,21,18,49,9,19,0,0,0,116,22,33,40,Matches
Karim Rekik\Karim-Rekik,nl NED,DF,Hertha BSC,23,1994,23,4,1,0,17,23,0,4,29,35,0,2,0,237,39,26,60,Matches
Michael Rensing\Michael-Rensing,de GER,GK,Düsseldorf,34,1984,32,1,0,0,0,4,0,0,0,0,0,0,0,142,0,0,,Matches
Marco Reus\Marco-Reus,de GER,MFFW,Dortmund,29,1989,25.7,3,1,0,34,32,15,40,12,29,1,1,0,136,11,16,40.7,Matches
Elvis Rexhbeçaj\Elvis-Rexhbecaj,de GER,MF,Wolfsburg,20,1997,12.7,4,0,0,12,34,0,9,7,21,0,0,0,151,13,17,43.3,Matches
Simon Rhein\Simon-Rhein,de GER,MF,Nürnberg,20,1998,5.5,1,1,0,6,2,0,3,9,7,0,0,0,69,3,3,50,Matches
Franck Ribéry\Franck-Ribery,fr FRA,FWMF,Bayern Munich,35,1983,13,3,0,0,17,20,9,40,1,12,1,0,0,102,0,6,0,Matches
Marco Richter\Marco-Richter,de GER,FWMF,Augsburg,20,1997,15.8,4,0,0,22,26,8,25,11,8,0,0,0,127,12,33,26.7,Matches
Sascha Riether\Sascha-Riether,de GER,DF,Schalke 04,35,1983,0,0,0,0,0,0,0,0,0,0,0,0,0,0,0,0,,Matches
Arjen Robben\Arjen-Robben,nl NED,FWMF,Bayern Munich,34,1984,6.3,1,1,1,5,5,5,12,4,0,0,0,0,39,3,1,75,Matches
Sebastian Rode\Sebastian-Rode,de GER,MF,Eint Frankfurt,27,1990,10.3,4,0,0,16,11,0,15,12,19,0,0,0,127,11,12,47.8,Matches
James Rodríguez\James-Rodriguez,co COL,MFFW,Bayern Munich,27,1991,12.6,2,0,0,7,15,5,36,8,11,1,0,0,107,2,7,22.2,Matches
Jérôme Roussillon\Jerome-Roussillon,fr FRA,DF,Wolfsburg,25,1993,27.3,4,0,0,22,40,0,88,19,40,0,0,0,242,19,20,48.7,Matches
Sebastian Rudy\Sebastian-Rudy,de GER,MF,Schalke 04,28,1990,15.1,4,0,0,28,19,0,7,12,24,0,0,0,174,7,7,50,Matches
Lukas Rupp\Lukas-Rupp,de GER,MF,Hoffenheim,27,1991,0.3,0,0,0,0,0,0,1,1,1,0,0,0,1,0,0,,Matches
Marco Russ\Marco-Russ,de GER,DF,Eint Frankfurt,32,1985,4.2,1,0,0,4,1,0,0,2,0,0,0,0,49,4,4,50,Matches
Frederik Rønnow\Frederik-Ronnow,dk DEN,GK,Eint Frankfurt,25,1992,1.4,0,0,0,0,0,0,0,0,0,0,0,0,8,0,0,,Matches
Marcel Sabitzer\Marcel-Sabitzer,at AUT,MFFW,RB Leipzig,24,1994,26.1,9,0,0,27,30,5,51,25,33,0,0,1,231,10,29,25.6,Matches
Nuri ?ahin\Nuri-Sahin,tr TUR,MF,Werder Bremen,29,1988,16.4,5,0,0,29,11,0,9,23,24,0,0,0,209,21,22,48.8,Matches
Samuel ?ahin-Radlinger\Samuel-Sahin-Radlinger,at AUT,GK,Hannover 96,25,1992,1,0,0,0,0,0,0,0,0,0,0,0,0,8,0,0,,Matches
Carlos Salcedo\Carlos-Salcedo,mx MEX,DF,Eint Frankfurt,24,1993,5.1,3,0,0,9,2,0,0,5,6,0,0,0,74,12,4,75,Matches
Roland Sallai\Roland-Sallai,hu HUN,MFFW,Freiburg,21,1997,5.9,3,0,0,17,19,1,9,4,3,1,0,0,34,7,5,58.3,Matches
Edgar Salli\Edgar-Salli,cm CMR,MFFW,Nürnberg,25,1992,1.3,1,0,0,4,2,1,0,1,2,0,0,0,5,0,3,0,Matches
Renato Sanches\Renato-Sanches,pt POR,MF,Bayern Munich,20,1997,6.4,2,1,1,10,12,1,8,3,6,0,0,0,54,1,2,33.3,Matches
Jadon Sancho\Jadon-Sancho,eng ENG,FWMF,Dortmund,18,2000,27.3,2,0,0,5,38,4,54,17,15,2,0,0,189,0,14,0,Matches
Salif Sané\Salif-Sane,sn SEN,DF,Schalke 04,27,1990,29,4,0,0,27,34,2,8,32,21,0,0,0,328,88,21,80.7,Matches
Marcelo Saracchi\Marcelo-Saracchi,uy URU,DF,RB Leipzig,20,1998,7.3,2,0,0,14,4,1,34,8,11,0,0,0,101,8,2,80,Matches
Josh Sargent\Josh-Sargent,us USA,FW,Werder Bremen,18,2000,2.4,1,0,0,6,6,1,0,0,2,0,0,0,8,0,5,0,Matches
Julian Schieber\Julian-Schieber,de GER,FW,Augsburg,29,1989,2.9,1,0,0,1,1,3,4,1,1,0,0,0,9,4,17,19,Matches
Keven Schlotterbeck\Keven-Schlotterbeck,de GER,DF,Freiburg,21,1997,8.6,1,0,0,6,5,0,1,8,9,0,1,0,70,12,9,57.1,Matches
Nico Schlotterbeck\Nico-Schlotterbeck,de GER,DF,Freiburg,18,1999,2.5,1,0,0,4,7,0,0,6,5,0,0,0,23,6,2,75,Matches
Marcel Schmelzer\Marcel-Schmelzer,de GER,DF,Dortmund,30,1988,6.3,1,0,0,4,12,1,10,8,7,0,0,0,73,3,4,42.9,Matches
Jonathan Schmid\Jonathan-Schmid,fr FRA,DF,Augsburg,28,1990,28,1,0,0,21,22,2,55,37,23,0,0,1,233,15,20,42.9,Matches
Alessandro Schöpf\Alessandro-Schopf,at AUT,MFDF,Schalke 04,24,1994,11.2,3,0,0,28,10,1,14,14,17,1,1,0,108,1,2,33.3,Matches
Nico Schulz\Nico-Schulz,de GER,DFMF,Hoffenheim,25,1993,28.2,6,0,0,30,23,10,122,28,25,2,0,0,234,4,13,23.5,Matches
Pirmin Schwegler\Pirmin-Schwegler,ch SUI,MF,Hannover 96,31,1987,23.1,7,0,0,45,37,0,20,21,31,0,0,0,327,26,23,53.1,Matches
Alexander Schwolow\Alexander-Schwolow,de GER,GK,Freiburg,26,1992,33,1,0,0,0,2,0,0,0,0,0,0,0,181,0,0,,Matches
Davie Selke\Davie-Selke,de GER,FWMF,Hertha BSC,23,1995,19.3,4,0,0,28,26,14,34,3,3,1,0,0,74,87,71,55.1,Matches
Suat Serdar\Suat-Serdar,de GER,MF,Schalke 04,21,1997,19.2,4,2,1,40,28,2,5,13,35,0,0,0,158,14,10,58.3,Matches
Meritan Shabani\Meritan-Shabani,al ALB,FW,Bayern Munich,19,1999,0,0,0,0,0,0,0,0,0,0,0,0,0,0,0,1,0,Matches
Steven Skrzybski\Steven-Skrzybski,de GER,FWMF,Schalke 04,25,1992,7.4,1,0,0,10,9,6,3,4,7,0,0,0,35,3,14,17.6,Matches
Emile Smith-Rowe\Emile-Smith-Rowe,eng ENG,MF,RB Leipzig,18,2000,0.3,0,0,0,0,1,0,0,1,0,0,0,0,2,0,0,,Matches
Marcel Sobottka\Marcel-Sobottka,de GER,MF,Düsseldorf,24,1994,10.5,3,0,0,26,13,0,1,17,15,0,0,0,113,10,16,38.5,Matches
Yann Sommer\Yann-Sommer,ch SUI,GK,M'Gladbach,29,1988,34,1,0,0,1,3,0,0,0,0,0,0,0,195,0,0,,Matches
Oliver Sorg\Oliver-Sorg,de GER,DF,Hannover 96,28,1990,17.6,6,1,1,13,30,0,15,27,32,0,0,0,186,5,20,20,Matches
Borna Sosa\Borna-Sosa,hr CRO,DFMF,Stuttgart,20,1998,6.8,3,0,0,14,7,0,18,7,8,0,0,0,83,13,15,46.4,Matches
Sebastian Soto\Sebastian-Soto,us USA,MF,Hannover 96,18,2000,0.3,0,0,0,2,0,0,1,0,0,0,0,0,2,1,1,50,Matches
Kostas Stafylidis\Kostas-Stafylidis,gr GRE,DF,Augsburg,24,1993,10.2,1,0,0,8,10,1,17,11,11,0,0,0,93,6,7,46.2,Matches
Benjamin Stambouli\Benjamin-Stambouli,fr FRA,DFMF,Schalke 04,27,1990,19.6,3,0,0,23,15,1,2,19,36,0,0,0,250,26,21,55.3,Matches
Jozo Stani?\Jozo-Stanic,hr CRO,DF,Augsburg,19,1999,0,0,0,0,0,0,0,0,0,0,0,0,0,0,0,0,,Matches
Niklas Stark\Niklas-Stark,de GER,DF,Hertha BSC,23,1995,20.8,5,0,0,20,22,0,2,22,12,0,1,1,237,38,13,74.5,Matches
Renato Steffen\Renato-Steffen,ch SUI,FWDF,Wolfsburg,26,1991,16.7,4,0,0,21,29,3,25,7,23,0,1,0,114,14,20,41.2,Matches
Marc Stendera\Marc-Stendera,de GER,MF,Eint Frankfurt,22,1995,1.2,0,0,0,2,0,0,0,3,2,0,0,0,23,1,1,50,Matches
Pascal Stenzel\Pascal-Stenzel,de GER,DF,Freiburg,22,1996,16.1,5,1,1,21,10,0,28,19,24,0,2,0,168,12,15,44.4,Matches
Lars Stindl\Lars-Stindl,de GER,FWMF,M'Gladbach,29,1988,16.8,3,0,0,19,31,7,6,13,19,0,0,0,92,12,13,48,Matches
Kevin Stöger\Kevin-Stoger,at AUT,MF,Düsseldorf,24,1993,23.5,8,0,0,47,60,2,29,29,47,0,0,0,241,4,10,28.6,Matches
Tobias Strobl\Tobias-Strobl,de GER,MFDF,M'Gladbach,28,1990,25.5,4,0,0,26,24,1,1,19,23,0,0,0,231,27,30,47.4,Matches
Niklas Süle\Niklas-Sule,de GER,DF,Bayern Munich,22,1995,29.5,3,0,0,17,7,0,1,23,25,0,0,0,363,52,14,78.8,Matches
Markus Suttner\Markus-Suttner,at AUT,DFMF,Düsseldorf,31,1987,5.4,1,0,0,6,1,0,17,6,5,0,0,0,36,8,6,57.1,Matches
Ádám Szalai\Adam-Szalai,hu HUN,FW,Hoffenheim,30,1987,18.1,3,0,0,33,24,10,6,4,10,0,0,0,82,28,33,45.9,Matches
Jonathan Tah\Jonathan-Tah,de GER,DF,Leverkusen,22,1996,32.6,3,0,0,16,14,2,4,35,18,0,2,0,446,59,17,77.6,Matches
Taleb Tawatha\Taleb-Tawatha,il ISR,DFFW,Eint Frankfurt,26,1992,1.4,0,0,0,1,2,0,3,0,1,0,0,0,12,2,1,66.7,Matches
Georg Teigl\Georg-Teigl,at AUT,MFFW,Augsburg,27,1991,3.3,0,0,0,3,3,2,1,2,4,1,0,0,16,1,5,16.7,Matches
Marco Terrazzino\Marco-Terrazzino,de GER,FWMF,Freiburg,27,1991,5.7,0,0,0,5,10,0,7,2,4,0,0,0,48,3,7,30,Matches
Cedric Teuchert\Cedric-Teuchert,de GER,FW,Schalke 04,21,1997,1.8,0,0,0,2,2,6,1,2,0,0,0,0,3,0,5,0,Matches
Erik Thommy\Erik-Thommy,de GER,MFFW,Stuttgart,23,1994,8.8,3,1,1,8,18,5,22,8,2,0,0,0,79,4,7,36.4,Matches
Timothy Tillman\Timothy-Tillman,de GER,FWMF,Nürnberg,19,1999,2.3,0,0,0,3,7,0,0,2,3,0,0,0,23,2,3,40,Matches
George Timotheou\George-Timotheou,au AUS,DF,Schalke 04,21,1997,1,0,0,0,0,1,0,0,1,2,0,0,0,13,1,2,33.3,Matches
Marcel Tisserand\Marcel-Tisserand,cd COD,DF,Wolfsburg,25,1993,9.8,2,0,0,12,6,0,6,12,11,0,0,0,104,29,15,65.9,Matches
Corentin Tolisso\Corentin-Tolisso,fr FRA,MF,Bayern Munich,23,1994,0.6,0,0,0,0,1,0,0,0,0,0,0,0,7,0,0,,Matches
Ömer Toprak\Omer-Toprak,tr TUR,DF,Dortmund,29,1989,2.6,0,0,0,2,1,0,0,2,1,0,0,0,21,2,1,66.7,Matches
Lucas Torró\Lucas-Torro,es ESP,MF,Eint Frankfurt,24,1994,6.2,1,0,0,11,7,0,1,17,5,1,0,0,106,24,10,70.6,Matches
Jordan Torunarigha\Jordan-Torunarigha,de GER,DF,Hertha BSC,20,1997,12.9,3,1,1,26,7,1,3,22,21,0,0,0,108,21,10,67.7,Matches
Almamy Touré\Almamy-Toure,ml MLI,DF,Eint Frankfurt,22,1996,5.8,0,0,0,6,1,0,2,8,12,0,0,0,71,11,10,52.4,Matches
Ibrahima Traoré\Ibrahima-Traore,gn GUI,FWMF,M'Gladbach,30,1988,6.1,1,0,0,7,6,3,34,3,6,0,0,0,39,0,2,0,Matches
Kevin Trapp\Kevin-Trapp,de GER,GK,Eint Frankfurt,28,1990,32.6,2,0,0,0,8,0,0,0,0,0,0,0,219,0,0,,Matches
Philipp Tschauner\Philipp-Tschauner,de GER,GK,Hannover 96,32,1985,1,0,0,0,1,1,0,0,0,0,0,0,0,2,0,0,,Matches
Anthony Ujah\Anthony-Ujah,ng NGA,FW,Mainz 05,27,1990,8.2,2,0,0,15,5,10,8,2,3,0,0,0,34,27,34,44.3,Matches
Sven Ulreich\Sven-Ulreich,de GER,GK,Bayern Munich,29,1988,8.4,0,0,0,0,1,0,0,0,0,0,0,0,54,0,0,,Matches
Dayot Upamecano\Dayot-Upamecano,fr FRA,DF,RB Leipzig,19,1998,14.4,5,0,0,17,4,0,1,22,17,0,2,0,208,30,7,81.1,Matches
Takashi Usami\Takashi-Usami,jp JPN,FWMF,Düsseldorf,26,1992,9.8,1,0,0,9,11,1,19,8,13,0,0,0,58,1,6,14.3,Matches
Mark Uth\Mark-Uth,de GER,FWMF,Schalke 04,26,1991,15.6,3,0,0,26,24,11,12,11,14,1,0,0,76,11,22,33.3,Matches
Enrico Valentini\Enrico-Valentini,it ITA,DF,Nürnberg,29,1989,14.4,2,0,0,12,12,0,38,7,24,0,0,0,129,16,11,59.3,Matches
Miloš Veljkovi?\Milos-Veljkovic,rs SRB,DF,Werder Bremen,22,1995,20.9,7,2,2,21,8,1,5,11,13,0,0,0,221,48,28,63.2,Matches
Paul Verhaegh\Paul-Verhaegh,nl NED,DF,Wolfsburg,34,1983,2,0,0,0,1,0,0,5,2,3,0,0,0,17,2,2,50,Matches
Kevin Vogt\Kevin-Vogt,de GER,DF,Hoffenheim,26,1991,26.6,5,0,0,22,12,0,1,14,19,0,2,0,343,22,12,64.7,Matches
Kevin Volland\Kevin-Volland,de GER,FW,Leverkusen,26,1992,31.3,4,0,0,42,52,21,55,7,23,3,1,0,155,24,33,42.1,Matches
Sandro Wagner\Sandro-Wagner,de GER,FW,Bayern Munich,30,1987,1.6,2,0,0,1,0,0,0,2,1,0,0,0,2,1,1,50,Matches
Walace\Walace,br BRA,MF,Hannover 96,23,1995,22.2,5,0,0,31,26,2,2,28,31,0,0,0,290,27,23,54,Matches
Luca Waldschmidt\Luca-Waldschmidt,de GER,FWMF,Freiburg,22,1996,19.1,1,0,0,32,27,2,7,10,11,1,0,0,119,12,18,40,Matches
Wout Weghorst\Wout-Weghorst,nl NED,FW,Wolfsburg,25,1992,32.5,4,0,0,38,39,29,19,10,18,1,0,0,151,75,81,48.1,Matches
Julian Weigl\Julian-Weigl,de GER,DFMF,Dortmund,22,1995,16.2,3,0,0,14,16,0,0,13,18,0,2,0,159,11,12,47.8,Matches
Mitchell Weiser\Mitchell-Weiser,de GER,DF,Leverkusen,24,1994,23.5,3,0,0,34,38,4,70,28,42,0,0,1,222,19,26,42.2,Matches
Wendell\Wendell,br BRA,DF,Leverkusen,25,1993,25.3,5,0,0,37,14,1,25,26,44,0,1,0,279,22,31,41.5,Matches
Oscar Wendt\Oscar-Wendt,se SWE,DF,M'Gladbach,32,1985,30.3,2,0,0,25,21,1,74,24,25,0,0,0,231,17,20,45.9,Matches
Timo Werner\Timo-Werner,de GER,FW,RB Leipzig,22,1996,27.9,1,0,0,25,39,37,58,6,8,1,0,0,136,4,26,13.3,Matches
Hendrik Weydandt\Hendrik-Weydandt,de GER,FWMF,Hannover 96,23,1995,19.1,1,0,0,36,27,9,17,4,11,0,0,0,114,91,86,51.4,Matches
Jetro Willems\Jetro-Willems,nl NED,MFDF,Eint Frankfurt,24,1994,8.1,2,1,0,6,8,1,29,7,14,0,0,0,84,5,8,38.5,Matches
William\William,br BRA,DF,Wolfsburg,23,1995,29.7,10,0,0,37,20,0,84,50,60,0,3,0,352,46,25,64.8,Matches
Kevin Wimmer\Kevin-Wimmer,at AUT,DF,Hannover 96,25,1992,18.7,5,0,0,21,8,1,3,22,14,0,0,0,183,23,14,62.2,Matches
Axel Witsel\Axel-Witsel,be BEL,MF,Dortmund,29,1989,31.9,2,0,0,28,50,0,6,34,30,0,0,0,340,32,14,69.6,Matches
Marius Wolf\Marius-Wolf,de GER,DFFW,Dortmund,23,1995,9.2,1,1,0,13,13,2,18,10,10,0,0,0,74,7,7,50,Matches
Jeong Woo-yeong\Jeong-Woo-yeong,kr KOR,FW,Bayern Munich,18,1999,0.1,0,0,0,0,0,0,0,0,0,0,0,0,0,0,0,,Matches
Bobby Wood\Bobby-Wood,us USA,FWMF,Hannover 96,25,1992,13.1,1,0,0,18,13,4,7,3,5,0,0,0,57,17,19,47.2,Matches
Haji Wright\Haji-Wright,us USA,FW,Schalke 04,20,1998,2.2,0,0,0,2,1,4,0,0,2,0,1,0,6,4,9,30.8,Matches
John Yeboah\John-Yeboah,de GER,FW,Wolfsburg,18,2000,0.6,0,0,0,0,3,0,1,0,2,0,0,0,6,0,2,0,Matches
Dan-Axel Zagadou\Dan-Axel-Zagadou,fr FRA,DF,Dortmund,19,1999,14.1,4,0,0,13,5,0,0,16,2,0,1,0,182,37,8,82.2,Matches
Denis Zakaria\Denis-Zakaria,ch SUI,MF,M'Gladbach,21,1996,21.8,7,0,0,31,19,1,12,20,40,0,0,0,178,9,15,37.5,Matches
Robin Zentner\Robin-Zentner,de GER,GK,Mainz 05,23,1994,10,1,0,0,0,2,0,0,0,0,0,0,0,63,0,0,,Matches
Ron-Robert Zieler\Ron-Robert-Zieler,de GER,GK,Stuttgart,29,1989,34,3,0,0,0,2,0,0,0,0,0,0,1,195,0,0,,Matches
Jean Zimmer\Jean-Zimmer,de GER,DFMF,Düsseldorf,24,1993,15.9,2,0,0,10,25,0,32,10,10,0,0,0,105,0,0,,Matches
Matthias Zimmermann\Matthias-Zimmermann,de GER,DFMF,Düsseldorf,26,1992,33.9,4,0,0,50,32,0,68,57,54,0,0,0,314,24,29,45.3,Matches
Adam Zre?ák\Adam-Zrelak,sk SVK,FW,Nürnberg,24,1994,10.5,4,0,0,19,7,10,3,3,11,0,0,0,35,26,54,32.5,Matches
Steven Zuber\Steven-Zuber,ch SUI,FWMF,Stuttgart,26,1991,11.7,3,0,0,14,16,0,21,1,9,0,0,0,92,9,16,36,Matches
Steven Zuber\Steven-Zuber,ch SUI,MFFW,Hoffenheim,26,1991,6.3,1,0,0,8,7,0,17,2,7,0,0,0,68,2,5,28.6,Matches
