Player,Nation,Pos,Squad,Age,Born,90s,CrdY,CrdR,2CrdY,Fls,Fld,Off,Crs,Int,TklW,PKwon,PKcon,OG,Recov,Matches
Issah Abbas\Issah-Abbas,gh GHA,DFFW,Mainz 05,22-215,1998,0.2,0,0,0,1,0,0,0,0,0,0,0,0,4,Matches
David Abraham\David-Abraham,ar ARG,DF,Eint Frankfurt,34-288,1986,13.6,5,1,1,11,8,1,8,15,13,0,0,0,176,Matches
Amir Abrashi\Amir-Abrashi,al ALB,MF,Freiburg,31-033,1990,0.7,0,0,0,4,0,0,0,2,1,0,0,0,6,Matches
Ragnar Ache\Ragnar-Ache,de GER,FWMF,Eint Frankfurt,22-275,1998,0.9,0,0,0,4,1,1,0,0,0,0,0,0,6,Matches
Tyler Adams\Tyler-Adams,us USA,DFMF,RB Leipzig,22-074,1999,20.6,3,0,0,29,29,2,12,31,31,0,0,0,227,Matches
Sargis Adamyan\Sargis-Adamyan,am ARM,FWMF,Hoffenheim,27-341,1993,2.9,0,0,0,3,7,1,3,4,2,0,0,0,14,Matches
Felix Agu\Felix-Agu,de GER,DF,Werder Bremen,21-214,1999,7.7,0,0,0,5,25,1,10,20,15,0,0,0,65,Matches
Naouirou Ahamada\Naouirou-Ahamada,fr FRA,MF,Stuttgart,19-031,2002,2.4,1,1,0,4,9,0,1,4,1,0,0,0,21,Matches
Manuel Akanji\Manuel-Akanji,ch SUI,DF,Dortmund,25-284,1995,23.4,4,0,0,21,17,0,0,33,27,1,1,0,226,Matches
Kevin Akpoguma\Kevin-Akpoguma,ng NGA,DF,Hoffenheim,26-010,1995,11.4,1,0,0,14,13,0,6,9,11,0,0,0,95,Matches
David Alaba\David-Alaba,at AUT,DFMF,Bayern Munich,28-309,1992,27.3,3,0,0,18,10,0,22,34,28,0,0,0,296,Matches
Lucas Alario\Lucas-Alario,ar ARG,FW,Leverkusen,28-203,1992,13.8,2,0,0,18,17,12,0,3,6,0,0,0,50,Matches
Omar Alderete\Omar-Alderete,py PAR,DF,Hertha BSC,24-124,1996,11.4,1,0,0,18,4,0,1,12,10,0,0,0,112,Matches
Nadiem Amiri\Nadiem-Amiri,de GER,MF,Leverkusen,24-184,1996,20.1,4,0,0,20,24,4,20,18,13,0,0,0,154,Matches
Sebastian Andersson\Sebastian-Andersson,se SWE,FW,Köln,29-288,1991,10.1,0,0,0,14,5,6,4,3,2,1,0,0,45,Matches
Robert Andrich\Robert-Andrich,de GER,MF,Union Berlin,26-219,1994,27.1,4,1,0,48,34,1,6,55,38,0,0,1,354,Matches
Angeliño\Angelino,es ESP,DFFW,RB Leipzig,24-115,1997,22.7,2,0,0,20,26,7,105,29,16,0,0,0,177,Matches
Waldemar Anton\Waldemar-Anton,de GER,DF,Stuttgart,24-283,1996,27.1,3,0,0,21,32,1,8,45,20,0,1,0,313,Matches
Charles Aránguiz\Charles-Aranguiz,cl CHI,MF,Leverkusen,32-012,1989,16.6,4,0,0,28,21,0,2,23,28,0,0,0,209,Matches
Santiago Arias\Santiago-Arias,co COL,DF,Leverkusen,29-106,1992,1,0,0,0,1,0,0,0,0,4,0,0,0,12,Matches
Maximilian Arnold\Maximilian-Arnold,de GER,MF,Wolfsburg,26-337,1994,25.7,5,1,0,32,53,0,29,37,39,0,1,0,346,Matches
Toluwalas Arokodare\Toluwalas-Arokodare,ng NGA,FW,Köln,20-157,2000,1.2,0,0,0,1,1,2,0,0,1,0,0,0,7,Matches
Santiago Ascacíbar\Santiago-Ascacibar,ar ARG,MF,Hertha BSC,24-063,1997,4.3,1,0,0,6,0,0,1,4,5,0,0,0,46,Matches
Ludwig Augustinsson\Ludwig-Augustinsson,se SWE,DF,Werder Bremen,27-008,1994,19.7,4,0,0,15,24,2,73,13,15,0,1,1,165,Matches
Taiwo Awoniyi\Taiwo-Awoniyi,ng NGA,FW,Union Berlin,23-260,1997,14.3,0,0,0,20,20,14,3,4,6,1,0,0,59,Matches
Mehmet-Can Aydin\Mehmet-Can-Aydin,de GER,DF,Schalke 04,19-079,2002,3.8,0,0,0,3,4,0,10,7,6,0,0,0,24,Matches
Leon Bailey\Leon-Bailey,jm JAM,FWMF,Leverkusen,23-263,1997,23.3,6,0,0,24,43,15,88,18,12,0,0,0,187,Matches
Ridle Baku\Ridle-Baku,de GER,FWDF,Wolfsburg,23-021,1998,26.8,0,0,0,27,35,10,82,43,26,0,0,0,224,Matches
Ridle Baku\Ridle-Baku,de GER,DF,Mainz 05,23-021,1998,2,0,0,0,1,5,0,3,4,2,0,0,0,20,Matches
Philipp Bargfrede\Philipp-Bargfrede,de GER,MF,Werder Bremen,32-057,1989,0.3,0,0,0,0,1,0,1,1,1,0,0,0,2,Matches
Aymen Barkok\Aymen-Barkok,ma MAR,FWMF,Eint Frankfurt,22-343,1998,10.3,5,0,0,23,6,1,16,13,18,0,1,0,88,Matches
Leandro Barreiro Martins\Leandro-Barreiro-Martins,lu LUX,MF,Mainz 05,21-116,2000,22.3,3,0,0,57,40,0,6,35,31,0,2,0,273,Matches
Jacob Barrett Laursen\Jacob-Barrett-Laursen,dk DEN,DF,Arminia,26-163,1994,11.7,1,0,0,11,12,0,15,21,12,0,0,0,105,Matches
Oliver Baumann\Oliver-Baumann,de GER,GK,Hoffenheim,30-331,1990,30,1,0,0,0,8,0,0,0,0,0,0,0,209,Matches
Julian Baumgartlinger\Julian-Baumgartlinger,at AUT,MF,Leverkusen,33-117,1988,11.9,1,0,0,11,14,0,2,17,28,0,0,0,130,Matches
Christoph Baumgartner\Christoph-Baumgartner,at AUT,MFFW,Hoffenheim,21-271,1999,25.3,6,0,0,67,52,1,17,19,36,2,0,0,198,Matches
Noah Joel Sarenren Bazee\Noah-Joel-Sarenren-Bazee,ng NGA,FWMF,Augsburg,24-251,1996,0.4,1,0,0,2,1,1,0,2,1,0,0,0,6,Matches
Ihlas Bebou\Ihlas-Bebou,tg TOG,FW,Hoffenheim,27-006,1994,21.5,3,0,0,22,30,3,36,7,18,1,0,0,106,Matches
Sheraldo Becker\Sheraldo-Becker,nl NED,FWMF,Union Berlin,26-079,1995,11.9,2,0,0,18,14,6,47,5,7,0,0,0,102,Matches
Timo Becker\Timo-Becker,de GER,DF,Schalke 04,24-035,1997,14.2,1,0,0,7,9,0,16,20,15,0,0,0,115,Matches
Brian Behrendt\Brian-Behrendt,de GER,DF,Arminia,29-187,1991,0.9,0,0,0,1,0,0,1,0,1,0,0,0,10,Matches
Maximilian Beier\Maximilian-Beier,de GER,FWDF,Hoffenheim,18-194,2002,0,0,0,0,0,0,0,0,0,0,0,0,0,1,Matches
Ishak Belfodil\Ishak-Belfodil,dz ALG,FW,Hoffenheim,29-107,1992,6.6,0,0,0,12,9,5,4,0,2,0,0,0,29,Matches
Stefan Bell\Stefan-Bell,de GER,DF,Mainz 05,29-248,1991,12.7,4,0,0,23,7,1,2,32,16,0,0,0,163,Matches
Karim Bellarabi\Karim-Bellarabi,de GER,MFFW,Leverkusen,31-021,1990,7.1,2,0,0,22,5,9,41,11,9,0,0,0,60,Matches
Jude Bellingham\Jude-Bellingham,eng ENG,MF,Dortmund,17-304,2003,17.4,6,1,1,40,49,1,21,18,36,0,1,0,157,Matches
Lars Bender\Lars-Bender,de GER,DF,Leverkusen,32-002,1989,10.4,2,0,0,11,14,1,9,8,13,0,0,0,118,Matches
Sven Bender\Sven-Bender,de GER,DF,Leverkusen,32-002,1989,11.8,1,0,0,10,6,1,4,13,11,0,0,0,144,Matches
László Bénes\Laszlo-Benes,sk SVK,MFFW,Augsburg,23-232,1997,5.9,3,0,0,9,17,0,7,7,4,0,0,0,46,Matches
László Bénes\Laszlo-Benes,sk SVK,MF,M'Gladbach,23-232,1997,1.7,0,0,0,0,5,0,2,4,2,0,0,0,15,Matches
Ramy Bensebaini\Ramy-Bensebaini,dz ALG,DF,M'Gladbach,26-013,1995,17.4,6,0,0,32,21,2,13,51,20,0,2,0,153,Matches
Nabil Bentaleb\Nabil-Bentaleb,dz ALG,MF,Schalke 04,26-156,1994,6.1,2,0,0,11,4,0,1,3,6,0,0,0,53,Matches
Louis Beyer\Louis-Beyer,de GER,DF,M'Gladbach,20-345,2000,2.1,0,0,0,2,5,0,0,6,2,0,0,0,22,Matches
Bartosz Bialek\Bartosz-Bialek,pl POL,FWMF,Wolfsburg,19-169,2001,3,1,0,0,8,3,1,0,3,6,0,0,0,29,Matches
Ermin Bi?ak?i?\Ermin-Bicakcic,ba BIH,DF,Hoffenheim,31-095,1990,1.4,1,0,0,2,1,0,0,1,0,0,0,0,7,Matches
Leonardo Bittencourt\Leonardo-Bittencourt,de GER,MFFW,Werder Bremen,27-131,1993,14.4,3,0,0,23,28,7,34,14,23,1,0,0,99,Matches
Jérôme Boateng\Jerome-Boateng,de GER,DF,Bayern Munich,32-238,1988,23.9,6,0,0,20,10,1,9,42,17,0,0,0,239,Matches
Jean-Paul Boëtius\Jean-Paul-Boetius,nl NED,MFFW,Mainz 05,27-038,1994,20,4,0,0,23,36,1,25,19,26,0,0,0,177,Matches
Melayro Bogarde\Melayro-Bogarde,nl NED,DFMF,Hoffenheim,18-336,2002,3.1,1,0,0,5,10,0,0,3,5,0,1,0,42,Matches
Dennis Borkowski\Dennis-Borkowski,de GER,MF,RB Leipzig,19-093,2002,0.1,0,0,0,1,0,0,0,0,0,0,0,0,0,Matches
Sebastiaan Bornauw\Sebastiaan-Bornauw,be BEL,DF,Köln,22-038,1999,20.1,2,0,0,20,11,2,0,19,19,0,2,0,151,Matches
Nassim Boujellab\Nassim-Boujellab,ma MAR,MFFW,Schalke 04,21-313,1999,6.7,2,0,0,16,18,0,1,6,13,0,0,0,65,Matches
Dedryck Boyata\Dedryck-Boyata,be BEL,DF,Hertha BSC,30-152,1990,12.8,1,0,0,7,4,0,1,12,7,0,1,0,126,Matches
Can Bozdogan\Can-Bozdogan,de GER,MF,Schalke 04,20-024,2001,7,0,0,0,6,14,0,12,4,19,0,0,1,56,Matches
Julian Brandt\Julian-Brandt,de GER,FWMF,Dortmund,24-362,1996,15.2,0,0,0,7,15,2,25,13,14,0,0,0,119,Matches
Josip Brekalo\Josip-Brekalo,hr CRO,FW,Wolfsburg,22-310,1998,18.4,1,0,0,8,14,2,27,16,13,0,0,0,123,Matches
Joshua Brenet\Joshua-Brenet,nl NED,DF,Hoffenheim,27-040,1994,0,0,0,0,0,0,0,0,0,0,0,0,0,2,Matches
John Brooks\John-Brooks,us USA,DF,Wolfsburg,28-091,1993,28.2,5,0,0,27,17,0,2,44,34,0,2,1,341,Matches
Daniel Brosinski\Daniel-Brosinski,de GER,DF,Mainz 05,32-286,1988,14,0,0,0,7,1,0,50,12,6,0,0,0,112,Matches
Cédric Brunner\Cedric-Brunner,ch SUI,DF,Arminia,27-071,1994,26.5,5,0,0,32,30,1,50,29,25,0,0,0,273,Matches
Jacob Bruun Larsen\Jacob-Bruun-Larsen,dk DEN,FW,Hoffenheim,22-222,1998,1,0,0,0,2,0,2,1,0,0,0,0,0,4,Matches
Marius Bülter\Marius-Bulter,de GER,FWMF,Union Berlin,28-031,1993,10.2,1,0,0,12,14,3,22,6,9,0,0,0,85,Matches
Jonathan Burkardt\Jonathan-Burkardt,de GER,FWDF,Mainz 05,20-292,2000,14.4,0,0,0,25,41,2,11,4,13,1,0,0,111,Matches
Nishan Burkart\Nishan-Burkart,ch SUI,MF,Freiburg,21-088,2000,0.2,0,0,0,0,0,0,0,0,0,0,0,0,2,Matches
Roman Bürki\Roman-Burki,ch SUI,GK,Dortmund,30-166,1990,16,0,0,0,0,0,0,0,0,0,0,0,0,69,Matches
Kerim Calhanoglu\Kerim-Calhanoglu,de GER,DF,Schalke 04,18-246,2002,3.3,0,0,0,1,1,0,6,6,2,0,0,0,31,Matches
Daniel Caligiuri\Daniel-Caligiuri,it ITA,MFDF,Augsburg,33-104,1988,28.6,5,0,0,34,59,3,41,38,45,0,0,0,230,Matches
Emre Can\Emre-Can,de GER,DFMF,Dortmund,27-107,1994,21.7,5,0,0,31,19,1,12,36,40,0,1,0,249,Matches
Koen Casteels\Koen-Casteels,be BEL,GK,Wolfsburg,28-308,1992,30,0,0,0,1,2,0,0,0,0,0,1,0,156,Matches
Gonzalo Castro\Gonzalo-Castro,de GER,MFFW,Stuttgart,33-322,1987,18,8,0,0,17,13,1,25,10,11,0,0,0,154,Matches
Sava Cestic\Sava-Cestic,de GER,DF,Köln,20-069,2001,10,3,0,0,15,4,0,0,29,14,0,1,0,74,Matches
Timothy Chandler\Timothy-Chandler,us USA,DF,Eint Frankfurt,31-031,1990,2.6,1,0,0,4,1,3,7,2,1,0,0,0,24,Matches
Kwon Chang-hoon\Kwon-Chang-hoon,kr KOR,MFFW,Freiburg,26-303,1994,2.4,2,0,0,4,5,1,4,5,2,0,0,0,12,Matches
Tahith Chong\Tahith-Chong,nl NED,FWMF,Werder Bremen,21-146,1999,4.3,1,0,0,13,14,0,7,3,8,0,1,0,49,Matches
Darko Churlinov\Darko-Churlinov,mk MKD,DFFW,Stuttgart,20-292,2000,1.6,0,0,0,3,3,1,3,1,1,0,0,0,17,Matches
Tim Civeja\Tim-Civeja,de GER,MFDF,Augsburg,19-115,2002,0.4,0,0,0,0,0,0,0,1,0,0,0,0,10,Matches
Kingsley Coman\Kingsley-Coman,fr FRA,FWMF,Bayern Munich,24-320,1996,17.9,1,0,0,13,33,6,71,11,12,1,0,0,121,Matches
Jhon Córdoba\Jhon-Cordoba,co COL,FW,Hertha BSC,27-353,1993,14.9,3,0,0,35,38,15,10,9,4,2,1,0,52,Matches
Sergio Córdova\Sergio-Cordova,ve VEN,FWMF,Arminia,23-263,1997,12.1,0,0,0,15,22,9,8,6,11,0,0,0,80,Matches
Danny da Costa\Danny-da-Costa,de GER,DF,Mainz 05,27-290,1993,10.1,2,0,0,3,4,1,28,11,8,0,0,0,83,Matches
Danny da Costa\Danny-da-Costa,de GER,DF,Eint Frankfurt,27-290,1993,1.2,0,0,0,2,0,0,3,0,2,0,0,0,10,Matches
Douglas Costa\Douglas-Costa,br BRA,FWMF,Bayern Munich,30-227,1990,3.6,0,0,0,7,2,3,12,3,2,0,0,0,25,Matches
Tanguy Coulibaly\Tanguy-Coulibaly,fr FRA,DFFW,Stuttgart,20-070,2001,16.3,2,0,0,31,17,11,29,7,20,0,0,0,102,Matches
Mickaël Cuisance\Mickael-Cuisance,fr FRA,FW,Bayern Munich,21-256,1999,0.2,0,0,0,0,0,0,0,0,0,0,0,0,3,Matches
Matheus Cunha\Matheus-Cunha,br BRA,FWMF,Hertha BSC,21-337,1999,22.1,8,0,0,43,68,5,57,33,29,1,1,0,177,Matches
Rafael Czichos\Rafael-Czichos,de GER,DF,Köln,30-350,1990,22.1,7,0,0,24,14,1,2,34,33,0,1,0,225,Matches
Moanes Dabour\Moanes-Dabour,il ISR,FW,Hoffenheim,28-350,1992,11.1,2,0,0,19,25,5,8,6,8,0,0,0,76,Matches
Finn Dahmen\Finn-Dahmen,de GER,GK,Mainz 05,23-033,1998,1,0,0,0,0,0,0,0,0,0,0,0,0,6,Matches
Mahmoud Dahoud\Mahmoud-Dahoud,de GER,MF,Dortmund,25-118,1996,11.8,2,0,0,22,17,0,7,18,19,0,1,0,148,Matches
Leon Dajaku\Leon-Dajaku,de GER,FW,Union Berlin,20-017,2001,0.4,0,0,0,0,1,2,0,0,1,0,0,0,5,Matches
Tiago Dantas\Tiago-Dantas,pt POR,MF,Bayern Munich,20-126,2000,0.8,0,0,0,0,1,0,1,1,0,0,0,0,7,Matches
Márton Dárdai\Marton-Dardai,de GER,DF,Hertha BSC,19-076,2002,6.1,0,0,0,10,1,0,6,10,7,0,0,0,41,Matches
Vladimír Darida\Vladimir-Darida,cz CZE,MF,Hertha BSC,30-264,1990,18.2,2,1,0,20,20,2,42,26,22,0,0,0,182,Matches
Alphonso Davies\Alphonso-Davies,ca CAN,DF,Bayern Munich,20-178,2000,16.6,1,1,0,10,33,3,25,33,29,1,0,0,218,Matches
Thomas Delaney\Thomas-Delaney,dk DEN,MF,Dortmund,29-238,1991,12.9,6,0,0,36,24,1,7,22,32,0,0,0,147,Matches
Kerem Demirbay\Kerem-Demirbay,de GER,MF,Leverkusen,27-300,1993,16.6,2,0,0,37,23,0,25,12,33,0,0,0,169,Matches
Ermedin Demirovi?\Ermedin-Demirovic,ba BIH,FW,Freiburg,23-035,1998,14.2,5,0,0,40,15,7,10,5,11,1,0,0,63,Matches
Emmanuel Dennis\Emmanuel-Dennis,ng NGA,FW,Köln,23-165,1997,5.3,0,0,0,15,5,7,8,3,7,0,0,0,27,Matches
Mike van der Hoorn\Mike-van-der-Hoorn,nl NED,DF,Arminia,28-196,1992,15,3,0,0,11,9,0,0,8,7,0,2,0,154,Matches
Moussa Diaby\Moussa-Diaby,fr FRA,FWMF,Leverkusen,21-296,1999,25,5,0,0,27,15,10,97,15,6,0,0,0,138,Matches
Daniel Didavi\Daniel-Didavi,de GER,FWMF,Stuttgart,31-067,1990,9.6,2,0,0,15,13,4,17,6,6,0,0,0,56,Matches
Javairô Dilrosun\Javairo-Dilrosun,nl NED,FWMF,Hertha BSC,22-311,1998,3.3,0,0,0,5,5,1,5,5,4,0,0,0,18,Matches
Eren Dinkçi\Eren-Dinkci,de GER,FW,Werder Bremen,19-137,2001,1.1,0,0,0,0,0,1,1,2,0,0,0,0,9,Matches
Ritsu Doan\Ritsu-Doan,jp JPN,MFFW,Arminia,22-317,1998,27.9,1,0,0,31,62,5,56,25,36,1,0,0,178,Matches
Ji Dong-won\Ji-Dong-won,kr KOR,FW,Mainz 05,29-336,1991,0.7,1,0,0,3,1,0,0,0,0,0,0,0,10,Matches
Bas Dost\Bas-Dost,nl NED,FW,Eint Frankfurt,31-333,1989,9.1,3,0,0,16,9,3,4,2,4,0,0,0,34,Matches
Aleksandar Dragovi?\Aleksandar-Dragovic,at AUT,DF,Leverkusen,30-054,1991,9.6,3,0,0,12,6,0,5,14,9,0,0,0,135,Matches
Dominick Drexler\Dominick-Drexler,de GER,MFFW,Köln,30-338,1990,12.6,1,0,0,18,21,6,33,15,22,0,0,0,88,Matches
Ondrej Duda\Ondrej-Duda,sk SVK,FWMF,Köln,26-145,1994,25.2,8,1,1,52,54,5,43,18,27,0,0,0,181,Matches
Erik Durm\Erik-Durm,de GER,DF,Eint Frankfurt,28-352,1992,15.7,1,0,0,9,14,1,37,22,16,0,0,0,126,Matches
Johannes Eggestein\Johannes-Eggestein,de GER,FWMF,Werder Bremen,22-356,1998,0.4,0,0,0,1,0,0,1,0,0,0,0,0,5,Matches
Maximilian Eggestein\Maximilian-Eggestein,de GER,MF,Werder Bremen,24-142,1996,29.7,5,0,0,28,36,1,12,39,38,0,0,0,333,Matches
Lilian Egloff\Lilian-Egloff,de GER,MF,Stuttgart,18-252,2002,0.2,0,0,0,0,0,0,0,0,0,0,0,0,1,Matches
Kingsley Ehizibue\Kingsley-Ehizibue,nl NED,DF,Köln,25-339,1995,11.7,5,0,0,18,14,2,29,15,19,0,1,0,107,Matches
Nico Elvedi\Nico-Elvedi,ch SUI,DF,M'Gladbach,24-211,1996,25.2,1,0,0,11,13,1,2,56,25,0,0,0,258,Matches
Breel Embolo\Breel-Embolo,ch SUI,FWMF,M'Gladbach,24-074,1997,14.7,4,0,0,32,51,10,9,6,13,3,0,0,88,Matches
Keita Endo\Keita-Endo,jp JPN,FWMF,Union Berlin,23-158,1997,4.3,0,0,0,8,12,2,9,8,4,0,0,0,33,Matches
Wataru Endo\Wataru-Endo,jp JPN,MF,Stuttgart,28-079,1993,30.8,4,0,0,42,52,0,5,45,61,1,0,0,376,Matches
Patrick Erras\Patrick-Erras,de GER,FWMF,Werder Bremen,26-098,1995,0.3,0,0,0,0,0,0,0,0,0,0,0,0,7,Matches
Ralf Fährmann\Ralf-Fahrmann,de GER,GK,Schalke 04,32-214,1988,16.8,2,0,0,0,3,0,0,0,0,0,0,0,89,Matches
Ohis Felix Uduokhai\Ohis-Felix-Uduokhai,de GER,DF,Augsburg,23-232,1997,29,5,0,0,24,24,1,7,36,24,0,1,1,278,Matches
Edimilson Fernandes\Edimilson-Fernandes,ch SUI,MFDF,Mainz 05,25-014,1996,8.6,1,0,0,6,4,1,11,20,5,0,0,0,81,Matches
Alfreð Finnbogason\Alfred-Finnbogason,is ISL,FW,Augsburg,32-087,1989,5.7,0,0,0,8,5,2,10,1,1,0,0,0,33,Matches
Emil Forsberg\Emil-Forsberg,se SWE,FWMF,RB Leipzig,29-188,1991,14.9,0,0,0,12,22,7,12,7,7,2,0,0,59,Matches
Philipp Förster\Philipp-Forster,de GER,FWMF,Stuttgart,26-084,1995,14.2,3,0,0,20,17,4,12,15,21,0,0,0,84,Matches
Timothy Fosu-Mensah\Timothy-Fosu-Mensah,nl NED,DF,Leverkusen,23-117,1998,4.5,2,0,0,5,4,0,5,6,5,0,0,0,39,Matches
Raphael Framberger\Raphael-Framberger,de GER,DF,Augsburg,25-235,1995,16.6,6,1,1,13,11,1,42,26,15,0,2,1,153,Matches
Marco Friedl\Marco-Friedl,at AUT,DF,Werder Bremen,23-044,1998,29.6,6,0,0,30,30,0,9,61,38,0,0,0,248,Matches
Marvin Friedrich\Marvin-Friedrich,de GER,DF,Union Berlin,25-137,1995,31,1,0,0,23,21,2,8,39,37,0,1,0,324,Matches
Jeremie Frimpong\Jeremie-Frimpong,nl NED,DFFW,Leverkusen,20-140,2000,4.8,1,0,0,8,12,0,16,3,2,0,0,0,31,Matches
Niclas Füllkrug\Niclas-Fullkrug,de GER,FW,Werder Bremen,28-079,1993,7.9,1,0,0,12,12,10,1,4,5,1,0,0,24,Matches
Mijat Ga?inovi?\Mijat-Gacinovic,rs SRB,DFMF,Hoffenheim,26-080,1995,8.8,4,0,0,13,7,0,18,15,9,0,0,0,99,Matches
Christian Gebauer\Christian-Gebauer,at AUT,MFFW,Arminia,27-130,1993,7.5,0,0,0,6,8,0,8,8,6,0,1,0,67,Matches
Theodor Gebre Selassie\Theodor-Gebre-Selassie,cz CZE,DF,Werder Bremen,34-126,1986,30.7,2,0,0,22,39,7,27,56,29,0,0,0,219,Matches
Dennis Geiger\Dennis-Geiger,de GER,MF,Hoffenheim,22-323,1998,7.3,4,1,0,15,9,0,12,5,11,0,1,0,55,Matches
Christian Gentner\Christian-Gentner,de GER,MF,Union Berlin,35-258,1985,8.9,0,0,0,4,11,2,6,7,12,0,0,0,68,Matches
Yannick Gerhardt\Yannick-Gerhardt,de GER,MFFW,Wolfsburg,27-047,1994,20.2,3,0,0,34,27,5,25,15,35,0,0,0,185,Matches
Hamadi Al Ghaddioui\Hamadi-Al-Ghaddioui,ma MAR,MFFW,Stuttgart,30-219,1990,0.3,0,0,0,0,0,0,0,0,0,0,0,0,3,Matches
Niko Gießelmann\Niko-Giesselmann,de GER,DF,Union Berlin,29-215,1991,4.5,3,0,0,3,9,1,16,8,9,0,0,0,37,Matches
Rafa? Gikiewicz\Rafal-Gikiewicz,pl POL,GK,Augsburg,33-185,1987,31,2,0,0,1,3,0,0,0,0,0,0,0,199,Matches
Daniel Ginczek\Daniel-Ginczek,de GER,FWMF,Wolfsburg,30-016,1991,2.1,0,0,0,2,0,1,1,0,2,0,0,0,20,Matches
Matthias Ginter\Matthias-Ginter,de GER,DF,M'Gladbach,27-100,1994,31,2,0,0,11,32,2,16,36,16,0,0,0,311,Matches
Robert Glatzel\Robert-Glatzel,de GER,FW,Mainz 05,27-111,1994,3.1,0,0,0,12,6,1,3,1,1,0,0,0,35,Matches
Serge Gnabry\Serge-Gnabry,de GER,FWMF,Bayern Munich,25-289,1995,16.3,4,0,0,21,20,5,43,22,20,1,0,0,105,Matches
Akaki Gogia\Akaki-Gogia,de GER,FW,Union Berlin,29-101,1992,1.6,1,0,0,5,4,0,3,0,1,1,0,0,11,Matches
Nicolás González\Nicolas-Gonzalez,ar ARG,FWDF,Stuttgart,23-023,1998,10.4,5,0,0,13,33,7,14,3,5,1,0,0,56,Matches
Leon Goretzka\Leon-Goretzka,de GER,MF,Bayern Munich,26-082,1995,18.8,2,0,0,26,18,0,8,49,27,0,0,0,233,Matches
Jeffrey Gouweleeuw\Jeffrey-Gouweleeuw,nl NED,DF,Augsburg,29-293,1991,28.5,9,0,0,24,6,2,4,45,29,0,0,0,297,Matches
Demarai Gray\Demarai-Gray,eng ENG,FW,Leverkusen,24-305,1996,3.3,0,0,0,3,4,1,16,0,2,0,0,0,21,Matches
Michael Gregoritsch\Michael-Gregoritsch,at AUT,FWMF,Augsburg,27-011,1994,9.2,1,0,0,12,15,4,13,1,10,0,0,0,52,Matches
Sebastian Griesbeck\Sebastian-Griesbeck,de GER,MF,Union Berlin,30-208,1990,8.8,3,0,0,13,6,3,3,5,11,1,0,0,70,Matches
Vincenzo Grifo\Vincenzo-Grifo,it ITA,MFFW,Freiburg,28-022,1993,22.2,2,0,0,11,15,2,53,20,12,0,0,0,142,Matches
Lennart Grill\Lennart-Grill,de GER,GK,Leverkusen,22-094,1999,4,0,0,0,1,0,0,0,0,0,0,0,0,24,Matches
Florian Grillitsch\Florian-Grillitsch,at AUT,MFDF,Hoffenheim,25-265,1995,17.9,6,1,1,27,30,0,10,37,19,1,1,0,227,Matches
Christian Groß\Christian-Gross,de GER,MFDF,Werder Bremen,32-080,1989,14.9,5,0,0,20,16,0,1,28,30,0,0,0,157,Matches
Ilia Gruev\Ilia-Gruev,bg BUL,FW,Werder Bremen,20-358,2000,0,0,0,0,1,0,0,0,0,0,0,0,0,0,Matches
Carlos Gruezo\Carlos-Gruezo,ec ECU,MF,Augsburg,26-010,1995,22.2,4,0,0,33,12,0,1,34,44,0,0,0,244,Matches
Mattéo Guendouzi\Matteo-Guendouzi,fr FRA,MF,Hertha BSC,22-015,1999,18.8,4,0,0,24,46,0,6,21,23,2,0,0,178,Matches
Raphaël Guerreiro\Raphael-Guerreiro,pt POR,DF,Dortmund,27-128,1993,22.7,1,0,0,9,11,2,43,25,17,0,0,0,211,Matches
Josuha Guilavogui\Josuha-Guilavogui,fr FRA,MFDF,Wolfsburg,30-222,1990,8.1,3,0,0,16,3,0,1,20,14,0,0,0,114,Matches
Péter Gulácsi\Peter-Gulacsi,hu HUN,GK,RB Leipzig,30-358,1990,31,0,0,0,0,1,0,0,0,0,0,0,0,188,Matches
Manuel Gulde\Manuel-Gulde,de GER,DF,Freiburg,30-076,1991,17.8,3,0,0,13,18,2,3,27,11,0,0,0,163,Matches
Robert Gumny\Robert-Gumny,pl POL,DF,Augsburg,22-329,1998,12.3,4,0,0,17,18,1,16,20,10,0,0,0,90,Matches
Christian Günter\Christian-Gunter,de GER,DF,Freiburg,28-060,1993,30,2,0,0,28,17,2,113,26,22,0,0,0,163,Matches
Erling Haaland\Erling-Haaland,no NOR,FW,Dortmund,20-282,2000,24.7,2,0,0,19,22,15,13,4,6,0,0,0,88,Matches
Janik Haberer\Janik-Haberer,de GER,MFFW,Freiburg,27-027,1994,4,0,0,0,14,6,0,3,4,5,0,1,0,54,Matches
Alexander Hack\Alexander-Hack,de GER,DF,Mainz 05,27-233,1993,12.6,2,0,0,13,13,0,2,23,18,0,1,0,166,Matches
André Hahn\Andre-Hahn,de GER,FWMF,Augsburg,30-259,1990,19.8,3,0,0,33,24,14,20,16,19,0,0,0,86,Matches
Amadou Haidara\Amadou-Haidara,ml MLI,MFFW,RB Leipzig,23-088,1998,19.5,3,0,0,23,14,5,31,27,26,0,0,0,193,Matches
Marcel Halstenberg\Marcel-Halstenberg,de GER,DF,RB Leipzig,29-214,1991,17.2,2,0,0,18,10,4,24,17,23,0,0,0,197,Matches
Amine Harit\Amine-Harit,ma MAR,FWMF,Schalke 04,23-315,1997,19.5,3,0,0,20,67,7,23,16,14,1,0,0,103,Matches
Marcel Hartel\Marcel-Hartel,de GER,MF,Arminia,25-100,1996,18.5,1,0,0,6,16,5,30,16,21,0,0,0,183,Matches
Makoto Hasebe\Makoto-Hasebe,jp JPN,DFMF,Eint Frankfurt,37-101,1984,22.4,5,0,0,19,31,0,2,28,37,0,0,0,265,Matches
Thorgan Hazard\Thorgan-Hazard,be BEL,FWMF,Dortmund,28-031,1993,6.4,0,0,0,5,5,3,10,9,4,0,0,0,53,Matches
Jonas Hector\Jonas-Hector,de GER,MF,Köln,30-337,1990,12.3,2,0,0,8,19,1,6,17,12,1,0,0,105,Matches
Hwang Hee-chan\Hwang-Hee-chan,kr KOR,FWMF,RB Leipzig,25-093,1996,3.3,2,0,0,9,8,1,4,2,5,0,0,0,20,Matches
Dominique Heintz\Dominique-Heintz,de GER,DF,Freiburg,27-257,1993,15.2,3,0,0,16,6,0,6,21,16,0,0,0,148,Matches
Benjamin Henrichs\Benjamin-Henrichs,de GER,DFMF,RB Leipzig,24-065,1997,4.8,2,0,0,5,11,0,10,8,8,0,0,0,49,Matches
Lucas Hernández\Lucas-Hernandez,fr FRA,DF,Bayern Munich,25-074,1996,15.1,3,0,0,14,28,0,41,15,23,1,0,0,157,Matches
Patrick Herrmann\Patrick-Herrmann,de GER,FW,M'Gladbach,30-076,1991,9.6,3,0,0,13,13,8,24,8,12,0,0,0,73,Matches
Martin Hinteregger\Martin-Hinteregger,at AUT,DF,Eint Frankfurt,28-234,1992,25.1,4,0,0,33,33,0,5,33,38,2,1,1,346,Matches
Marwin Hitz\Marwin-Hitz,ch SUI,GK,Dortmund,33-223,1987,15,1,0,0,0,2,0,0,0,0,0,0,0,66,Matches
Nicolas Höfler\Nicolas-Hofler,de GER,MF,Freiburg,31-051,1990,26.3,10,0,0,64,28,0,10,44,40,1,2,0,312,Matches
Jonas Hofmann\Jonas-Hofmann,de GER,FWMF,M'Gladbach,28-289,1992,18.5,1,0,0,18,19,9,35,28,19,0,0,0,133,Matches
Marco Höger\Marco-Hoger,de GER,DF,Köln,31-225,1989,0.6,0,0,0,0,1,0,2,1,3,0,0,0,8,Matches
Lucas Höler\Lucas-Holer,de GER,FWMF,Freiburg,26-293,1994,21,5,0,0,23,71,13,22,14,16,1,0,0,143,Matches
Matthew Hoppe\Matthew-Hoppe,us USA,FW,Schalke 04,20-047,2001,12,3,0,0,19,14,7,1,5,9,0,0,0,47,Matches
Jannes Horn\Jannes-Horn,de GER,DF,Köln,24-082,1997,18.3,5,0,0,13,19,0,38,16,15,0,0,0,158,Matches
Timo Horn\Timo-Horn,de GER,GK,Köln,27-352,1993,30.4,0,0,0,0,1,0,0,1,0,0,0,0,174,Matches
Lukáš Hrádecký\Lukas-Hradecky,fi FIN,GK,Leverkusen,31-156,1989,25.5,1,0,0,1,4,0,0,0,0,0,1,1,144,Matches
Ajdin Hrustic\Ajdin-Hrustic,au AUS,MFFW,Eint Frankfurt,24-298,1996,1.2,0,0,0,4,1,0,4,3,3,0,0,0,14,Matches
Florian Hübner\Florian-Hubner,de GER,DF,Union Berlin,30-059,1991,5.8,3,0,0,10,8,0,1,11,4,0,0,0,62,Matches
Mats Hummels\Mats-Hummels,de GER,DF,Dortmund,32-134,1988,28.9,5,0,0,24,17,7,2,56,38,0,0,0,400,Matches
Klaas-Jan Huntelaar\Klaas-Jan-Huntelaar,nl NED,FW,Schalke 04,37-260,1983,4.2,2,0,0,11,6,4,0,2,1,0,1,0,11,Matches
Iago\Iago,br BRA,DF,Augsburg,24-037,1997,15.4,2,0,0,11,8,1,31,16,17,0,1,0,142,Matches
Vedad Ibiševi?\Vedad-Ibisevic,ba BIH,FW,Schalke 04,36-266,1984,1.7,1,0,0,3,0,3,0,0,0,0,0,0,1,Matches
Stefan Ilsanker\Stefan-Ilsanker,at AUT,MFDF,Eint Frankfurt,31-346,1989,16.2,4,0,0,26,12,1,2,24,28,0,1,0,220,Matches
Marcus Ingvartsen\Marcus-Ingvartsen,dk DEN,MFFW,Union Berlin,25-115,1996,20,3,0,0,40,29,4,23,27,13,1,1,0,139,Matches
Ismail Jakobs\Ismail-Jakobs,de GER,DFMF,Köln,21-255,1999,17.7,5,0,0,21,12,3,56,18,11,0,0,0,133,Matches
Tony Jantschke\Tony-Jantschke,de GER,DF,M'Gladbach,31-022,1990,2.9,1,0,0,3,2,0,0,4,7,0,0,0,35,Matches
Rune Jarstein\Rune-Jarstein,no NOR,GK,Hertha BSC,36-212,1984,8,0,0,0,1,1,0,0,0,0,0,1,0,39,Matches
Tin Jedvaj\Tin-Jedvaj,hr CRO,DF,Leverkusen,25-152,1995,1.7,0,0,0,4,0,0,2,4,0,0,0,0,8,Matches
Fredrik Jensen\Fredrik-Jensen,fi FIN,FWMF,Augsburg,23-232,1997,3.7,0,0,0,6,1,1,4,4,1,0,0,0,27,Matches
Marco John\Marco-John,de GER,DF,Hoffenheim,19-027,2002,10.5,1,0,0,4,14,1,26,13,10,0,1,0,93,Matches
Luka Jovi?\Luka-Jovic,rs SRB,FWMF,Eint Frankfurt,23-127,1997,8.7,2,0,0,11,7,3,5,1,4,0,0,0,29,Matches
Ozan Kabak\Ozan-Kabak,tr TUR,DF,Schalke 04,21-035,2000,13.8,6,1,1,21,7,1,0,16,11,0,3,0,131,Matches
Pavel Kade?ábek\Pavel-Kaderabek,cz CZE,DF,Hoffenheim,29-004,1992,14.6,3,0,0,18,13,4,46,17,12,0,0,0,82,Matches
Florian Kainz\Florian-Kainz,at AUT,FWMF,Köln,28-187,1992,3,0,0,0,5,8,0,12,2,2,0,0,0,21,Matches
Sasa Kalajdzic\Sasa-Kalajdzic,at AUT,FW,Stuttgart,23-296,1997,20.8,1,0,0,25,35,3,5,5,6,1,0,0,77,Matches
Daichi Kamada\Daichi-Kamada,jp JPN,MFFW,Eint Frankfurt,24-267,1996,23.8,3,0,0,38,28,5,37,26,24,1,0,0,175,Matches
Marcin Kami?ski\Marcin-Kaminski,pl POL,DF,Stuttgart,29-104,1992,2.3,0,0,0,2,0,0,1,1,1,0,0,0,31,Matches
Kevin Kampl\Kevin-Kampl,si SVN,MF,RB Leipzig,30-202,1990,19.7,6,0,0,43,21,1,2,26,37,0,1,0,235,Matches
Atakan Karazor\Atakan-Karazor,de GER,DFMF,Stuttgart,24-198,1996,9,3,0,0,14,10,0,0,13,11,0,1,0,118,Matches
Loris Karius\Loris-Karius,de GER,GK,Union Berlin,27-311,1993,3.2,0,0,0,0,0,0,0,0,0,0,0,0,11,Matches
Noah Katterbach\Noah-Katterbach,de GER,DF,Köln,20-016,2001,11.3,1,0,0,9,17,1,23,10,12,0,0,0,111,Matches
Yannik Keitel\Yannik-Keitel,de GER,MF,Freiburg,21-073,2000,3.9,1,0,0,8,4,0,0,7,5,0,0,0,51,Matches
Marc-Oliver Kempf\Marc-Oliver-Kempf,de GER,DF,Stuttgart,26-091,1995,27.4,5,0,0,30,35,0,10,45,38,0,1,1,300,Matches
Rani Khedira\Rani-Khedira,de GER,MF,Augsburg,27-092,1994,18.2,5,0,0,23,16,0,7,19,18,0,1,0,171,Matches
Sami Khedira\Sami-Khedira,de GER,MF,Hertha BSC,34-025,1987,2.3,1,0,0,5,4,0,2,5,7,0,0,0,25,Matches
Luca Kilian\Luca-Kilian,de GER,DF,Mainz 05,21-240,1999,4.2,1,0,0,5,3,0,0,1,4,0,0,0,47,Matches
Joshua Kimmich\Joshua-Kimmich,de GER,MF,Bayern Munich,26-080,1995,21.4,4,0,0,16,40,0,39,36,29,0,0,0,264,Matches
Davy Klaassen\Davy-Klaassen,nl NED,MF,Werder Bremen,28-067,1993,2.5,1,0,0,6,4,0,1,2,2,0,0,0,30,Matches
Felix Klaus\Felix-Klaus,de GER,DFMF,Wolfsburg,28-228,1992,1.5,0,0,0,2,0,0,1,0,8,0,0,0,11,Matches
Klauss\Klauss,br BRA,FW,Hoffenheim,24-059,1997,0.6,0,0,0,3,1,0,0,0,0,0,0,0,4,Matches
Philipp Klement\Philipp-Klement,de GER,MFFW,Stuttgart,28-232,1992,3.1,0,0,0,5,1,0,7,3,4,0,0,0,31,Matches
Mateo Klimowicz\Mateo-Klimowicz,de GER,FWMF,Stuttgart,20-297,2000,13.3,1,0,0,13,17,0,6,3,14,2,0,0,75,Matches
Fabian Klos\Fabian-Klos,de GER,FW,Arminia,33-148,1987,27.2,4,0,0,46,51,14,23,10,12,0,0,0,119,Matches
Lukas Klostermann\Lukas-Klostermann,de GER,DF,RB Leipzig,24-331,1996,13.2,2,0,0,5,7,0,6,17,10,0,0,0,139,Matches
Justin Kluivert\Justin-Kluivert,nl NED,FWMF,RB Leipzig,21-359,1999,7.2,2,0,0,12,12,5,23,3,3,0,0,0,46,Matches
Lukas Klünter\Lukas-Klunter,de GER,DF,Hertha BSC,24-338,1996,8,0,0,0,3,5,0,7,11,5,0,0,1,75,Matches
Ansgar Knauff\Ansgar-Knauff,de GER,MFFW,Dortmund,19-109,2002,0.7,0,0,0,3,1,0,6,1,0,0,0,0,4,Matches
Robin Knoche\Robin-Knoche,de GER,DF,Union Berlin,28-342,1992,30.8,4,0,0,35,12,4,0,38,32,0,1,0,405,Matches
Gregor Kobel\Gregor-Kobel,ch SUI,GK,Stuttgart,23-144,1997,31,0,0,0,0,5,0,0,0,0,0,0,0,186,Matches
Dominik Kohr\Dominik-Kohr,de GER,MFFW,Eint Frankfurt,27-088,1994,2.9,1,0,0,9,5,0,4,5,11,0,0,0,39,Matches
Dominik Kohr\Dominik-Kohr,de GER,MF,Mainz 05,27-088,1994,11,3,0,0,22,16,0,2,23,21,0,0,0,133,Matches
Sead Kolašinac\Sead-Kolasinac,ba BIH,DFMF,Schalke 04,27-313,1993,13.8,4,0,0,18,11,2,19,31,9,0,1,0,122,Matches
Ibrahima Konaté\Ibrahima-Konate,fr FRA,DF,RB Leipzig,21-339,1999,7,1,0,0,10,14,0,0,10,5,0,1,0,67,Matches
Filip Kosti?\Filip-Kostic,rs SRB,DF,Eint Frankfurt,28-179,1992,25.2,3,0,0,19,19,4,196,28,29,0,0,0,214,Matches
Nianzou Kouassi\Nianzou-Kouassi,fr FRA,DFMF,Bayern Munich,18-326,2002,1.3,1,0,0,3,4,0,0,1,1,0,0,0,13,Matches
Andrej Kramari?\Andrej-Kramaric,hr CRO,FWMF,Hoffenheim,29-314,1991,23.4,2,0,0,4,39,9,51,10,5,0,0,0,135,Matches
Christoph Kramer\Christoph-Kramer,de GER,MF,M'Gladbach,30-069,1991,21.7,5,0,0,30,19,0,3,34,34,0,0,0,261,Matches
Max Kruse\Max-Kruse,de GER,FWMF,Union Berlin,33-041,1988,15.8,0,0,0,5,12,6,24,5,4,0,0,0,84,Matches
Lukas Kübler\Lukas-Kubler,de GER,DF,Freiburg,28-242,1992,7.7,2,0,0,13,9,0,13,11,12,0,0,0,82,Matches
Pierre Kunde\Pierre-Kunde,cm CMR,MF,Mainz 05,25-277,1995,5.7,1,0,0,10,9,1,3,7,6,0,0,0,74,Matches
Fabian Kunze\Fabian-Kunze,de GER,MF,Arminia,22-319,1998,13.9,5,0,0,36,24,0,3,15,26,0,0,0,182,Matches
Ahmed Kutucu\Ahmed-Kutucu,tr TUR,FWMF,Schalke 04,21-059,2000,1.2,1,0,0,2,1,0,2,0,0,0,0,0,4,Matches
Maxence Lacroix\Maxence-Lacroix,fr FRA,DF,Wolfsburg,21-023,2000,25.8,5,0,0,22,24,1,7,59,33,0,0,0,320,Matches
Stefan Lainer\Stefan-Lainer,at AUT,DF,M'Gladbach,28-245,1992,27.8,2,0,0,25,20,1,77,34,35,1,2,0,194,Matches
Michael Langer\Michael-Langer,at AUT,GK,Schalke 04,36-113,1985,2.7,0,0,0,0,0,0,0,0,0,0,0,0,9,Matches
Danny Latza\Danny-Latza,de GER,MF,Mainz 05,31-143,1989,18.3,8,0,0,30,24,1,16,25,30,0,0,0,207,Matches
Valentino Lazaro\Valentino-Lazaro,at AUT,DFFW,M'Gladbach,25-036,1996,12.2,3,0,0,7,11,2,24,15,7,0,0,0,98,Matches
Mathew Leckie\Mathew-Leckie,au AUS,FWDF,Hertha BSC,30-084,1991,3.3,0,0,0,10,2,0,4,6,4,0,0,0,35,Matches
Christopher Lenz\Christopher-Lenz,de GER,DF,Union Berlin,26-219,1994,22.6,3,0,0,27,18,2,62,28,38,0,0,0,241,Matches
Robert Lewandowski\Robert-Lewandowski,pl POL,FW,Bayern Munich,32-251,1988,24.3,4,0,0,41,24,18,19,6,12,2,0,0,106,Matches
Philipp Lienhart\Philipp-Lienhart,at AUT,DF,Freiburg,24-292,1996,29.3,3,0,0,12,34,3,1,33,14,0,0,0,266,Matches
Dimitris Limnios\Dimitris-Limnios,gr GRE,MFFW,Köln,22-337,1998,4.2,0,0,0,5,12,1,9,1,5,0,0,0,28,Matches
Niklas Lomb\Niklas-Lomb,de GER,GK,Leverkusen,27-275,1993,1.5,0,0,0,0,0,0,0,0,0,0,0,0,9,Matches
Eduard Löwen\Eduard-Lowen,de GER,MFDF,Hertha BSC,24-091,1997,0.5,0,0,0,1,0,0,3,0,3,0,0,0,7,Matches
Jan Luca Schuler\Jan-Luca-Schuler,de GER,FW,Schalke 04,22-038,1999,0.4,0,0,0,1,0,0,0,0,1,0,0,0,2,Matches
Anderson Lucoqui\Anderson-Lucoqui,ao ANG,DF,Arminia,23-297,1997,15.8,3,0,0,21,36,0,10,14,23,0,0,0,178,Matches
Kilian Ludewig\Kilian-Ludewig,de GER,DF,Schalke 04,21-055,2000,5.8,1,0,0,7,3,2,7,4,5,0,0,0,48,Matches
Dodi Lukebakio\Dodi-Lukebakio,be BEL,FWMF,Hertha BSC,23-217,1997,19.8,2,0,0,32,31,19,26,8,13,0,0,0,107,Matches
Andreas Luthe\Andreas-Luthe,de GER,GK,Union Berlin,34-050,1987,27.8,1,0,0,1,3,0,0,0,0,0,1,0,127,Matches
Tim Maciejewski\Tim-Maciejewski,de GER,MF,Union Berlin,20-055,2001,0.1,0,0,0,0,0,0,0,0,0,0,0,0,0,Matches
Mikail Maden\Mikail-Maden,no NOR,FW,Schalke 04,19-102,2002,0.1,0,0,0,0,0,0,0,0,0,0,0,0,3,Matches
Arne Maier\Arne-Maier,de GER,MF,Hertha BSC,22-111,1999,0.3,0,0,0,1,0,0,0,0,0,0,0,0,1,Matches
Arne Maier\Arne-Maier,de GER,MFFW,Arminia,22-111,1999,8.5,0,0,0,2,5,2,7,8,9,0,0,0,85,Matches
Yunus Mall?\Yunus-Malli,tr TUR,MF,Wolfsburg,29-064,1992,0.6,0,0,0,0,2,0,0,0,0,0,0,0,2,Matches
Orel Mangala\Orel-Mangala,be BEL,MF,Stuttgart,23-042,1998,23.4,4,0,0,34,28,0,10,27,18,0,0,0,225,Matches
Omar Marmoush\Omar-Marmoush,eg EGY,FW,Wolfsburg,22-081,1999,0,0,0,0,0,0,0,0,0,0,0,0,0,0,Matches
Aarón Martín\Aaron-Martin,es ESP,DF,Mainz 05,24-007,1997,2.9,0,0,0,4,0,0,13,3,2,0,0,0,17,Matches
Javi Martínez\Javi-Martinez,es ESP,MFDF,Bayern Munich,32-239,1988,4.6,0,0,0,2,7,0,0,10,5,0,0,0,55,Matches
Omar Mascarell\Omar-Mascarell,es ESP,MF,Schalke 04,28-086,1993,19.6,6,0,0,26,12,0,5,37,21,0,0,0,222,Matches
Roberto Massimo\Roberto-Massimo,de GER,DFFW,Stuttgart,20-199,2000,6.4,1,0,0,4,6,4,5,9,12,0,0,0,55,Matches
Jean-Philippe Mateta\Jean-Philippe-Mateta,fr FRA,FW,Mainz 05,23-305,1997,11.1,2,0,0,8,8,13,4,1,5,1,0,0,50,Matches
Rabbi Matondo\Rabbi-Matondo,wal WAL,FWMF,Schalke 04,20-232,2000,2.4,0,0,0,2,1,1,1,2,3,0,0,0,11,Matches
Konstantinos Mavropanos\Konstantinos-Mavropanos,gr GRE,DF,Stuttgart,23-139,1997,15.4,5,0,0,21,16,1,5,39,22,0,1,0,193,Matches
Eric Maxim Choupo-Moting\Eric-Maxim-Choupo-Moting,cm CMR,FWMF,Bayern Munich,32-037,1989,8.9,2,0,0,5,9,9,1,3,6,0,0,0,35,Matches
Kevin Mbabu\Kevin-Mbabu,ch SUI,DF,Wolfsburg,26-010,1995,15.9,5,0,0,41,19,1,47,16,22,0,0,0,172,Matches
Jean-Manuel Mbom\Jean-Manuel-Mbom,de GER,MFDF,Werder Bremen,21-064,2000,12.3,7,0,0,30,17,2,12,12,15,0,1,0,80,Matches
Nathan de Medina\Nathan-de-Medina,be BEL,DF,Arminia,23-203,1997,6.7,5,1,0,10,4,0,6,8,16,0,0,0,64,Matches
Joshua Mees\Joshua-Mees,de GER,FW,Union Berlin,25-014,1996,0.1,0,0,0,0,0,0,0,0,0,0,0,0,0,Matches
Admir Mehmedi\Admir-Mehmedi,ch SUI,MFFW,Wolfsburg,30-044,1991,9.1,0,0,0,20,15,9,20,6,12,0,0,0,73,Matches
Hamza Mendyl\Hamza-Mendyl,ma MAR,FW,Schalke 04,23-190,1997,1.1,1,0,0,2,0,0,2,1,1,0,0,0,5,Matches
Jorge Meré\Jorge-Mere,es ESP,DF,Köln,24-012,1997,14.4,2,0,0,5,6,0,0,23,14,0,0,0,142,Matches
Thomas Meunier\Thomas-Meunier,be BEL,DF,Dortmund,29-229,1991,15.4,3,0,0,17,5,3,47,15,24,1,0,0,144,Matches
Max Meyer\Max-Meyer,de GER,MF,Köln,25-223,1995,3.6,0,0,0,2,4,0,3,3,5,0,0,0,40,Matches
Maximilian Mittelstädt\Maximilian-Mittelstadt,de GER,DFMF,Hertha BSC,24-042,1997,18.6,3,0,0,23,18,1,47,46,33,0,2,0,200,Matches
Anthony Modeste\Anthony-Modeste,fr FRA,FWMF,Köln,33-015,1988,2.5,1,0,0,1,6,3,0,0,0,0,1,0,13,Matches
Kevin Möhwald\Kevin-Mohwald,de GER,MF,Werder Bremen,27-300,1993,17.1,4,1,1,20,32,0,14,40,15,0,1,0,165,Matches
Niklas Moisander\Niklas-Moisander,fi FIN,DF,Werder Bremen,35-212,1985,10.6,1,0,0,10,7,0,1,25,8,0,0,1,125,Matches
Alkhaly Momo Cissé\Alkhaly-Momo-Cisse,gn GUI,DFFW,Stuttgart,18-194,2002,0.4,1,0,0,2,0,0,0,0,1,0,0,0,4,Matches
Jan Morávek\Jan-Moravek,cz CZE,MF,Augsburg,31-179,1989,1.4,0,0,0,6,1,0,0,2,1,0,0,0,13,Matches
Mateu Morey\Mateu-Morey,es ESP,DF,Dortmund,21-058,2000,9.2,1,0,0,12,8,1,22,16,7,0,0,0,74,Matches
Youssoufa Moukoko\Youssoufa-Moukoko,de GER,FWMF,Dortmund,16-160,2004,4.7,0,0,0,9,8,4,3,0,2,0,0,0,23,Matches
Nordi Mukiele\Nordi-Mukiele,fr FRA,DF,RB Leipzig,23-179,1997,18.3,5,0,0,39,23,2,37,27,20,1,0,0,175,Matches
Florian Müller\Florian-Muller,de GER,GK,Freiburg,23-167,1997,30,0,0,0,1,3,0,0,1,0,0,0,0,166,Matches
Sebastian Müller\Sebastian-Muller,de GER,MFDF,Arminia,20-096,2001,0,0,0,0,0,0,0,0,0,0,0,0,0,0,Matches
Thomas Müller\Thomas-Muller,de GER,MF,Bayern Munich,31-228,1989,27.3,0,0,0,22,21,13,87,17,32,0,0,0,172,Matches
Petar Musa\Petar-Musa,hr CRO,FW,Union Berlin,23-056,1998,6,2,0,0,16,9,7,3,4,10,0,0,0,40,Matches
Jamal Musiala\Jamal-Musiala,de GER,FWMF,Bayern Munich,18-062,2003,8.8,0,0,0,12,20,2,9,22,13,0,0,0,81,Matches
Shkodran Mustafi\Shkodran-Mustafi,de GER,DF,Schalke 04,29-012,1992,7.5,0,0,0,6,7,2,0,16,4,0,0,1,82,Matches
Phillipp Mwene\Phillipp-Mwene,at AUT,DF,Mainz 05,27-090,1994,16.5,3,0,0,26,11,1,44,22,32,0,1,0,126,Matches
Obite N'Dicka\Obite-NDicka,fr FRA,DF,Eint Frankfurt,21-252,1999,21,10,0,0,32,27,0,10,45,20,0,0,0,233,Matches
Matija Nastasi?\Matija-Nastasic,rs SRB,DF,Schalke 04,28-032,1993,13.6,2,0,0,16,5,0,0,15,6,0,2,0,96,Matches
Paul Nebel\Paul-Nebel,de GER,MF,Mainz 05,18-201,2002,0.6,0,0,0,2,1,0,0,1,0,0,0,0,4,Matches
Luca Netz\Luca-Netz,de GER,DF,Hertha BSC,17-349,2003,3.4,0,0,0,2,2,0,10,2,7,0,0,0,30,Matches
Manuel Neuer\Manuel-Neuer,de GER,GK,Bayern Munich,35-033,1986,31,1,0,0,1,2,0,0,1,0,0,1,0,202,Matches
Florian Neuhaus\Florian-Neuhaus,de GER,MF,M'Gladbach,24-044,1997,26.3,8,0,0,22,35,1,6,40,30,0,1,0,270,Matches
Jessic Ngankam\Jessic-Ngankam,de GER,FW,Hertha BSC,20-283,2000,1.4,1,0,0,5,2,0,1,0,2,0,0,0,4,Matches
Moussa Niakhate\Moussa-Niakhate,fr FRA,DF,Mainz 05,25-052,1996,27.8,10,1,1,43,10,1,20,28,30,0,3,0,264,Matches
Florian Niederlechner\Florian-Niederlechner,de GER,FW,Augsburg,30-187,1990,16.6,3,1,1,23,36,20,8,4,7,0,1,0,72,Matches
Joakim Nilsson\Joakim-Nilsson,se SWE,DF,Arminia,27-082,1994,21,1,0,0,11,13,1,1,25,25,0,0,1,196,Matches
Christopher Nkunku\Christopher-Nkunku,fr FRA,FWMF,RB Leipzig,23-166,1997,19.6,2,0,0,37,47,15,47,10,15,1,0,0,116,Matches
Håvard Nordtveit\Havard-Nordtveit,no NOR,DF,Hoffenheim,30-312,1990,7.8,1,0,0,5,7,0,0,5,2,0,1,0,86,Matches
Kasim Nuhu\Kasim-Nuhu,gh GHA,DF,Hoffenheim,25-311,1995,11,0,0,0,12,6,0,2,9,7,0,1,2,129,Matches
Bastian Oczipka\Bastian-Oczipka,de GER,DF,Schalke 04,32-107,1989,17.4,1,0,0,11,13,1,40,25,21,0,0,0,145,Matches
Masaya Okugawa\Masaya-Okugawa,jp JPN,MFFW,Arminia,25-015,1996,7.5,0,0,0,1,5,2,3,6,8,0,0,0,50,Matches
Dani Olmo\Dani-Olmo,es ESP,MFFW,RB Leipzig,22-357,1998,23.4,1,0,0,20,38,2,23,23,22,1,0,0,222,Matches
Karim Onisiwo\Karim-Onisiwo,at AUT,FW,Mainz 05,29-043,1992,16.9,2,0,0,31,27,14,30,7,19,1,0,0,90,Matches
Willi Orban\Willi-Orban,hu HUN,DF,RB Leipzig,28-177,1992,23.3,4,0,0,15,14,3,4,29,22,1,0,0,295,Matches
Stefan Ortega\Stefan-Ortega,de GER,GK,Arminia,28-174,1992,31,1,0,0,0,1,0,0,0,1,0,0,0,228,Matches
Yuya Osako\Yuya-Osako,jp JPN,FWMF,Werder Bremen,30-346,1990,7.6,3,0,0,14,12,5,5,6,8,0,0,0,44,Matches
Paulo Otávio\Paulo-Otavio,br BRA,DF,Wolfsburg,26-157,1994,16.4,7,1,0,24,29,0,51,36,34,0,0,0,164,Matches
Reece Oxford\Reece-Oxford,eng ENG,DF,Augsburg,22-134,1998,12.1,2,0,0,12,11,0,1,29,13,0,2,0,100,Matches
Salih Özcan\Salih-Ozcan,de GER,MFFW,Köln,23-108,1998,14,3,0,0,28,39,3,10,18,13,0,1,0,152,Matches
Levin Öztunal?\Levin-Oztunali,de GER,DFFW,Mainz 05,25-045,1996,8.2,0,0,0,8,5,4,18,13,16,0,0,0,57,Matches
Gonçalo Paciência\Goncalo-Paciencia,pt POR,FW,Schalke 04,26-271,1994,7.1,2,0,0,15,10,9,9,2,6,0,0,0,24,Matches
Exequiel Palacios\Exequiel-Palacios,ar ARG,MF,Leverkusen,22-206,1998,5.5,1,0,0,7,14,0,1,13,15,0,0,0,59,Matches
Matondo-Merveille Papela\Matondo-Merveille-Papela,de GER,DF,Mainz 05,20-101,2001,0,0,0,0,0,0,0,0,0,0,0,0,0,0,Matches
Felix Passlack\Felix-Passlack,de GER,DF,Dortmund,22-335,1998,3.8,0,0,0,4,6,1,6,4,8,0,0,0,39,Matches
Benjamin Pavard\Benjamin-Pavard,fr FRA,DF,Bayern Munich,25-032,1996,19.6,3,0,0,17,19,0,49,28,24,0,1,0,189,Matches
Ji?í Pavlenka\Jiri-Pavlenka,cz CZE,GK,Werder Bremen,29-015,1992,31,2,0,0,2,3,0,0,0,0,0,1,0,159,Matches
Mads Pedersen\Mads-Pedersen,dk DEN,DF,Augsburg,24-240,1996,9.3,1,0,0,13,14,0,11,14,16,1,1,0,90,Matches
Peter Pekarík\Peter-Pekarik,sk SVK,DF,Hertha BSC,34-181,1986,15.8,4,0,0,9,20,1,31,13,11,0,0,0,131,Matches
Philipp Pentke\Philipp-Pentke,de GER,GK,Hoffenheim,35-363,1985,1,0,0,0,0,0,0,0,0,0,0,0,0,5,Matches
Pavao Pervan\Pavao-Pervan,at AUT,GK,Wolfsburg,33-167,1987,1,0,0,0,0,0,0,0,0,0,0,0,0,3,Matches
Nils Petersen\Nils-Petersen,de GER,FW,Freiburg,32-144,1988,12.1,0,0,0,14,4,4,3,3,8,0,0,0,44,Matches
Maximilian Philipp\Maximilian-Philipp,de GER,MF,Wolfsburg,27-059,1994,9.6,2,0,0,11,11,6,6,6,4,0,0,0,51,Matches
Krzysztof Pi?tek\Krzysztof-Piatek,pl POL,FW,Hertha BSC,25-302,1995,15.9,4,0,0,43,19,14,4,5,3,0,0,0,65,Matches
Amos Pieper\Amos-Pieper,de GER,DF,Arminia,23-102,1998,26.8,6,0,0,19,21,1,2,33,37,0,3,0,263,Matches
?ukasz Piszczek\Lukasz-Piszczek,pl POL,DF,Dortmund,35-330,1985,3.2,0,0,0,1,2,0,5,5,7,0,0,0,24,Matches
Marvin Plattenhardt\Marvin-Plattenhardt,de GER,DF,Hertha BSC,29-093,1992,9.4,1,0,0,7,7,0,39,3,12,0,0,0,56,Matches
Alassane Pléa\Alassane-Plea,fr FRA,FW,M'Gladbach,28-050,1993,18.7,2,0,0,15,29,20,33,6,7,0,0,0,79,Matches
Joel Pohjanpalo\Joel-Pohjanpalo,fi FIN,MF,Leverkusen,26-228,1994,0.1,0,0,0,0,0,0,0,0,0,0,0,0,0,Matches
Joel Pohjanpalo\Joel-Pohjanpalo,fi FIN,FW,Union Berlin,26-228,1994,8.1,0,0,0,7,8,11,1,1,2,0,0,0,31,Matches
Marin Pongra?i?\Marin-Pongracic,hr CRO,DF,Wolfsburg,23-230,1997,6.4,2,1,1,11,3,0,0,22,9,0,0,0,64,Matches
Stefan Posch\Stefan-Posch,at AUT,DF,Hoffenheim,23-350,1997,20.5,11,1,1,35,12,1,17,26,25,0,0,0,205,Matches
Yussuf Poulsen\Yussuf-Poulsen,dk DEN,FW,RB Leipzig,26-318,1994,13.6,1,0,0,19,26,9,9,6,2,1,0,0,74,Matches
Manuel Prietl\Manuel-Prietl,at AUT,MF,Arminia,29-269,1991,25,2,0,0,36,9,0,4,36,42,0,0,0,254,Matches
Grischa Prömel\Grischa-Promel,de GER,MF,Union Berlin,26-110,1995,20.2,7,0,0,30,52,6,5,30,27,1,0,0,222,Matches
Robin Quaison\Robin-Quaison,se SWE,FWMF,Mainz 05,27-202,1993,14.4,1,0,0,19,9,2,5,6,9,0,0,0,80,Matches
Nemanja Radonji?\Nemanja-Radonjic,rs SRB,FWDF,Hertha BSC,25-073,1996,2.2,0,0,0,2,2,2,9,0,1,0,0,0,19,Matches
Benito Raman\Benito-Raman,be BEL,FWMF,Schalke 04,26-173,1994,13.5,2,0,0,15,11,5,15,9,10,0,0,0,102,Matches
Milot Rashica\Milot-Rashica,xk KVX,FWMF,Werder Bremen,24-305,1996,15.2,0,0,0,14,20,4,33,8,10,0,0,0,83,Matches
Daishawn Redan\Daishawn-Redan,nl NED,MFFW,Hertha BSC,20-086,2001,0.8,0,0,0,2,0,0,3,0,0,0,0,0,3,Matches
Reinier\Reinier,br BRA,MFFW,Dortmund,19-100,2002,1.9,0,0,0,2,1,1,1,2,6,0,0,0,13,Matches
Rocco Reitz\Rocco-Reitz,de GER,MF,M'Gladbach,18-335,2002,0.7,1,0,0,2,1,0,0,1,1,0,0,0,15,Matches
Marco Reus\Marco-Reus,de GER,MFFW,Dortmund,31-333,1989,22.7,1,0,0,27,29,9,50,10,28,3,0,0,138,Matches
Elvis Rexhbeçaj\Elvis-Rexhbecaj,de GER,MFFW,Köln,23-179,1997,19.6,4,0,0,21,47,1,27,20,30,0,0,0,154,Matches
Gio Reyna\Gio-Reyna,us USA,FWMF,Dortmund,18-167,2002,20.1,1,0,0,24,46,4,29,10,23,1,0,0,127,Matches
Chris Richards\Chris-Richards,us USA,DF,Hoffenheim,21-032,2000,10.5,1,0,0,6,5,0,0,13,13,0,0,0,113,Matches
Chris Richards\Chris-Richards,us USA,DF,Bayern Munich,21-032,2000,1,0,0,0,0,0,0,4,0,1,0,0,0,4,Matches
Marco Richter\Marco-Richter,de GER,FWMF,Augsburg,23-156,1997,13.4,3,1,1,16,32,6,30,7,7,0,0,0,103,Matches
Marc Roca\Marc-Roca,es ESP,MF,Bayern Munich,24-154,1996,1.6,1,0,0,3,2,0,2,1,4,0,0,0,18,Matches
Sebastian Rode\Sebastian-Rode,de GER,MF,Eint Frankfurt,30-200,1990,17.5,10,0,0,30,21,0,7,41,28,0,0,0,204,Matches
Jérôme Roussillon\Jerome-Roussillon,fr FRA,DF,Wolfsburg,28-113,1993,13.5,0,0,0,9,15,0,44,12,14,0,0,0,113,Matches
Sebastian Rudy\Sebastian-Rudy,de GER,DF,Schalke 04,31-060,1990,2,0,0,0,1,0,0,3,0,1,0,0,0,26,Matches
Sebastian Rudy\Sebastian-Rudy,de GER,MFDF,Hoffenheim,31-060,1990,18.3,4,0,0,30,14,0,41,7,30,0,0,0,179,Matches
Georginio Rutter\Georginio-Rutter,fr FRA,FWMF,Hoffenheim,19-009,2002,2.3,0,0,0,3,7,2,3,0,1,0,0,0,15,Matches
Julian Ryerson\Julian-Ryerson,no NOR,DF,Union Berlin,23-163,1997,10.8,2,0,0,9,10,1,15,13,8,0,0,0,92,Matches
Frederik Rønnow\Frederik-Ronnow,dk DEN,GK,Schalke 04,28-268,1992,10.5,0,0,0,0,1,0,0,0,0,0,0,1,65,Matches
João Victor Santos Sá\Joao-Victor-Santos-Sa,br BRA,FW,Wolfsburg,27-033,1994,4.8,0,0,0,8,6,4,3,6,8,0,0,0,46,Matches
Marcel Sabitzer\Marcel-Sabitzer,at AUT,MF,RB Leipzig,27-043,1994,19.5,6,0,0,17,29,7,18,34,25,0,0,0,248,Matches
Roland Sallai\Roland-Sallai,hu HUN,MFFW,Freiburg,23-342,1997,16.2,3,0,0,44,42,10,37,7,10,2,0,0,83,Matches
Lazar Samardzic\Lazar-Samardzic,de GER,MFFW,RB Leipzig,19-064,2002,2.2,0,0,0,6,3,0,0,5,6,0,0,0,14,Matches
Diadie Samassékou\Diadie-Samassekou,ml MLI,MF,Hoffenheim,25-108,1996,25.9,3,0,0,41,42,0,7,57,42,0,0,0,348,Matches
Jadon Sancho\Jadon-Sancho,eng ENG,FWMF,Dortmund,21-035,2000,20.7,0,0,0,0,19,8,46,11,10,0,0,0,142,Matches
Leroy Sané\Leroy-Sane,de GER,FWMF,Bayern Munich,25-108,1996,18.6,2,0,0,13,21,6,49,11,19,1,0,0,146,Matches
Salif Sané\Salif-Sane,sn SEN,DF,Schalke 04,30-247,1990,8.9,5,0,0,12,13,1,3,13,5,0,1,0,136,Matches
Mohamed Sankoh\Mohamed-Sankoh,nl NED,FW,Stuttgart,17-195,2003,0.2,0,0,0,0,0,0,0,1,0,0,0,0,0,Matches
Baptiste Santamaria\Baptiste-Santamaria,fr FRA,MF,Freiburg,26-051,1995,22.2,5,0,0,31,27,2,22,47,41,0,0,1,261,Matches
Josh Sargent\Josh-Sargent,us USA,FWMF,Werder Bremen,21-068,2000,25.2,6,0,0,31,40,6,11,19,27,0,0,1,143,Matches
Bouna Sarr\Bouna-Sarr,gn GUI,DF,Bayern Munich,29-088,1992,4.8,1,0,0,11,6,1,10,4,8,0,0,0,53,Matches
Patrik Schick\Patrik-Schick,cz CZE,FW,Leverkusen,25-095,1996,18.5,3,0,0,24,16,6,3,2,8,0,0,0,62,Matches
Sven Schipplock\Sven-Schipplock,de GER,FWMF,Arminia,32-172,1988,8,4,0,0,34,26,3,10,3,7,0,0,0,55,Matches
Xaver Schlager\Xaver-Schlager,at AUT,MF,Wolfsburg,23-213,1997,26.3,6,0,0,40,29,0,10,38,55,1,0,0,351,Matches
Keven Schlotterbeck\Keven-Schlotterbeck,de GER,DF,Freiburg,24-001,1997,17.8,3,0,0,20,28,0,1,28,10,0,0,1,166,Matches
Nico Schlotterbeck\Nico-Schlotterbeck,de GER,DF,Union Berlin,21-149,1999,11.5,3,1,1,17,23,0,3,23,14,0,1,1,113,Matches
Jonathan Schmid\Jonathan-Schmid,fr FRA,DFMF,Freiburg,30-307,1990,23.9,4,0,0,15,17,0,73,15,25,0,0,0,207,Matches
Romano Schmid\Romano-Schmid,at AUT,FWMF,Werder Bremen,21-092,2000,12.1,2,0,0,17,19,6,11,15,18,1,0,0,123,Matches
Benno Schmitz\Benno-Schmitz,de GER,DF,Köln,26-163,1994,2.8,0,0,0,6,3,0,3,7,5,0,0,0,22,Matches
Alessandro Schöpf\Alessandro-Schopf,at AUT,FWMF,Schalke 04,27-081,1994,9.7,0,0,0,12,13,4,6,5,12,0,0,0,75,Matches
Nico Schulz\Nico-Schulz,de GER,DF,Dortmund,28-028,1993,5.7,1,0,0,8,4,0,14,12,6,0,0,1,55,Matches
Alexander Schwolow\Alexander-Schwolow,de GER,GK,Hertha BSC,28-331,1992,20,0,0,0,0,2,0,0,0,0,0,0,0,87,Matches
Christopher Scott\Christopher-Scott,de GER,FWMF,Bayern Munich,18-326,2002,0.4,0,0,0,0,0,0,0,0,1,0,0,0,1,Matches
Davie Selke\Davie-Selke,de GER,FW,Werder Bremen,26-099,1995,6.7,4,0,0,18,21,5,5,2,2,0,0,0,37,Matches
Suat Serdar\Suat-Serdar,de GER,MF,Schalke 04,24-018,1997,21,2,0,0,27,47,1,7,23,34,1,0,1,196,Matches
Ryan Sessegnon\Ryan-Sessegnon,eng ENG,DF,Hoffenheim,20-346,2000,15.1,4,0,0,30,5,7,42,19,23,0,0,0,131,Matches
Nils Seufert\Nils-Seufert,de GER,MFFW,Arminia,24-085,1997,3.8,1,0,0,8,7,0,2,2,8,0,0,0,32,Matches
André Silva\Andre-Silva,pt POR,FW,Eint Frankfurt,25-174,1995,27.7,1,0,0,17,33,25,17,4,4,3,0,0,125,Matches
Jóan Símun Edmundsson\Joan-Simun-Edmundsson,fo FRO,MFFW,Arminia,29-277,1991,0.6,0,0,0,3,2,0,0,0,1,0,0,0,1,Matches
Daley Sinkgraven\Daley-Sinkgraven,nl NED,DF,Leverkusen,25-299,1995,16.9,3,0,0,15,22,1,19,21,23,0,1,0,199,Matches
Tobias Sippel\Tobias-Sippel,de GER,GK,M'Gladbach,33-038,1988,3.8,0,0,0,0,0,0,0,0,0,0,0,0,16,Matches
Ellyes Skhiri\Ellyes-Skhiri,tn TUN,MF,Köln,25-354,1995,29.1,4,0,0,40,17,3,4,79,46,0,0,0,344,Matches
Robert Skov\Robert-Skov,dk DEN,FWDF,Hoffenheim,24-344,1996,11.1,0,1,0,8,13,5,35,11,14,0,0,0,76,Matches
Steven Skrzybski\Steven-Skrzybski,de GER,FW,Schalke 04,28-162,1992,4.1,2,0,0,4,12,2,4,5,5,0,0,0,30,Matches
Yann Sommer\Yann-Sommer,ch SUI,GK,M'Gladbach,32-133,1988,27.1,1,1,0,1,1,0,0,0,0,0,0,0,123,Matches
Borna Sosa\Borna-Sosa,hr CRO,DF,Stuttgart,23-098,1998,20,2,0,0,16,13,2,130,22,11,0,1,0,142,Matches
Cebio Soukou\Cebio-Soukou,bj BEN,FWMF,Arminia,28-209,1992,4.9,2,0,0,8,6,1,2,1,6,0,0,0,37,Matches
Djibril Sow\Djibril-Sow,ch SUI,MF,Eint Frankfurt,24-082,1997,22.8,6,0,0,39,34,1,3,55,43,0,0,0,242,Matches
Jerry St. Juste\Jerry-St-Juste,nl NED,DF,Mainz 05,24-192,1996,28,4,0,0,37,23,1,11,40,37,0,0,1,266,Matches
Benjamin Stambouli\Benjamin-Stambouli,fr FRA,MFDF,Schalke 04,30-259,1990,21.7,5,0,0,21,17,2,7,61,44,0,0,0,255,Matches
Josip Staniši?\Josip-Stanisic,de GER,DF,Bayern Munich,21-027,2000,1,0,0,0,1,0,0,0,1,1,0,0,0,12,Matches
Niklas Stark\Niklas-Stark,de GER,DFMF,Hertha BSC,26-015,1995,27.9,2,0,0,38,26,3,5,37,33,0,1,0,249,Matches
Renato Steffen\Renato-Steffen,ch SUI,FWMF,Wolfsburg,29-177,1991,17.4,3,0,0,31,18,4,36,13,15,0,0,0,142,Matches
Pascal Stenzel\Pascal-Stenzel,de GER,DF,Stuttgart,25-040,1996,12.5,3,1,1,19,4,0,6,14,16,0,1,0,173,Matches
Lars Stindl\Lars-Stindl,de GER,MFFW,M'Gladbach,32-246,1988,19.7,6,0,0,39,28,5,7,5,22,0,0,0,141,Matches
Kevin Stöger\Kevin-Stoger,at AUT,MFFW,Mainz 05,27-245,1993,5.8,3,0,0,12,18,1,15,10,9,0,0,0,72,Matches
Tobias Strobl\Tobias-Strobl,de GER,MF,Augsburg,30-352,1990,20.5,4,0,0,17,27,0,7,28,14,0,0,0,218,Matches
Marek Suchý\Marek-Suchy,cz CZE,DF,Augsburg,33-031,1988,2.9,1,0,0,4,3,0,1,1,3,0,0,0,18,Matches
Niklas Süle\Niklas-Sule,de GER,DF,Bayern Munich,25-238,1995,15.9,1,0,0,8,3,0,6,21,17,0,0,0,174,Matches
Ádám Szalai\Adam-Szalai,hu HUN,FW,Mainz 05,33-141,1987,6.9,1,0,0,17,11,3,7,3,6,0,0,0,47,Matches
Frederik Sørensen\Frederik-Sorensen,dk DEN,DF,Köln,29-015,1992,1.1,2,0,0,5,1,0,0,0,2,0,0,0,14,Matches
Alexander Sørloth\Alexander-Sorloth,no NOR,FW,RB Leipzig,25-145,1995,16,2,0,0,28,8,7,23,5,7,1,0,0,66,Matches
Jonathan Tah\Jonathan-Tah,de GER,DF,Leverkusen,25-077,1996,21.7,3,0,0,27,9,1,2,45,16,0,0,0,286,Matches
Edmond Tapsoba\Edmond-Tapsoba,bf BFA,DF,Leverkusen,22-086,1999,27.5,4,0,0,43,9,6,1,44,32,0,0,1,372,Matches
Niklas Tauer\Niklas-Tauer,de GER,MFDF,Mainz 05,20-071,2001,0.8,0,0,0,0,1,0,1,0,0,0,0,0,10,Matches
Lino Tempelmann\Lino-Tempelmann,de GER,MFDF,Freiburg,22-086,1999,3,2,0,0,4,7,0,3,0,3,0,0,0,50,Matches
Cedric Teuchert\Cedric-Teuchert,de GER,FWMF,Union Berlin,24-105,1997,8.1,2,0,0,15,13,2,4,11,6,0,0,0,49,Matches
Malick Thiaw\Malick-Thiaw,de GER,DF,Schalke 04,19-264,2001,16.1,5,1,1,26,8,2,1,32,20,0,0,1,125,Matches
Jan Thielmann\Jan-Thielmann,de GER,FWMF,Köln,18-338,2002,10.5,0,0,0,11,6,2,15,7,10,0,0,0,87,Matches
Erik Thommy\Erik-Thommy,de GER,FWDF,Stuttgart,26-252,1994,2.5,0,0,0,4,5,0,7,5,0,0,0,0,12,Matches
Marcus Thuram\Marcus-Thuram,fr FRA,FW,M'Gladbach,23-266,1997,16.9,3,1,0,36,32,14,15,19,14,5,0,0,102,Matches
Steffen Tigges\Steffen-Tigges,de GER,FW,Dortmund,22-272,1998,0.6,0,0,0,4,0,0,1,0,3,0,0,0,6,Matches
Guus Til\Guus-Til,nl NED,FW,Freiburg,23-128,1997,1.3,1,0,0,5,1,1,1,1,1,0,0,0,6,Matches
Corentin Tolisso\Corentin-Tolisso,fr FRA,MF,Bayern Munich,26-269,1994,8.1,1,1,0,11,14,2,5,3,12,0,0,0,81,Matches
Ömer Toprak\Omer-Toprak,tr TUR,DF,Werder Bremen,31-282,1989,20.1,1,0,0,14,25,2,0,50,11,0,0,0,212,Matches
Jordan Torunarigha\Jordan-Torunarigha,de GER,DF,Hertha BSC,23-265,1997,8.6,3,0,0,10,1,0,1,16,5,0,0,0,68,Matches
Almamy Touré\Almamy-Toure,ml MLI,DF,Eint Frankfurt,25-001,1996,7.7,2,0,0,13,1,6,34,11,13,0,1,0,63,Matches
Lucas Tousart\Lucas-Tousart,fr FRA,MF,Hertha BSC,24-000,1997,20.8,5,0,0,29,21,1,9,36,33,1,0,0,237,Matches
Ibrahima Traoré\Ibrahima-Traore,gn GUI,FWDF,M'Gladbach,33-008,1988,1.1,0,0,0,0,1,1,4,0,1,0,0,0,8,Matches
Kevin Trapp\Kevin-Trapp,de GER,GK,Eint Frankfurt,30-295,1990,31,0,0,0,0,3,0,0,1,0,0,0,0,168,Matches
Christopher Trimmel\Christopher-Trimmel,at AUT,DF,Union Berlin,34-064,1987,26,8,0,0,30,11,2,80,54,33,1,0,0,237,Matches
Tuta\Tuta,br BRA,DF,Eint Frankfurt,21-299,1999,14.4,5,0,0,25,12,0,3,28,14,0,1,1,169,Matches
Dayot Upamecano\Dayot-Upamecano,fr FRA,DF,RB Leipzig,22-184,1998,23.6,6,0,0,34,7,0,3,31,29,0,1,0,343,Matches
Mark Uth\Mark-Uth,de GER,FWMF,Schalke 04,29-248,1991,15.2,4,0,0,25,25,9,20,14,17,0,0,0,72,Matches
Ruben Vargas\Ruben-Vargas,ch SUI,MFFW,Augsburg,22-267,1998,17,2,0,0,25,30,9,15,27,13,0,0,0,134,Matches
Miloš Veljkovi?\Milos-Veljkovic,rs SRB,DF,Werder Bremen,25-215,1995,18.1,1,0,0,8,8,0,1,30,16,0,0,0,127,Matches
Michel Vlap\Michel-Vlap,nl NED,MFFW,Arminia,23-331,1997,4.1,0,0,0,3,6,0,4,4,1,0,0,0,27,Matches
Andreas Voglsammer\Andreas-Voglsammer,de GER,FWMF,Arminia,29-110,1992,8.4,1,0,0,11,10,3,13,2,6,0,0,0,44,Matches
Kevin Vogt\Kevin-Vogt,de GER,DF,Hoffenheim,29-218,1991,19.2,6,0,0,22,13,0,2,10,15,0,2,0,218,Matches
Silas Wamangituka\Silas-Wamangituka,cd COD,DFFW,Stuttgart,21-205,1999,21.3,6,0,0,34,41,13,41,23,30,1,0,0,161,Matches
Wout Weghorst\Wout-Weghorst,nl NED,FW,Wolfsburg,28-265,1992,29.7,3,0,0,31,21,32,8,6,11,0,0,0,140,Matches
Mitchell Weiser\Mitchell-Weiser,de GER,DF,Leverkusen,27-008,1994,2.5,0,0,0,2,3,0,4,2,2,0,0,0,26,Matches
Wendell\Wendell,br BRA,DF,Leverkusen,27-283,1993,13.7,3,0,0,26,13,0,13,37,24,0,0,0,161,Matches
Oscar Wendt\Oscar-Wendt,se SWE,DF,M'Gladbach,35-187,1985,13.5,3,0,0,17,4,2,22,15,5,0,0,0,114,Matches
William\William,br BRA,FW,Wolfsburg,26-026,1995,0,0,0,0,1,0,0,0,0,0,0,0,0,0,Matches
William\William,br BRA,DFFW,Schalke 04,26-026,1995,5.3,2,0,0,5,6,0,7,14,9,0,0,0,38,Matches
Florian Wirtz\Florian-Wirtz,de GER,MF,Leverkusen,17-361,2003,22,1,0,0,20,13,5,13,19,16,0,0,0,177,Matches
Axel Witsel\Axel-Witsel,be BEL,MF,Dortmund,32-107,1989,12.6,4,0,0,15,20,0,1,15,15,0,0,0,149,Matches
Hannes Wolf\Hannes-Wolf,at AUT,FWMF,M'Gladbach,22-013,1999,13.8,0,0,0,31,25,2,5,8,17,0,0,0,127,Matches
Marius Wolf\Marius-Wolf,de GER,DFMF,Köln,25-337,1995,26.5,3,0,0,26,51,5,50,32,18,1,2,0,214,Matches
Nick Woltemade\Nick-Woltemade,de GER,MFFW,Werder Bremen,19-074,2002,1.6,1,0,0,2,2,0,1,1,1,0,0,0,12,Matches
Jeong Woo-yeong\Jeong-Woo-yeong,kr KOR,FWMF,Freiburg,21-221,1999,8.6,0,0,0,10,11,0,9,10,4,0,0,0,56,Matches
Joscha Wosz\Joscha-Wosz,de GER,DFFW,RB Leipzig,18-283,2002,0.4,0,0,0,1,0,0,0,0,1,0,0,0,2,Matches
Reinhold Yabo\Reinhold-Yabo,de GER,MFFW,Arminia,29-078,1992,7.2,1,0,0,6,6,5,3,7,7,0,0,0,40,Matches
Amin Younes\Amin-Younes,de GER,MFFW,Eint Frankfurt,27-266,1993,14.4,5,0,0,37,23,6,25,14,18,0,0,0,86,Matches
Dan-Axel Zagadou\Dan-Axel-Zagadou,fr FRA,DF,Dortmund,21-330,1999,3.1,0,0,0,0,1,0,0,9,1,0,0,0,41,Matches
Denis Zakaria\Denis-Zakaria,ch SUI,MFDF,M'Gladbach,24-160,1996,13.6,3,0,0,19,11,0,3,24,19,0,0,0,107,Matches
Deyovaisio Zeefuik\Deyovaisio-Zeefuik,nl NED,DFMF,Hertha BSC,23-049,1998,8.6,4,1,1,18,17,1,20,7,12,0,1,0,80,Matches
Robin Zentner\Robin-Zentner,de GER,GK,Mainz 05,26-183,1994,29,2,0,0,0,5,0,0,0,0,0,0,0,176,Matches
Ron-Robert Zieler\Ron-Robert-Zieler,de GER,GK,Köln,32-076,1989,0.6,0,0,0,0,0,0,0,0,0,0,0,0,5,Matches
Joshua Zirkzee\Joshua-Zirkzee,nl NED,FW,Bayern Munich,19-342,2001,1,0,0,0,2,1,1,0,0,0,0,0,0,6,Matches
Steven Zuber\Steven-Zuber,ch SUI,DF,Eint Frankfurt,29-255,1991,5.5,1,0,0,14,9,1,13,2,14,0,0,0,54,Matches
