Player,Nation,Pos,Squad,Age,Born,90s,CrdY,CrdR,2CrdY,Fls,Fld,Off,Crs,Int,TklW,PKwon,PKcon,OG,Recov,Won,Lost,Won%,Matches
Patrick van Aanholt\Patrick-van-Aanholt,nl NED,DF,Crystal Palace,30-243,1990,19.7,2,0,0,11,4,3,34,34,19,0,0,0,180,10,11,47.6,Matches
Tammy Abraham\Tammy-Abraham,eng ENG,FW,Chelsea,23-209,1997,11.4,0,0,0,21,12,5,4,2,3,1,0,0,46,38,27,58.5,Matches
Che Adams\Che-Adams,sco SCO,FW,Southampton,24-290,1996,25.3,1,0,0,24,46,18,10,7,15,0,0,0,100,37,117,24,Matches
Tosin Adarabioyo\Tosin-Adarabioyo,eng ENG,DF,Fulham,23-217,1997,28,1,0,0,13,4,2,3,42,21,0,1,1,240,84,35,70.6,Matches
Adrián\Adrian,es ESP,GK,Liverpool,34-116,1987,3,0,0,0,0,0,0,0,0,0,0,0,0,20,0,0,,Matches
Sergio Agüero\Sergio-Aguero,ar ARG,FW,Manchester City,32-331,1988,4.2,0,0,0,2,6,1,1,4,0,0,0,0,13,2,5,28.6,Matches
Ola Aina\Ola-Aina,ng NGA,DF,Fulham,24-203,1996,27.9,2,0,0,28,23,1,40,49,23,0,0,0,245,31,42,42.5,Matches
Rayan Aït Nouri\Rayan-Ait-Nouri,fr FRA,DF,Wolves,19-327,2001,11.8,0,0,0,10,18,0,20,10,13,0,1,0,84,10,14,41.7,Matches
Semi Ajayi\Semi-Ajayi,ng NGA,DF,West Brom,27-171,1993,25.9,3,1,0,27,3,0,5,32,38,0,2,0,228,69,33,67.6,Matches
Nathan Aké\Nathan-Ake,nl NED,DF,Manchester City,26-070,1995,5.9,4,0,0,4,5,0,0,3,2,0,0,0,62,27,10,73,Matches
Marc Albrighton\Marc-Albrighton,eng ENG,FWDF,Leicester City,31-162,1989,15.5,2,0,0,8,20,4,60,21,25,0,0,0,148,12,28,30,Matches
Thiago Alcántara\Thiago-Alcantara,es ESP,MF,Liverpool,30-018,1991,15.6,4,0,0,40,19,0,3,26,29,0,1,0,186,26,18,59.1,Matches
Toby Alderweireld\Toby-Alderweireld,be BEL,DF,Tottenham,32-058,1989,19.9,2,0,0,16,3,0,1,5,15,0,0,1,167,47,33,58.8,Matches
Rúnar Alex Rúnarsson\Runar-Alex-Runarsson,is ISL,GK,Arsenal,26-070,1995,0.2,0,0,0,0,0,0,0,0,0,0,0,0,2,0,0,,Matches
Trent Alexander-Arnold\Trent-Alexander-Arnold,eng ENG,DF,Liverpool,22-204,1998,28.7,1,0,0,15,9,3,151,32,34,0,1,0,300,8,26,23.5,Matches
Ezgjan Alioski\Ezgjan-Alioski,mk MKD,DF,Leeds United,29-076,1992,22.8,7,0,0,34,31,5,49,29,33,0,1,0,214,37,36,50.7,Matches
Alisson\Alisson,br BRA,GK,Liverpool,28-209,1992,28,1,0,0,1,2,0,0,0,0,0,1,0,149,0,1,0,Matches
Allan\Allan,br BRA,MF,Everton,30-111,1991,16.8,5,0,0,24,20,0,2,16,38,0,0,0,175,1,10,9.1,Matches
Dele Alli\Dele-Alli,eng ENG,MF,Tottenham,25-018,1996,2.7,0,0,0,3,5,0,4,4,3,0,0,0,34,5,7,41.7,Matches
Miguel Almirón\Miguel-Almiron,py PAR,MFFW,Newcastle Utd,27-078,1994,22.3,2,0,0,14,32,6,26,24,25,0,0,0,159,7,16,30.4,Matches
Marcos Alonso\Marcos-Alonso,es ESP,DF,Chelsea,30-122,1990,9.6,2,0,0,12,11,2,12,9,7,0,0,0,78,23,19,54.8,Matches
Steven Alzate\Steven-Alzate,co COL,MFDF,Brighton,22-233,1998,8.2,2,0,0,19,6,1,2,5,13,0,0,0,56,6,11,35.3,Matches
Daniel Amartey\Daniel-Amartey,gh GHA,DF,Leicester City,26-129,1994,8,2,0,0,3,1,0,0,12,6,0,0,0,94,21,15,58.3,Matches
Ethan Ampadu\Ethan-Ampadu,wal WAL,DFMF,Sheffield Utd,20-227,2000,23.2,3,0,0,25,25,1,11,39,36,0,1,1,220,66,30,68.8,Matches
Joachim Andersen\Joachim-Andersen,dk DEN,DF,Fulham,24-333,1996,26.7,6,1,0,32,12,1,3,37,19,0,1,0,284,102,33,75.6,Matches
Elliot Anderson\Elliot-Anderson,sco SCO,MF,Newcastle Utd,18-174,2002,0,0,0,0,0,0,0,0,0,0,0,0,0,0,0,0,,Matches
Felipe Anderson\Felipe-Anderson,br BRA,FWMF,West Ham,28-014,1993,0,0,0,0,0,0,0,1,0,1,0,0,0,0,0,0,,Matches
Michail Antonio\Michail-Antonio,eng ENG,FW,West Ham,31-032,1990,17.2,3,0,0,19,33,14,22,7,5,0,0,0,64,48,93,34,Matches
Alphonse Areola\Alphonse-Areola,fr FRA,GK,Fulham,28-061,1993,32,1,0,0,0,4,0,0,0,0,0,0,0,128,0,0,,Matches
Stuart Armstrong\Stuart-Armstrong,sco SCO,MF,Southampton,29-030,1992,24.9,3,0,0,32,22,4,25,27,38,0,0,0,201,6,18,25,Matches
Kepa Arrizabalaga\Kepa-Arrizabalaga,es ESP,GK,Chelsea,26-208,1994,5,0,0,0,1,0,0,0,0,0,0,0,0,27,0,0,,Matches
Pierre-Emerick Aubameyang\Pierre-Emerick-Aubameyang,ga GAB,FW,Arsenal,31-315,1989,22.3,2,0,0,13,17,14,43,5,5,0,0,1,77,26,57,31.3,Matches
Serge Aurier\Serge-Aurier,ci CIV,DF,Tottenham,28-126,1992,15.8,0,0,0,21,13,1,20,22,33,0,1,0,133,36,36,50,Matches
Charlie Austin\Charlie-Austin,eng ENG,FW,West Brom,31-298,1989,1.5,0,0,0,0,2,1,1,2,3,0,0,0,6,7,13,35,Matches
Jordan Ayew\Jordan-Ayew,gh GHA,FWMF,Crystal Palace,29-230,1991,21.1,2,0,0,40,58,5,17,24,31,0,0,0,119,23,101,18.5,Matches
Luke Ayling\Luke-Ayling,eng ENG,DF,Leeds United,29-247,1991,32.8,6,0,0,25,47,1,67,48,55,0,1,0,367,61,54,53,Matches
César Azpilicueta\Cesar-Azpilicueta,es ESP,DF,Chelsea,31-244,1989,20.5,4,0,0,29,11,4,18,28,21,0,0,0,214,49,43,53.3,Matches
Eric Bailly\Eric-Bailly,ci CIV,DF,Manchester Utd,27-017,1994,7.1,2,0,0,8,4,0,0,17,5,0,0,0,78,17,11,60.7,Matches
Fabián Balbuena\Fabian-Balbuena,py PAR,DF,West Ham,29-249,1991,13.3,1,1,0,12,3,0,0,14,14,0,0,0,114,26,17,60.5,Matches
George Baldock\George-Baldock,eng ENG,DF,Sheffield Utd,28-051,1993,27,5,0,0,42,20,6,46,27,22,0,0,0,186,21,34,38.2,Matches
Gareth Bale\Gareth-Bale,wal WAL,FW,Tottenham,31-287,1989,7.2,1,0,0,8,8,3,18,5,8,0,0,0,52,16,8,66.7,Matches
Patrick Bamford\Patrick-Bamford,eng ENG,FW,Leeds United,27-236,1993,30.2,3,0,0,32,23,16,5,13,15,3,0,0,82,48,75,39,Matches
Phil Bardsley\Phil-Bardsley,sco SCO,DF,Burnley,35-305,1985,3,2,0,0,8,4,0,7,3,4,0,0,0,39,5,5,50,Matches
Ross Barkley\Ross-Barkley,eng ENG,MF,Chelsea,27-145,1993,0.5,0,0,0,2,2,1,0,0,0,0,0,0,8,3,1,75,Matches
Ross Barkley\Ross-Barkley,eng ENG,MF,Aston Villa,27-145,1993,14.5,0,0,0,10,14,5,16,4,0,1,0,0,119,21,22,48.8,Matches
Ashley Barnes\Ashley-Barnes,eng ENG,FW,Burnley,31-181,1989,14.4,4,0,0,42,48,17,6,4,6,1,0,0,68,52,90,36.6,Matches
Harvey Barnes\Harvey-Barnes,eng ENG,FWMF,Leicester City,23-141,1997,21.6,0,0,0,16,33,1,18,16,14,0,0,0,134,22,32,40.7,Matches
Kyle Bartley\Kyle-Bartley,eng ENG,DF,West Brom,29-342,1991,23.7,4,0,0,25,6,4,4,20,15,0,1,0,231,94,41,69.6,Matches
Chris Basham\Chris-Basham,eng ENG,DFMF,Sheffield Utd,32-283,1988,23.6,3,0,0,21,21,5,22,35,42,1,1,0,252,65,49,57,Matches
Michy Batshuayi\Michy-Batshuayi,be BEL,FW,Crystal Palace,27-209,1993,7.9,0,0,0,10,5,11,7,2,3,1,0,0,33,8,23,25.8,Matches
Jan Bednarek\Jan-Bednarek,pl POL,DF,Southampton,25-017,1996,30.9,3,1,0,23,13,0,0,70,25,0,0,1,390,106,46,69.7,Matches
Donny van de Beek\Donny-van-de-Beek,nl NED,MFFW,Manchester Utd,24-011,1997,3.8,1,0,0,4,3,0,4,5,7,0,0,0,25,1,4,20,Matches
Héctor Bellerín\Hector-Bellerin,es ESP,DF,Arsenal,26-041,1995,22,8,0,0,21,7,1,50,12,18,1,0,0,200,31,33,48.4,Matches
Saïd Benrahma\Said-Benrahma,dz ALG,MFFW,West Ham,25-262,1995,12.5,0,0,0,12,12,2,25,10,16,0,1,0,103,3,14,17.6,Matches
Josh Benson\Josh-Benson,eng ENG,MF,Burnley,21-145,1999,2.9,0,0,0,4,1,0,4,1,5,0,1,0,24,1,4,20,Matches
Christian Benteke\Christian-Benteke,be BEL,FW,Crystal Palace,30-147,1990,15.7,2,1,1,29,17,12,5,4,7,0,0,0,57,163,116,58.4,Matches
Jóhann Berg Guðmundsson\Johann-Berg-Gudmundsson,is ISL,MF,Burnley,30-184,1990,12.8,1,0,0,10,12,2,18,13,11,0,0,0,89,16,26,38.1,Matches
Sander Berge\Sander-Berge,no NOR,MF,Sheffield Utd,23-074,1998,11.3,4,0,0,12,4,2,18,3,16,0,0,0,92,14,14,50,Matches
Steven Bergwijn\Steven-Bergwijn,nl NED,FWMF,Tottenham,23-203,1997,11.7,2,0,0,19,16,0,9,10,8,1,0,0,72,2,13,13.3,Matches
Bernard\Bernard,br BRA,FWMF,Everton,28-233,1992,4.4,2,0,0,6,6,0,6,6,4,0,0,0,54,0,0,,Matches
Bernardo\Bernardo,br BRA,DFMF,Brighton,25-350,1995,2.3,0,0,0,1,1,0,4,0,5,0,0,0,12,5,6,45.5,Matches
Ryan Bertrand\Ryan-Bertrand,eng ENG,DF,Southampton,31-267,1989,28.9,5,0,0,29,35,3,57,31,44,0,1,0,209,34,54,38.6,Matches
Yves Bissouma\Yves-Bissouma,ml MLI,MF,Brighton,24-242,1996,29.6,6,1,0,45,25,0,8,45,61,0,0,0,331,36,20,64.3,Matches
Jayden Bogle\Jayden-Bogle,eng ENG,DF,Sheffield Utd,20-276,2000,10.8,2,0,0,14,7,1,9,17,14,0,0,0,78,16,25,39,Matches
Willy Boly\Willy-Boly,ci CIV,DF,Wolves,30-085,1991,19,1,0,0,14,8,0,0,17,23,0,1,0,170,62,16,79.5,Matches
Jarrod Bowen\Jarrod-Bowen,eng ENG,FWMF,West Ham,24-130,1996,26,0,0,0,14,48,11,47,20,12,0,0,0,162,20,57,26,Matches
Robbie Brady\Robbie-Brady,ie IRL,MF,Burnley,29-105,1992,11.7,3,0,0,21,9,2,25,9,12,0,0,0,110,21,20,51.2,Matches
Rhian Brewster\Rhian-Brewster,eng ENG,FW,Sheffield Utd,21-028,2000,11.6,1,0,0,18,12,4,9,5,7,0,0,0,57,9,43,17.3,Matches
Nathan Broadhead\Nathan-Broadhead,wal WAL,MF,Everton,23-024,1998,0,0,0,0,0,0,0,0,0,0,0,0,0,0,1,0,100,Matches
Josh Brownhill\Josh-Brownhill,eng ENG,MF,Burnley,25-131,1995,26.8,2,0,0,35,31,1,14,47,25,0,0,0,342,67,35,65.7,Matches
Joe Bryan\Joe-Bryan,eng ENG,DFFW,Fulham,27-224,1993,5.3,2,0,0,8,5,0,15,9,8,1,1,0,49,6,3,66.7,Matches
Kean Bryan\Kean-Bryan,eng ENG,DF,Sheffield Utd,24-179,1996,10.3,1,0,0,11,2,0,15,26,14,0,0,1,84,28,14,66.7,Matches
Oliver Burke\Oliver-Burke,sco SCO,FW,Sheffield Utd,24-022,1997,12.9,2,0,0,23,6,3,18,2,9,0,0,0,51,25,47,34.7,Matches
Dan Burn\Dan-Burn,eng ENG,DF,Brighton,28-355,1992,17.9,5,0,0,27,4,4,30,25,15,0,1,1,170,80,34,70.2,Matches
David Button\David-Button,eng ENG,GK,West Brom,32-061,1989,1,0,0,0,0,0,0,0,0,0,0,0,0,2,0,0,,Matches
Oskar Buur\Oskar-Buur,dk DEN,DF,Wolves,23-029,1998,0.2,0,0,0,0,0,0,0,0,0,0,0,0,2,0,0,,Matches
Willy Caballero\Willy-Caballero,ar ARG,GK,Chelsea,39-213,1981,1,0,0,0,0,0,0,0,0,0,0,0,0,4,0,0,,Matches
Gary Cahill\Gary-Cahill,eng ENG,DF,Crystal Palace,35-131,1985,16,3,0,0,10,3,3,0,14,6,0,0,0,120,66,31,68,Matches
Tom Cairney\Tom-Cairney,sco SCO,MF,Fulham,30-099,1991,8.4,2,0,0,4,18,1,18,1,4,1,0,0,71,2,5,28.6,Matches
Dominic Calvert-Lewin\Dominic-Calvert-Lewin,eng ENG,FW,Everton,24-044,1997,25.9,3,0,0,33,33,16,13,5,10,2,0,0,92,110,123,47.2,Matches
João Cancelo\Joao-Cancelo,pt POR,DF,Manchester City,26-337,1994,22.6,4,0,0,33,12,2,63,43,39,0,0,0,235,30,24,55.6,Matches
Ian Carlo Poveda\Ian-Carlo-Poveda,eng ENG,MFDF,Leeds United,21-079,2000,3.3,0,0,0,4,6,2,9,1,6,0,0,0,23,0,3,0,Matches
Andy Carroll\Andy-Carroll,eng ENG,FW,Newcastle Utd,32-113,1989,4.3,1,0,0,11,10,4,3,1,1,0,0,0,36,46,34,57.5,Matches
Matty Cash\Matty-Cash,eng ENG,DF,Aston Villa,23-265,1997,23.9,8,1,1,31,20,2,57,44,39,0,2,0,213,36,35,50.7,Matches
Kiko Casilla\Kiko-Casilla,es ESP,GK,Leeds United,34-209,1986,1,0,0,0,0,0,0,0,0,0,0,0,0,7,0,0,,Matches
Timothy Castagne\Timothy-Castagne,be BEL,DF,Leicester City,25-145,1995,21.1,1,0,0,16,11,1,32,19,31,0,0,0,175,35,38,47.9,Matches
Jonny Castro\Jonny-Castro,es ESP,DF,Wolves,27-057,1994,5.5,0,0,0,7,11,0,6,7,6,0,0,0,37,8,4,66.7,Matches
Ivan Cavaleiro\Ivan-Cavaleiro,pt POR,FWMF,Fulham,27-193,1993,22.6,2,0,0,27,23,9,53,14,16,0,0,0,139,38,70,35.2,Matches
Edinson Cavani\Edinson-Cavani,uy URU,FW,Manchester Utd,34-074,1987,12.8,3,0,0,16,12,5,5,7,5,0,0,0,65,7,17,29.2,Matches
Dani Ceballos\Dani-Ceballos,es ESP,MF,Arsenal,24-265,1996,16.1,3,0,0,20,23,0,11,22,31,0,0,0,175,7,11,38.9,Matches
Calum Chambers\Calum-Chambers,eng ENG,DF,Arsenal,26-099,1995,4.9,0,0,0,5,1,0,16,6,1,0,0,0,46,15,12,55.6,Matches
Ben Chilwell\Ben-Chilwell,eng ENG,DF,Chelsea,24-129,1996,21.5,3,0,0,19,37,6,84,23,27,0,0,0,177,38,29,56.7,Matches
Hamza Choudhury\Hamza-Choudhury,eng ENG,MF,Leicester City,23-210,1997,3.4,1,0,0,6,2,0,0,3,7,0,0,0,53,2,3,40,Matches
Andreas Christensen\Andreas-Christensen,dk DEN,DF,Chelsea,25-019,1996,13.7,2,1,0,6,5,0,0,23,10,0,0,0,125,42,20,67.7,Matches
Ciaran Clark\Ciaran-Clark,ie IRL,DF,Newcastle Utd,31-215,1989,20.1,3,0,0,16,11,1,0,22,14,0,1,1,165,77,34,69.4,Matches
Nathaniel Clyne\Nathaniel-Clyne,eng ENG,DF,Crystal Palace,30-024,1991,12.7,2,0,0,4,2,0,13,13,9,0,0,0,99,7,15,31.8,Matches
Conor Coady\Conor-Coady,eng ENG,DF,Wolves,28-063,1993,31.7,4,0,0,18,8,0,1,20,18,0,1,0,231,35,23,60.3,Matches
Séamus Coleman\Seamus-Coleman,ie IRL,DF,Everton,32-200,1988,13.2,0,0,0,9,12,0,21,17,17,0,0,0,110,9,8,52.9,Matches
Aaron Connolly\Aaron-Connolly,ie IRL,FW,Brighton,21-091,2000,8.3,0,0,0,5,13,8,2,0,5,1,0,0,27,11,30,26.8,Matches
Liam Cooper\Liam-Cooper,sco SCO,DF,Leeds United,29-242,1991,22.3,3,1,0,19,27,1,0,44,45,0,0,0,288,97,48,66.9,Matches
Jack Cork\Jack-Cork,eng ENG,MF,Burnley,31-308,1989,10.2,2,0,0,17,9,0,3,11,12,0,0,0,93,22,14,61.1,Matches
Hélder Costa\Helder-Costa,pt POR,MFFW,Leeds United,27-107,1994,12.8,0,0,0,20,18,3,16,6,15,0,0,1,69,4,25,13.8,Matches
Vladimír Coufal\Vladimir-Coufal,cz CZE,DF,West Ham,28-250,1992,28.9,3,0,0,28,31,0,79,34,40,0,0,0,269,43,37,53.8,Matches
Aaron Cresswell\Aaron-Cresswell,eng ENG,DF,West Ham,31-135,1989,30.6,3,0,0,11,15,0,76,28,12,0,0,0,272,32,26,55.2,Matches
Patrick Cutrone\Patrick-Cutrone,it ITA,FWMF,Wolves,23-116,1998,0.3,0,0,0,0,1,0,0,0,0,0,0,0,2,1,2,33.3,Matches
Stuart Dallas\Stuart-Dallas,nir NIR,DFMF,Leeds United,30-010,1991,32.9,6,0,0,39,44,0,47,51,47,0,0,0,310,33,33,50,Matches
Scott Dann\Scott-Dann,eng ENG,DF,Crystal Palace,34-074,1987,13,1,0,0,4,6,0,0,7,7,0,0,0,139,44,34,56.4,Matches
Karl Darlow\Karl-Darlow,eng ENG,GK,Newcastle Utd,30-203,1990,25,3,0,0,0,3,0,0,1,0,0,0,0,103,0,0,,Matches
Ben Davies\Ben-Davies,wal WAL,DF,Tottenham,28-005,1993,15,1,0,0,19,14,1,24,13,13,1,0,0,101,34,20,63,Matches
Tom Davies\Tom-Davies,eng ENG,MF,Everton,22-303,1998,13.7,3,0,0,25,25,0,5,29,25,0,1,0,115,9,15,37.5,Matches
Keinan Davis\Keinan-Davis,eng ENG,FWMF,Aston Villa,23-075,1998,1.8,0,0,0,1,2,0,4,0,3,0,0,0,9,10,8,55.6,Matches
Leif Davis\Leif-Davis,eng ENG,DF,Leeds United,21-107,2000,0.4,0,0,0,1,0,0,0,2,0,0,0,0,2,0,1,0,Matches
Craig Dawson\Craig-Dawson,eng ENG,DF,West Ham,30-358,1990,16.4,3,1,1,13,10,1,0,25,9,0,0,2,112,46,20,69.7,Matches
Kevin De Bruyne\Kevin-De-Bruyne,be BEL,MF,Manchester City,29-305,1991,21.2,1,0,0,24,31,1,62,16,31,2,0,0,150,7,13,35,Matches
Liam Delap\Liam-Delap,eng ENG,FW,Manchester City,18-080,2003,0.4,0,0,0,1,0,0,0,0,0,0,0,0,0,1,1,50,Matches
Fabian Delph\Fabian-Delph,eng ENG,MFDF,Everton,31-159,1989,2.7,1,0,0,3,6,0,3,4,1,0,0,0,25,0,0,,Matches
Leander Dendoncker\Leander-Dendoncker,be BEL,MFDF,Wolves,26-014,1995,24.9,3,0,0,29,10,4,8,24,25,0,0,1,215,76,49,60.8,Matches
Mbaye Diagne\Mbaye-Diagne,sn SEN,FW,West Brom,29-183,1991,11.6,2,0,0,13,21,16,5,2,4,0,0,0,41,44,89,33.1,Matches
Ibrahima Diallo\Ibrahima-Diallo,fr FRA,MF,Southampton,22-052,1999,9.6,2,0,0,18,11,0,7,13,22,0,1,0,110,8,14,36.4,Matches
Grady Diangana\Grady-Diangana,eng ENG,MFFW,West Brom,23-010,1998,12.1,0,0,0,11,30,4,13,13,16,0,0,0,69,15,34,30.6,Matches
Raphael Dias Belloli\Raphael-Dias-Belloli,br BRA,MF,Leeds United,24-136,1996,23,3,0,0,13,24,13,70,29,17,0,0,0,142,11,35,23.9,Matches
Rúben Dias\Ruben-Dias,pt POR,DF,Manchester City,23-350,1997,28.6,3,0,0,19,17,1,2,21,19,0,1,1,254,52,27,65.8,Matches
Eric Dier\Eric-Dier,eng ENG,DF,Tottenham,27-104,1994,24,3,0,0,14,11,0,3,15,12,0,2,0,237,78,39,66.7,Matches
Lucas Digne\Lucas-Digne,fr FRA,DFMF,Everton,27-283,1993,23.8,2,1,0,28,17,3,106,17,34,0,0,0,234,78,31,71.6,Matches
Virgil van Dijk\Virgil-van-Dijk,nl NED,DF,Liverpool,29-295,1991,4.1,1,0,0,4,2,1,0,0,1,0,0,0,48,16,7,69.6,Matches
Issa Diop\Issa-Diop,fr FRA,DF,West Ham,24-110,1997,13.3,3,0,0,7,8,1,1,14,15,0,0,1,94,24,13,64.9,Matches
Moussa Djenepo\Moussa-Djenepo,ml MLI,MF,Southampton,22-318,1998,12.6,5,0,0,29,36,3,9,10,20,1,1,0,111,10,30,25,Matches
Matt Doherty\Matt-Doherty,ie IRL,DF,Tottenham,29-103,1992,12.7,4,1,1,19,10,0,20,14,6,0,1,0,101,50,22,69.4,Matches
Gabriel Dos Santos\Gabriel-Dos-Santos,br BRA,DF,Arsenal,23-131,1997,17.2,4,1,1,19,22,0,3,19,14,0,1,0,144,52,35,59.8,Matches
Abdoulaye Doucouré\Abdoulaye-Doucoure,fr FRA,MF,Everton,28-118,1993,23.7,6,0,0,20,12,0,9,28,34,0,0,0,267,32,23,58.2,Matches
Martin Dúbravka\Martin-Dubravka,sk SVK,GK,Newcastle Utd,32-104,1989,8,0,0,0,0,5,0,0,0,0,0,0,0,34,0,0,,Matches
Paul Dummett\Paul-Dummett,wal WAL,DF,Newcastle Utd,29-215,1991,8.9,2,0,0,8,4,0,7,10,8,0,0,0,55,25,22,53.2,Matches
Lewis Dunk\Lewis-Dunk,eng ENG,DF,Brighton,29-159,1991,30,5,1,0,20,19,2,1,28,18,0,0,1,372,64,40,61.5,Matches
Jimmy Dunne\Jimmy-Dunne,ie IRL,DF,Burnley,23-192,1997,2,0,0,0,1,2,0,0,0,1,0,0,0,40,7,0,100,Matches
Ederson\Ederson,br BRA,GK,Manchester City,27-255,1993,32,3,0,0,1,4,0,0,0,0,0,0,0,108,0,0,,Matches
Kyle Edwards\Kyle-Edwards,eng ENG,MFFW,West Brom,23-071,1998,1.3,0,0,0,1,1,0,1,1,0,0,0,0,9,0,0,,Matches
John Egan\John-Egan,ie IRL,DF,Sheffield Utd,28-191,1992,24.2,6,1,0,28,10,0,1,30,25,0,0,0,226,67,46,59.3,Matches
Ahmed Elmohamady\Ahmed-Elmohamady,eg EGY,DF,Aston Villa,33-232,1987,7.8,2,0,0,6,2,0,29,22,10,0,0,0,85,21,5,80.8,Matches
Mohamed Elneny\Mohamed-Elneny,eg EGY,MF,Arsenal,28-292,1992,13.2,2,0,0,8,7,0,2,17,10,0,0,0,117,6,10,37.5,Matches
Jonny Evans\Jonny-Evans,nir NIR,DF,Leicester City,33-116,1988,26.5,7,0,0,18,11,0,2,38,11,0,0,1,345,86,34,71.7,Matches
Eberechi Eze\Eberechi-Eze,eng ENG,MF,Crystal Palace,22-304,1998,24.4,3,0,0,14,61,1,24,26,18,0,0,0,180,10,30,25,Matches
?ukasz Fabia?ski\Lukasz-Fabianski,pl POL,GK,West Ham,36-011,1985,31,2,0,0,1,2,0,0,0,0,0,1,0,145,0,0,,Matches
Fabinho\Fabinho,br BRA,DFMF,Liverpool,27-188,1993,23.5,6,0,0,22,21,0,2,38,46,1,2,0,272,54,42,56.3,Matches
Bruno Fernandes\Bruno-Fernandes,pt POR,MF,Manchester Utd,26-233,1994,31.3,5,0,0,38,47,3,84,18,36,0,1,0,217,12,39,23.5,Matches
Federico Fernández\Federico-Fernandez,ar ARG,DF,Newcastle Utd,32-067,1989,18.3,3,0,0,12,12,0,10,13,15,0,1,1,143,36,25,59,Matches
Fernandinho\Fernandinho,br BRA,MF,Manchester City,35-360,1985,11.1,5,0,0,19,9,0,5,20,18,0,0,0,110,24,14,63.2,Matches
Sam Field\Sam-Field,eng ENG,MF,West Brom,22-356,1998,0.7,0,0,0,2,1,0,0,0,7,0,0,0,12,1,2,33.3,Matches
Roberto Firmino\Roberto-Firmino,br BRA,FW,Liverpool,29-209,1991,27.5,2,0,0,21,15,3,29,9,21,0,0,0,171,23,76,23.2,Matches
John Fleck\John-Fleck,sco SCO,MF,Sheffield Utd,29-248,1991,23.6,3,0,0,29,24,1,28,30,21,0,0,0,204,9,17,34.6,Matches
Phil Foden\Phil-Foden,eng ENG,FWMF,Manchester City,20-336,2000,16.1,0,0,0,12,28,2,35,12,15,0,0,0,85,12,24,33.3,Matches
Wesley Fofana\Wesley-Fofana,fr FRA,DF,Leicester City,20-133,2000,21.4,6,0,0,31,21,2,1,38,35,1,0,0,238,77,47,62.1,Matches
Pablo Fornals\Pablo-Fornals,es ESP,FWMF,West Ham,25-066,1996,23.6,3,0,0,24,15,5,22,24,21,0,0,0,178,17,32,34.7,Matches
Fraser Forster\Fraser-Forster,eng ENG,GK,Southampton,33-043,1988,6,0,0,0,1,3,0,0,0,0,0,1,0,34,0,0,,Matches
Timothy Fosu-Mensah\Timothy-Fosu-Mensah,nl NED,DF,Manchester Utd,23-117,1998,0.9,1,0,0,1,0,1,5,1,1,0,0,0,11,1,0,100,Matches
Ryan Fraser\Ryan-Fraser,sco SCO,FWMF,Newcastle Utd,27-064,1994,10.3,2,1,1,5,20,0,52,3,1,1,0,0,58,5,26,16.1,Matches
Fred\Fred,br BRA,MF,Manchester Utd,28-055,1993,23.9,5,0,0,43,27,0,7,46,51,0,0,0,269,9,14,39.1,Matches
Ryan Fredericks\Ryan-Fredericks,eng ENG,DFFW,West Ham,28-201,1992,6,2,0,0,11,9,1,18,8,6,0,0,0,56,8,14,36.4,Matches
Christian Fuchs\Christian-Fuchs,at AUT,DF,Leicester City,35-022,1986,7.8,4,0,0,14,5,0,8,12,9,0,1,0,80,24,14,63.2,Matches
Darnell Furlong\Darnell-Furlong,eng ENG,DF,West Brom,25-180,1995,27.6,4,0,0,26,28,2,57,24,12,0,2,1,181,108,66,62.1,Matches
Conor Gallagher\Conor-Gallagher,eng ENG,MF,West Brom,21-082,2000,23.1,9,0,0,35,50,0,24,28,44,0,0,0,225,20,33,37.7,Matches
Eric García\Eric-Garcia,es ESP,DF,Manchester City,20-110,2001,2.4,0,0,0,3,2,0,0,4,2,0,1,0,24,2,6,25,Matches
Dwight Gayle\Dwight-Gayle,eng ENG,FWMF,Newcastle Utd,30-194,1990,4.8,0,0,0,4,5,3,2,1,3,0,0,0,23,6,13,31.6,Matches
Jean-Philippe Gbamin\Jean-Philippe-Gbamin,ci CIV,MF,Everton,25-216,1995,0.1,0,0,0,0,0,0,0,0,1,0,0,0,3,0,0,,Matches
David de Gea\David-de-Gea,es ESP,GK,Manchester Utd,30-173,1990,23.5,0,0,0,0,3,0,0,0,0,0,0,0,77,0,0,,Matches
Anwar El Ghazi\Anwar-El-Ghazi,nl NED,FW,Aston Villa,25-361,1995,12.3,1,0,0,11,19,4,51,5,9,0,0,0,52,21,35,37.5,Matches
Kieran Gibbs\Kieran-Gibbs,eng ENG,DF,West Brom,31-215,1989,9,1,1,0,7,2,0,11,14,6,0,0,0,80,10,12,45.5,Matches
Morgan Gibbs-White\Morgan-Gibbs-White,eng ENG,MFFW,Wolves,21-092,2000,1.6,0,0,0,1,3,0,2,2,1,0,0,0,13,1,2,33.3,Matches
Billy Gilmour\Billy-Gilmour,sco SCO,MF,Chelsea,19-322,2001,0.4,0,0,0,0,2,0,1,1,1,0,0,0,5,1,0,100,Matches
Olivier Giroud\Olivier-Giroud,fr FRA,FW,Chelsea,34-211,1986,8,1,0,0,15,6,5,3,4,4,0,0,0,32,19,30,38.8,Matches
Ben Godfrey\Ben-Godfrey,eng ENG,DF,Everton,23-104,1998,23.8,4,0,0,9,13,3,5,39,23,0,1,1,195,55,28,66.3,Matches
André Gomes\Andre-Gomes,pt POR,MF,Everton,27-273,1993,16.2,3,0,0,32,13,2,17,15,30,0,1,0,167,18,16,52.9,Matches
Joe Gomez\Joe-Gomez,eng ENG,DF,Liverpool,23-341,1997,6.6,0,0,0,6,6,0,0,5,2,0,1,0,107,26,23,53.1,Matches
Anthony Gordon\Anthony-Gordon,eng ENG,FWMF,Everton,20-064,2001,1,0,0,0,0,2,1,1,1,2,0,0,0,9,1,2,33.3,Matches
Karlan Grant\Karlan-Grant,eng ENG,FWMF,West Brom,23-223,1997,12.3,1,0,0,9,13,7,9,11,3,0,0,0,52,12,61,16.4,Matches
Demarai Gray\Demarai-Gray,eng ENG,FW,Leicester City,24-305,1996,0.2,0,0,0,0,0,0,1,0,1,0,0,0,2,0,0,,Matches
Jack Grealish\Jack-Grealish,eng ENG,FWMF,Aston Villa,25-231,1995,22,6,0,0,39,99,7,55,11,15,2,0,0,182,24,36,40,Matches
Mason Greenwood\Mason-Greenwood,eng ENG,FW,Manchester Utd,19-210,2001,17.6,2,0,0,16,14,3,30,8,12,0,0,0,81,7,13,35,Matches
Pascal Groß\Pascal-Gross,de GER,MFDF,Brighton,29-318,1991,22.6,2,0,0,18,14,3,83,21,21,1,0,0,180,16,43,27.1,Matches
Kamil Grosicki\Kamil-Grosicki,pl POL,FWMF,West Brom,32-325,1988,1.6,0,0,0,1,0,0,3,0,0,0,0,0,14,0,1,0,Matches
Vicente Guaita\Vicente-Guaita,es ESP,GK,Crystal Palace,34-109,1987,32,2,0,0,0,5,0,0,0,0,0,0,0,142,0,1,0,Matches
?lkay Gündo?an\Ilkay-Gundogan,de GER,MF,Manchester City,30-187,1990,20.7,1,0,0,7,21,1,15,18,14,1,0,0,155,13,14,48.1,Matches
Antwoine Hackford\Antwoine-Hackford,eng ENG,DFFW,Sheffield Utd,17-040,2004,0.1,0,0,0,0,0,0,0,0,0,0,0,0,1,0,1,0,Matches
Sébastien Haller\Sebastien-Haller,ci CIV,FW,West Ham,26-311,1994,10.4,0,0,0,24,15,11,4,5,4,0,0,0,36,61,78,43.9,Matches
Rekeem Harper\Rekeem-Harper,eng ENG,MF,West Brom,21-052,2000,0.4,0,0,0,1,0,0,0,0,1,0,0,0,6,0,0,,Matches
Jack Harrison\Jack-Harrison,eng ENG,MF,Leeds United,24-160,1996,26.6,2,0,0,22,19,9,94,22,31,0,0,0,180,28,34,45.2,Matches
Kortney Hause\Kortney-Hause,eng ENG,DF,Aston Villa,25-287,1995,4,1,0,0,2,1,0,2,3,4,0,0,0,49,33,9,78.6,Matches
Kai Havertz\Kai-Havertz,de GER,MFFW,Chelsea,21-322,1999,14.9,2,0,0,23,14,3,14,9,11,2,0,0,98,19,27,41.3,Matches
Isaac Hayden\Isaac-Hayden,eng ENG,MFDF,Newcastle Utd,26-038,1995,21.6,8,0,0,38,16,1,12,46,34,0,0,0,217,55,37,59.8,Matches
Michael Hector\Michael-Hector,jm JAM,DF,Fulham,28-284,1992,2.9,2,0,0,5,3,0,0,0,5,0,0,0,25,5,3,62.5,Matches
Ahmed Hegazi\Ahmed-Hegazi,eg EGY,DF,West Brom,30-094,1991,1,0,0,0,0,1,0,0,0,0,0,0,0,21,8,3,72.7,Matches
Dean Henderson\Dean-Henderson,eng ENG,GK,Manchester Utd,24-048,1997,9.5,2,0,0,0,0,0,0,0,0,0,0,0,34,0,0,,Matches
Jordan Henderson\Jordan-Henderson,eng ENG,MFDF,Liverpool,30-316,1990,18.9,0,0,0,8,12,0,14,29,9,0,0,0,241,14,6,70,Matches
Jeff Hendrick\Jeff-Hendrick,ie IRL,MF,Newcastle Utd,29-088,1992,15.6,3,1,1,15,12,3,5,12,4,0,0,0,136,15,29,34.1,Matches
Pablo Hernández\Pablo-Hernandez,es ESP,MF,Leeds United,36-018,1985,3.8,1,0,0,1,5,0,8,4,2,0,0,0,37,0,3,0,Matches
Son Heung-min\Son-Heung-min,kr KOR,FW,Tottenham,28-295,1992,29.6,0,0,0,11,46,14,43,20,12,0,0,0,139,24,58,29.3,Matches
Ki-Jana Hoever\Ki-Jana-Hoever,nl NED,DF,Wolves,19-101,2002,4.4,1,0,0,4,3,1,8,8,8,0,0,0,38,5,8,38.5,Matches
Rob Holding\Rob-Holding,eng ENG,DF,Arsenal,25-221,1995,24.4,2,0,0,19,5,1,2,19,15,0,0,1,216,63,49,56.3,Matches
Mason Holgate\Mason-Holgate,eng ENG,DF,Everton,24-189,1996,21.6,8,0,0,26,27,1,25,36,33,0,0,0,183,38,18,67.9,Matches
Conor Hourihane\Conor-Hourihane,ie IRL,MF,Aston Villa,30-086,1991,2.5,0,0,0,1,0,0,12,0,0,0,0,0,12,3,0,100,Matches
Callum Hudson-Odoi\Callum-Hudson-Odoi,eng ENG,FWDF,Chelsea,20-173,2000,11.1,0,0,0,9,8,2,41,10,11,0,0,0,68,4,11,26.7,Matches
Niall Huggins\Niall-Huggins,wal WAL,DF,Leeds United,20-132,2000,0.4,0,0,0,0,0,0,1,0,0,0,0,0,7,0,0,,Matches
Pierre Højbjerg\Pierre-Hojbjerg,dk DEN,MF,Tottenham,25-267,1995,33,7,0,0,59,48,0,10,38,71,0,1,0,378,47,37,56,Matches
Odion Ighalo\Odion-Ighalo,ng NGA,FW,Manchester Utd,31-317,1989,0.1,0,0,0,0,0,0,0,0,0,0,0,0,0,0,3,0,Matches
Kelechi Iheanacho\Kelechi-Iheanacho,ng NGA,FW,Leicester City,24-208,1996,11.9,0,0,0,22,11,7,8,2,7,0,0,0,54,5,33,13.2,Matches
Danny Ings\Danny-Ings,eng ENG,FW,Southampton,28-280,1992,21.3,1,0,0,19,17,18,22,7,11,0,1,0,97,19,54,26,Matches
Branislav Ivanovi?\Branislav-Ivanovic,rs SRB,DF,West Brom,37-066,1984,8.5,2,0,0,11,4,1,0,3,5,0,0,0,84,19,13,59.4,Matches
Alex Iwobi\Alex-Iwobi,ng NGA,FWDF,Everton,24-361,1996,15.7,0,0,0,12,12,0,48,17,21,0,0,0,106,4,7,36.4,Matches
José Izquierdo\Jose-Izquierdo,co COL,DFMF,Brighton,28-296,1992,0.1,0,0,0,0,0,0,1,0,0,0,0,0,1,0,0,,Matches
Phil Jagielka\Phil-Jagielka,eng ENG,DF,Sheffield Utd,38-255,1982,5.8,1,1,0,8,1,0,1,12,4,0,0,1,45,15,9,62.5,Matches
Alireza Jahanbakhsh\Alireza-Jahanbakhsh,ir IRN,FWDF,Brighton,27-261,1993,3.3,2,0,0,4,2,0,15,2,2,0,0,0,24,2,12,14.3,Matches
Daniel James\Daniel-James,wal WAL,FW,Manchester Utd,23-170,1997,9.1,3,0,0,14,12,3,17,10,9,0,0,0,54,5,12,29.4,Matches
Reece James\Reece-James,eng ENG,DF,Chelsea,21-142,1999,21.4,3,0,0,26,15,1,89,37,28,0,1,0,169,31,23,57.4,Matches
Alexandre Jankewitz\Alexandre-Jankewitz,ch SUI,MF,Southampton,19-125,2001,0,0,1,0,1,1,0,0,0,0,0,0,0,1,0,0,,Matches
Gabriel Jesus\Gabriel-Jesus,br BRA,FW,Manchester City,24-026,1997,19,1,0,0,22,38,15,9,17,10,0,1,0,84,13,52,20,Matches
Raúl Jiménez\Raul-Jimenez,mx MEX,FW,Wolves,29-359,1991,9.1,0,0,0,9,17,4,3,6,4,0,0,1,45,17,19,47.2,Matches
Joelinton\Joelinton,br BRA,FWMF,Newcastle Utd,24-258,1996,20.3,3,0,0,22,32,5,14,18,24,0,0,0,127,95,111,46.1,Matches
Ben Johnson\Ben-Johnson,eng ENG,DF,West Ham,21-095,2000,5.8,1,0,0,6,3,0,14,11,3,0,0,0,44,5,6,45.5,Matches
Sam Johnstone\Sam-Johnstone,eng ENG,GK,West Brom,28-035,1993,32,0,0,0,0,4,0,0,0,0,0,0,0,174,0,0,,Matches
Curtis Jones\Curtis-Jones,eng ENG,MF,Liverpool,20-089,2001,12.3,2,0,0,17,12,0,7,16,15,0,0,0,110,12,20,37.5,Matches
Jorginho\Jorginho,it ITA,MF,Chelsea,29-130,1991,19.4,1,0,0,27,26,0,0,47,33,0,0,0,193,12,13,48,Matches
Willian José\Willian-Jose,br BRA,FW,Wolves,29-157,1991,10.8,0,0,0,8,10,2,3,3,1,1,0,0,49,20,29,40.8,Matches
Diogo Jota\Diogo-Jota,pt POR,FW,Liverpool,24-146,1996,10.7,2,0,0,23,17,1,13,7,7,0,0,0,71,12,33,26.7,Matches
James Justin\James-Justin,eng ENG,DF,Leicester City,23-065,1998,23,4,0,0,16,39,3,48,25,28,2,0,0,201,28,44,38.9,Matches
Ozan Kabak\Ozan-Kabak,tr TUR,DF,Liverpool,21-035,2000,8.9,3,0,0,12,3,0,0,11,10,0,0,0,84,28,22,56,Matches
Aboubakar Kamara\Aboubakar-Kamara,mr MTN,FWDF,Fulham,26-053,1995,3.5,1,1,0,9,3,0,12,2,2,0,1,0,25,8,7,53.3,Matches
Harry Kane\Harry-Kane,eng ENG,FW,Tottenham,27-275,1993,29.2,1,0,0,26,54,8,29,13,10,2,0,0,142,81,111,42.2,Matches
N'Golo Kanté\NGolo-Kante,fr FRA,MF,Chelsea,30-031,1991,22.5,7,0,0,34,7,0,7,59,54,0,0,0,277,19,30,38.8,Matches
Moise Kean\Moise-Kean,it ITA,FW,Everton,21-060,2000,0.2,0,0,0,1,0,0,0,0,0,0,0,0,2,0,0,,Matches
Michael Keane\Michael-Keane,eng ENG,DF,Everton,28-108,1993,28.2,4,0,0,12,7,0,0,35,13,0,0,0,236,100,37,73,Matches
Neeskens Kebano\Neeskens-Kebano,cd COD,FWMF,Fulham,29-050,1992,1.3,0,0,0,3,1,1,4,0,1,0,0,0,7,0,1,0,Matches
Naby Keïta\Naby-Keita,gn GUI,MF,Liverpool,26-078,1995,5.8,1,0,0,13,2,0,4,12,5,0,0,0,56,5,8,38.5,Matches
Caoimhín Kelleher\Caoimhin-Kelleher,ie IRL,GK,Liverpool,22-157,1998,2,0,0,0,0,0,0,0,0,0,0,0,0,6,0,0,,Matches
Jonjoe Kenny\Jonjoe-Kenny,eng ENG,DF,Everton,24-045,1997,0.9,0,0,0,0,0,1,3,1,0,0,0,0,8,0,0,,Matches
Reda Khadra\Reda-Khadra,de GER,FW,Brighton,19-299,2001,0.1,0,0,0,0,0,0,0,0,0,0,0,0,0,0,1,0,Matches
Max Kilman\Max-Kilman,eng ENG,DF,Wolves,23-341,1997,12.5,3,0,0,17,4,1,0,13,18,0,1,0,87,20,12,62.5,Matches
Joshua King\Joshua-King,no NOR,MFFW,Everton,29-104,1992,1.5,0,0,0,3,1,3,1,1,1,0,0,0,9,2,4,33.3,Matches
Mateusz Klich\Mateusz-Klich,pl POL,MF,Leeds United,30-320,1990,23.8,6,0,0,45,18,4,32,13,37,0,1,0,242,17,18,48.6,Matches
Robin Koch\Robin-Koch,de GER,DF,Leeds United,24-286,1996,10.6,0,0,0,15,5,0,1,8,14,0,2,0,144,34,21,61.8,Matches
Sead Kolašinac\Sead-Kolasinac,ba BIH,DF,Arsenal,27-313,1993,1,0,0,0,1,1,0,0,0,0,0,0,0,12,1,1,50,Matches
Terence Kongolo\Terence-Kongolo,nl NED,DF,Fulham,27-074,1994,1,0,0,0,1,1,0,1,0,4,0,0,0,8,2,3,40,Matches
Ezri Konsa\Ezri-Konsa,eng ENG,DF,Aston Villa,23-188,1997,29.5,3,0,0,17,44,1,1,17,18,0,1,0,254,80,52,60.6,Matches
Cheikhou Kouyaté\Cheikhou-Kouyate,sn SEN,DF,Crystal Palace,31-129,1989,28.7,1,0,0,26,11,0,2,32,28,0,0,0,269,84,43,66.1,Matches
Mateo Kova?i?\Mateo-Kovacic,hr CRO,MF,Chelsea,26-358,1994,18.8,3,0,0,14,28,0,6,21,31,0,0,0,144,11,10,52.4,Matches
Emil Krafth\Emil-Krafth,se SWE,DF,Newcastle Utd,26-270,1994,10.5,3,0,0,8,9,1,11,15,16,0,0,0,81,18,20,47.4,Matches
Filip Krovinovi?\Filip-Krovinovic,hr CRO,MF,West Brom,25-243,1995,6.1,0,0,0,6,12,0,5,2,10,0,0,0,70,8,13,38.1,Matches
Alexandre Lacazette\Alexandre-Lacazette,fr FRA,FW,Arsenal,29-336,1991,20.8,3,0,0,35,53,9,4,14,18,1,0,0,96,30,58,34.1,Matches
Adam Lallana\Adam-Lallana,eng ENG,MFFW,Brighton,32-354,1988,16.5,0,0,0,16,19,3,15,16,24,0,1,0,148,13,32,28.9,Matches
Érik Lamela\Erik-Lamela,ar ARG,FWMF,Tottenham,29-056,1992,7.6,6,1,1,24,10,0,9,4,11,0,0,0,47,5,16,23.8,Matches
Tariq Lamptey\Tariq-Lamptey,eng ENG,DF,Brighton,20-211,2000,9.8,4,1,1,21,28,1,30,13,10,2,1,0,83,5,12,29.4,Matches
Manuel Lanzini\Manuel-Lanzini,ar ARG,MFFW,West Ham,28-073,1993,4.8,1,0,0,7,10,2,1,5,5,0,0,0,47,1,9,10,Matches
Aymeric Laporte\Aymeric-Laporte,fr FRA,DF,Manchester City,26-337,1994,12.9,1,0,0,8,9,2,0,8,5,0,1,0,125,42,16,72.4,Matches
Jamaal Lascelles\Jamaal-Lascelles,eng ENG,DF,Newcastle Utd,27-169,1993,18.1,4,0,0,17,9,0,1,15,12,0,0,0,142,53,20,72.6,Matches
Maxime Le Marchand\Maxime-Le-Marchand,fr FRA,DF,Fulham,31-200,1989,1.4,2,0,0,3,1,0,0,0,1,0,0,0,11,4,3,57.1,Matches
Mario Lemina\Mario-Lemina,ga GAB,MF,Fulham,27-240,1993,16.1,3,0,0,29,15,0,5,36,28,1,0,0,157,16,22,42.1,Matches
Bernd Leno\Bernd-Leno,de GER,GK,Arsenal,29-056,1992,30.8,0,1,0,2,4,0,0,0,0,0,0,1,130,0,0,,Matches
Khanya Leshabela\Khanya-Leshabela,za RSA,MF,Leicester City,21-223,1999,0.1,0,0,0,0,0,0,0,0,0,0,0,0,2,0,0,,Matches
Jamal Lewis\Jamal-Lewis,nir NIR,DF,Newcastle Utd,23-094,1998,20.3,4,0,0,18,18,1,32,20,26,0,1,0,153,14,18,43.8,Matches
Victor Lindelöf\Victor-Lindelof,se SWE,DF,Manchester Utd,26-286,1994,25.7,0,0,0,23,8,1,0,22,13,0,1,0,245,61,35,63.5,Matches
Jesse Lingard\Jesse-Lingard,eng ENG,MFFW,West Ham,28-135,1992,10.8,2,0,0,18,18,4,14,7,7,2,0,0,63,0,3,0,Matches
Jake Livermore\Jake-Livermore,eng ENG,MF,West Brom,31-166,1989,13.6,2,1,0,30,6,0,4,19,19,0,0,1,141,18,19,48.6,Matches
Diego Llorente\Diego-Llorente,es ESP,DF,Leeds United,27-256,1993,10,1,0,0,12,7,0,1,26,23,0,0,0,91,25,19,56.8,Matches
Hugo Lloris\Hugo-Lloris,fr FRA,GK,Tottenham,34-124,1986,33,0,0,0,0,3,0,0,0,0,0,0,0,129,0,0,,Matches
Giovani Lo Celso\Giovani-Lo-Celso,ar ARG,MF,Tottenham,25-020,1996,8.1,5,0,0,18,16,0,3,8,15,0,0,0,75,9,16,36,Matches
Ruben Loftus-Cheek\Ruben-Loftus-Cheek,eng ENG,MFFW,Fulham,25-096,1996,20.2,3,0,0,29,47,3,13,21,21,1,0,0,126,43,81,34.7,Matches
Ruben Loftus-Cheek\Ruben-Loftus-Cheek,eng ENG,FW,Chelsea,25-096,1996,0.7,0,0,0,1,2,0,0,1,0,0,0,0,5,1,3,25,Matches
Kevin Long\Kevin-Long,ie IRL,DF,Burnley,30-254,1990,7.1,2,0,0,8,4,0,1,4,8,0,0,0,88,22,21,51.2,Matches
Shane Long\Shane-Long,ie IRL,FWMF,Southampton,34-097,1987,2.3,0,0,0,7,6,3,0,2,0,0,0,0,18,15,14,51.7,Matches
Matthew Longstaff\Matthew-Longstaff,eng ENG,MF,Newcastle Utd,21-039,2000,4.2,0,0,0,3,5,0,3,6,3,0,0,0,44,6,5,54.5,Matches
Sean Longstaff\Sean-Longstaff,eng ENG,MF,Newcastle Utd,23-181,1997,13.2,2,0,0,19,18,0,7,15,16,0,0,0,109,9,14,39.1,Matches
Ademola Lookman\Ademola-Lookman,eng ENG,FWMF,Fulham,23-191,1997,26.5,4,0,0,37,52,8,56,24,27,0,0,0,178,6,30,16.7,Matches
Max Lowe\Max-Lowe,eng ENG,DF,Sheffield Utd,23-353,1997,6.1,1,0,0,10,3,0,17,3,14,0,0,0,43,5,19,20.8,Matches
Matthew Lowton\Matthew-Lowton,eng ENG,DF,Burnley,31-324,1989,29,5,0,0,16,10,0,47,42,31,0,0,0,263,30,20,60,Matches
David Luiz\David-Luiz,br BRA,DF,Arsenal,34-007,1987,14.9,1,1,0,15,6,1,7,12,9,0,0,0,113,28,12,70,Matches
Douglas Luiz\Douglas-Luiz,br BRA,MF,Aston Villa,22-355,1998,27,9,1,1,50,44,0,12,26,38,0,1,0,329,38,41,48.1,Matches
John Lundstram\John-Lundstram,eng ENG,MF,Sheffield Utd,27-070,1994,22.5,8,1,0,24,20,1,31,20,12,0,0,0,170,18,15,54.5,Matches
Alexis Mac Allister\Alexis-Mac-Allister,ar ARG,MFFW,Brighton,22-126,1998,10.3,1,0,0,17,13,0,7,7,16,0,0,0,84,9,23,28.1,Matches
James Maddison\James-Maddison,eng ENG,MFFW,Leicester City,24-157,1996,19.9,4,0,0,15,54,4,38,10,22,2,0,0,122,3,16,15.8,Matches
Harry Maguire\Harry-Maguire,eng ENG,DF,Manchester Utd,28-055,1993,33,10,0,0,39,28,1,4,60,18,0,0,0,387,140,42,76.9,Matches
Riyad Mahrez\Riyad-Mahrez,dz ALG,FW,Manchester City,30-067,1991,19.9,0,0,0,12,25,7,57,5,15,0,0,0,112,15,16,48.4,Matches
Ainsley Maitland-Niles\Ainsley-Maitland-Niles,eng ENG,DF,Arsenal,23-243,1997,5.4,0,0,0,6,3,2,4,13,11,1,0,0,44,5,4,55.6,Matches
Ainsley Maitland-Niles\Ainsley-Maitland-Niles,eng ENG,MF,West Brom,23-243,1997,10.9,1,0,0,7,13,0,8,19,13,1,0,0,100,8,17,32,Matches
Josh Maja\Josh-Maja,ng NGA,FW,Fulham,22-123,1998,7.2,0,0,0,6,4,2,0,4,2,0,0,0,31,7,31,18.4,Matches
Sadio Mané\Sadio-Mane,sn SEN,FW,Liverpool,29-019,1992,27.1,3,0,0,45,69,27,54,15,26,1,0,0,135,24,72,25,Matches
Javier Manquillo\Javier-Manquillo,es ESP,DF,Newcastle Utd,26-359,1994,9.2,1,0,0,7,8,0,20,8,14,0,0,0,75,17,10,63,Matches
Fernando Marçal\Fernando-Marcal,br BRA,DF,Wolves,32-069,1989,6.8,2,0,0,10,3,0,9,7,4,0,0,0,53,9,11,45,Matches
Solly March\Solly-March,eng ENG,DF,Brighton,26-283,1994,18.6,0,0,0,26,26,2,71,19,35,0,1,0,186,17,22,43.6,Matches
Pablo Marí\Pablo-Mari,es ESP,DF,Arsenal,27-241,1993,9,2,0,0,8,4,0,0,5,10,0,1,0,66,29,12,70.7,Matches
Anthony Martial\Anthony-Martial,fr FRA,FW,Manchester Utd,25-145,1995,16.4,0,1,0,15,27,15,12,4,1,4,0,0,62,15,23,39.5,Matches
Martinelli\Martinelli,br BRA,FW,Arsenal,19-315,2001,4.7,0,0,0,6,3,1,9,6,1,0,0,0,24,4,8,33.3,Matches
Emiliano Martínez\Emiliano-Martinez,ar ARG,GK,Aston Villa,28-239,1992,32,0,0,0,1,8,0,0,0,0,0,0,0,144,0,0,,Matches
Arthur Masuaku\Arthur-Masuaku,cd COD,DFFW,West Ham,27-173,1993,11.2,2,0,0,10,8,1,33,6,13,0,1,0,101,10,17,37,Matches
Juan Mata\Juan-Mata,es ESP,FW,Manchester Utd,33-001,1988,3.8,0,0,0,1,2,2,5,0,2,0,0,0,20,1,3,25,Matches
Jean-Philippe Mateta\Jean-Philippe-Mateta,fr FRA,FW,Crystal Palace,23-305,1997,2,0,0,0,2,1,4,1,1,1,0,0,0,8,8,9,47.1,Matches
Nemanja Mati?\Nemanja-Matic,rs SRB,MF,Manchester Utd,32-271,1988,10.2,2,0,0,13,6,0,4,9,12,0,0,0,115,16,6,72.7,Matches
Joël Matip\Joel-Matip,cm CMR,DF,Liverpool,29-264,1991,7.7,2,0,0,10,4,0,0,4,11,0,0,0,82,24,11,68.6,Matches
Neal Maupay\Neal-Maupay,fr FRA,FWMF,Brighton,24-258,1996,25.9,1,0,0,28,41,12,10,11,15,1,1,0,107,23,67,25.6,Matches
James McArthur\James-McArthur,sco SCO,MF,Crystal Palace,33-204,1987,16.3,3,0,0,32,14,0,7,23,26,0,0,0,207,20,20,50,Matches
Oliver McBurnie\Oliver-McBurnie,sco SCO,FW,Sheffield Utd,24-329,1996,14.7,2,0,0,24,26,4,3,8,7,1,0,0,65,140,118,54.3,Matches
Alex McCarthy\Alex-McCarthy,eng ENG,GK,Southampton,31-147,1989,26,2,0,0,0,2,0,0,0,0,0,0,0,112,0,0,,Matches
James McCarthy\James-McCarthy,ie IRL,MF,Crystal Palace,30-168,1990,6.5,1,0,0,5,3,0,3,7,5,0,0,0,78,5,6,45.5,Matches
John McGinn\John-McGinn,sco SCO,MF,Aston Villa,26-193,1994,31,7,0,0,35,69,2,28,38,38,1,0,0,260,25,46,35.2,Matches
David McGoldrick\David-McGoldrick,ie IRL,FWMF,Sheffield Utd,33-151,1987,21.7,7,0,0,37,26,14,21,12,15,0,0,0,115,68,104,39.5,Matches
Dwight McNeil\Dwight-McNeil,eng ENG,MF,Burnley,21-158,1999,29.7,1,0,0,9,34,2,99,30,18,0,0,0,237,18,27,40,Matches
Scott McTominay\Scott-McTominay,sco SCO,MF,Manchester Utd,24-142,1996,21,2,0,0,43,36,1,9,40,23,0,0,0,186,38,30,55.9,Matches
Ben Mee\Ben-Mee,eng ENG,DF,Burnley,31-218,1989,25.9,2,0,0,14,17,1,0,23,17,0,0,0,289,106,45,70.2,Matches
Benjamin Mendy\Benjamin-Mendy,fr FRA,DF,Manchester City,26-286,1994,8.5,2,0,0,11,0,1,20,4,9,0,1,0,67,10,10,50,Matches
Edouard Mendy\Edouard-Mendy,sn SEN,GK,Chelsea,29-059,1992,27,1,0,0,1,2,0,0,0,0,0,1,0,102,0,1,0,Matches
Nampalys Mendy\Nampalys-Mendy,sn SEN,MF,Leicester City,28-310,1992,15.3,5,0,0,19,28,0,0,7,21,0,0,0,181,10,14,41.7,Matches
Illan Meslier\Illan-Meslier,fr FRA,GK,Leeds United,21-058,2000,32,0,0,0,1,6,0,0,0,0,0,1,1,159,0,0,,Matches
Luka Milivojevi?\Luka-Milivojevic,rs SRB,MF,Crystal Palace,30-022,1991,23.5,7,1,0,34,28,0,14,38,39,0,0,0,242,33,21,61.1,Matches
James Milner\James-Milner,eng ENG,MFDF,Liverpool,35-115,1986,11.7,2,0,0,18,11,0,17,15,14,0,0,0,139,23,15,60.5,Matches
Yerry Mina\Yerry-Mina,co COL,DF,Everton,26-218,1994,19.8,2,0,0,21,11,0,0,12,11,0,0,0,158,63,24,72.4,Matches
Takumi Minamino\Takumi-Minamino,jp JPN,MFFW,Southampton,26-103,1995,4.6,0,0,0,2,5,1,3,4,1,0,0,0,40,3,2,60,Matches
Takumi Minamino\Takumi-Minamino,jp JPN,MFFW,Liverpool,26-103,1995,3.3,0,0,0,4,2,1,3,0,3,0,0,0,21,3,2,60,Matches
Tyrone Mings\Tyrone-Mings,eng ENG,DF,Aston Villa,28-047,1993,30.5,6,1,1,17,18,3,2,21,14,0,0,1,347,99,32,75.6,Matches
Tyrick Mitchell\Tyrick-Mitchell,eng ENG,DF,Crystal Palace,21-240,1999,13,1,0,0,7,6,0,15,18,21,0,1,0,90,13,8,61.9,Matches
Aleksandar Mitrovi?\Aleksandar-Mitrovic,rs SRB,FW,Fulham,26-225,1994,14.5,3,0,0,22,21,3,6,3,8,0,1,0,52,63,68,48.1,Matches
Jakub Moder\Jakub-Moder,pl POL,DF,Brighton,22-022,1999,3.8,0,0,0,8,1,2,5,5,6,0,0,0,29,5,8,38.5,Matches
Jayson Molumby\Jayson-Molumby,ie IRL,MF,Brighton,21-266,1999,0,0,0,0,0,0,0,0,0,0,0,0,0,1,0,0,,Matches
Wesley Moraes\Wesley-Moraes,br BRA,FW,Aston Villa,24-154,1996,0,0,0,0,0,0,0,0,0,0,0,0,0,1,0,1,0,Matches
Wes Morgan\Wes-Morgan,jm JAM,DF,Leicester City,37-098,1984,0.2,0,0,0,0,0,0,0,0,0,0,0,0,2,0,0,,Matches
Mason Mount\Mason-Mount,eng ENG,MFFW,Chelsea,22-109,1999,28.3,2,0,0,47,40,3,53,34,44,2,0,0,215,20,49,29,Matches
Lucas Moura\Lucas-Moura,br BRA,FWMF,Tottenham,28-259,1992,15.2,0,0,0,21,46,3,11,20,21,0,0,0,121,26,41,38.8,Matches
Lys Mousset\Lys-Mousset,fr FRA,FWMF,Sheffield Utd,25-080,1996,3.2,0,0,0,7,2,5,0,0,0,0,0,0,11,1,19,5,Matches
João Moutinho\Joao-Moutinho,pt POR,MF,Wolves,34-233,1986,24.2,5,1,1,39,21,0,36,34,39,0,1,0,237,19,23,45.2,Matches
Joel Mumbongo\Joel-Mumbongo,se SWE,FW,Burnley,22-110,1999,0.4,1,0,0,1,2,1,0,0,0,0,0,0,1,0,3,0,Matches
Jacob Murphy\Jacob-Murphy,eng ENG,DFMF,Newcastle Utd,26-064,1995,13.1,3,0,0,18,17,2,30,15,25,0,0,0,85,3,16,15.8,Matches
Shkodran Mustafi\Shkodran-Mustafi,de GER,DF,Arsenal,29-012,1992,0.5,0,0,0,1,0,0,0,0,1,0,0,0,5,2,0,100,Matches
Marvelous Nakamba\Marvelous-Nakamba,zw ZIM,MF,Aston Villa,27-100,1994,6.3,2,0,0,7,8,0,1,9,8,0,0,0,53,8,6,57.1,Matches
Iliman Ndiaye\Iliman-Ndiaye,fr FRA,MF,Sheffield Utd,21-281,1999,0.1,0,0,0,0,0,0,0,0,0,0,0,0,0,0,0,,Matches
Wilfred Ndidi\Wilfred-Ndidi,ng NGA,MFDF,Leicester City,24-134,1996,19.5,5,0,0,40,13,0,0,45,55,0,1,0,247,45,29,60.8,Matches
Tanguy Ndombele\Tanguy-Ndombele,fr FRA,MF,Tottenham,24-122,1996,22.8,3,0,0,27,57,0,8,29,31,0,0,0,205,14,19,42.4,Matches
Reiss Nelson\Reiss-Nelson,eng ENG,FW,Arsenal,21-140,1999,0.8,0,0,0,2,1,0,4,1,0,0,0,0,4,0,0,,Matches
Pedro Neto\Pedro-Neto,pt POR,FWMF,Wolves,21-051,2000,28.3,4,0,0,24,42,4,127,29,18,0,0,0,151,20,39,33.9,Matches
Rúben Neves\Ruben-Neves,pt POR,MF,Wolves,24-047,1997,25.9,7,0,0,36,17,0,11,42,55,0,0,0,291,26,21,55.3,Matches
Eddie Nketiah\Eddie-Nketiah,eng ENG,FW,Arsenal,21-334,1999,4.7,0,0,0,11,11,0,4,1,3,0,0,0,12,3,18,14.3,Matches
Niels Nkounkou\Niels-Nkounkou,fr FRA,DF,Everton,20-179,2000,0.8,1,0,0,1,0,0,2,0,0,0,0,0,3,0,0,,Matches
Dan Nlundulu\Dan-Nlundulu,eng ENG,FW,Southampton,22-083,1999,1.2,0,0,0,6,0,1,0,0,0,0,0,0,6,4,5,44.4,Matches
Mark Noble\Mark-Noble,eng ENG,MF,West Ham,33-356,1987,7.8,1,0,0,9,8,1,4,10,5,0,0,0,77,7,2,77.8,Matches
Oliver Norwood\Oliver-Norwood,nir NIR,MF,Sheffield Utd,30-017,1991,19.7,4,0,0,21,10,0,30,28,24,0,0,0,214,15,18,45.5,Matches
Jack O'Connell\Jack-OConnell,eng ENG,DF,Sheffield Utd,27-031,1994,2,0,0,0,0,0,1,1,0,1,0,0,0,21,5,10,33.3,Matches
Dara O'Shea\Dara-OShea,ie IRL,DF,West Brom,22-056,1999,22.3,3,0,0,13,16,0,8,37,29,0,1,0,206,71,42,62.8,Matches
Michael Obafemi\Michael-Obafemi,ie IRL,FW,Southampton,20-297,2000,0.2,0,0,0,0,1,0,0,0,0,0,0,0,2,0,2,0,Matches
Denis Odoi\Denis-Odoi,be BEL,DF,Fulham,32-337,1988,3,1,0,0,7,4,1,4,1,0,0,0,0,35,7,6,53.8,Matches
Angelo Ogbonna\Angelo-Ogbonna,it ITA,DF,West Ham,32-341,1988,24.7,4,0,0,26,9,1,3,20,18,0,0,0,208,70,32,68.6,Matches
Robin Olsen\Robin-Olsen,se SWE,GK,Everton,31-111,1990,7,1,0,0,0,1,0,0,0,0,0,0,0,22,0,0,,Matches
Josh Onomah\Josh-Onomah,eng ENG,MF,Fulham,24-002,1997,1.9,1,0,0,5,0,0,0,0,2,0,0,0,16,1,4,20,Matches
Divock Origi\Divock-Origi,be BEL,FW,Liverpool,26-011,1995,2.1,0,0,0,0,1,0,3,1,4,0,0,0,15,3,8,27.3,Matches
Ben Osborn\Ben-Osborn,eng ENG,MFDF,Sheffield Utd,26-267,1994,13.8,1,0,0,8,15,2,36,12,14,0,0,0,118,12,20,37.5,Matches
Owen Otasowie\Owen-Otasowie,us USA,MF,Wolves,20-009,2001,1.3,1,0,0,3,4,0,0,3,4,0,0,0,14,8,7,53.3,Matches
Alex Oxlade-Chamberlain\Alex-Oxlade-Chamberlain,eng ENG,MFFW,Liverpool,27-257,1993,2.6,0,0,0,3,1,0,1,1,1,0,0,0,33,2,4,33.3,Matches
Emerson Palmieri\Emerson-Palmieri,it ITA,DF,Chelsea,26-269,1994,1,0,0,0,3,0,0,1,1,2,0,0,0,11,3,0,100,Matches
Thomas Partey\Thomas-Partey,gh GHA,MF,Arsenal,27-320,1993,14,4,0,0,14,15,0,2,21,24,0,0,0,169,20,18,52.6,Matches
Rui Patrício\Rui-Patricio,pt POR,GK,Wolves,33-073,1988,33,1,0,0,0,1,0,0,0,0,0,0,0,133,0,0,,Matches
Bailey Peacock-Farrell\Bailey-Peacock-Farrell,nir NIR,GK,Burnley,24-182,1996,3,0,0,0,0,1,0,0,0,0,0,0,0,14,0,0,,Matches
Lee Peltier\Lee-Peltier,eng ENG,DF,West Brom,34-139,1986,2.5,1,0,0,4,0,0,2,2,7,0,0,0,16,6,2,75,Matches
Nicolas Pépé\Nicolas-Pepe,ci CIV,FW,Arsenal,25-335,1995,14.8,1,1,0,8,25,4,31,14,16,0,0,0,85,33,29,53.2,Matches
Matheus Pereira\Matheus-Pereira,br BRA,MFFW,West Brom,24-359,1996,24.6,2,1,0,30,45,13,45,28,19,1,0,0,176,14,44,24.1,Matches
Ricardo Pereira\Ricardo-Pereira,pt POR,DF,Leicester City,27-205,1993,9.3,2,0,0,14,7,1,13,16,15,0,0,0,80,10,12,45.5,Matches
Ayoze Pérez\Ayoze-Perez,es ESP,FWMF,Leicester City,27-280,1993,12.1,1,0,0,22,18,7,16,12,14,0,0,0,77,8,37,17.8,Matches
Kalvin Phillips\Kalvin-Phillips,eng ENG,MF,Leeds United,25-148,1995,24.5,7,0,0,38,32,0,24,47,39,0,0,0,295,29,32,47.5,Matches
Matt Phillips\Matt-Phillips,sco SCO,MF,West Brom,30-047,1991,15.7,1,0,0,23,5,7,41,11,9,0,0,0,116,13,35,27.1,Matches
Nathaniel Phillips\Nathaniel-Phillips,eng ENG,DF,Liverpool,24-039,1997,11.2,2,0,0,16,5,0,1,13,8,0,0,0,140,70,28,71.4,Matches
Jordan Pickford\Jordan-Pickford,eng ENG,GK,Everton,27-053,1994,24.5,1,0,0,1,1,0,0,0,0,0,1,0,124,0,0,,Matches
Erik Pieters\Erik-Pieters,nl NED,DFMF,Burnley,32-265,1988,14.1,1,0,0,26,20,1,15,10,27,1,0,1,129,20,12,62.5,Matches
Daniel Podence\Daniel-Podence,pt POR,MFFW,Wolves,25-190,1995,17.5,3,0,0,15,25,5,27,13,7,0,0,0,107,8,21,27.6,Matches
Paul Pogba\Paul-Pogba,fr FRA,MFFW,Manchester Utd,28-045,1993,18.1,3,0,0,33,34,3,17,20,25,1,2,0,192,48,32,60,Matches
Nick Pope\Nick-Pope,eng ENG,GK,Burnley,29-010,1992,30,1,0,0,2,2,0,0,0,0,0,2,0,155,0,0,,Matches
Dennis Praet\Dennis-Praet,be BEL,MFFW,Leicester City,26-350,1994,8,0,0,0,12,2,0,18,9,7,0,0,0,62,5,11,31.3,Matches
Davy Pröpper\Davy-Propper,nl NED,MF,Brighton,29-239,1991,2.4,0,0,0,1,0,0,2,2,5,0,0,0,12,3,4,42.9,Matches
Christian Pulisic\Christian-Pulisic,us USA,FWMF,Chelsea,22-223,1998,15.3,2,0,0,12,23,4,24,9,14,0,0,0,93,15,37,28.8,Matches
Aaron Ramsdale\Aaron-Ramsdale,eng ENG,GK,Sheffield Utd,22-350,1998,33,1,0,0,1,4,0,0,0,0,0,1,0,156,0,0,,Matches
Jacob Ramsey\Jacob-Ramsey,eng ENG,MF,Aston Villa,19-336,2001,5.3,0,0,0,10,9,1,5,4,5,0,0,0,43,2,11,15.4,Matches
Kayne Ramsey\Kayne-Ramsey,eng ENG,DF,Southampton,20-201,2000,1,1,0,0,1,0,0,0,1,3,0,0,0,6,1,1,50,Matches
Darren Randolph\Darren-Randolph,ie IRL,GK,West Ham,33-352,1987,2,0,0,0,0,0,0,0,0,0,0,0,0,5,0,0,,Matches
Marcus Rashford\Marcus-Rashford,eng ENG,FW,Manchester Utd,23-180,1997,29.8,4,0,0,23,37,25,36,10,7,2,0,0,133,17,20,45.9,Matches
Tim Ream\Tim-Ream,us USA,DF,Fulham,33-206,1987,5,0,0,0,2,0,0,0,3,2,0,0,0,50,7,8,46.7,Matches
Nathan Redmond\Nathan-Redmond,eng ENG,MFFW,Southampton,27-054,1994,14.1,0,0,0,20,12,3,24,12,13,0,0,0,91,8,28,22.2,Matches
Harrison Reed\Harrison-Reed,eng ENG,MF,Fulham,26-092,1995,23.6,5,0,0,37,24,1,13,49,40,0,0,0,320,27,27,50,Matches
Sergio Reguilón\Sergio-Reguilon,es ESP,DF,Tottenham,24-134,1996,19.9,4,0,0,21,18,1,52,29,25,1,1,0,186,27,26,50.9,Matches
Bobby Reid\Bobby-Reid,jm JAM,FWMF,Fulham,28-086,1993,21.6,7,0,0,31,18,1,25,12,18,1,0,0,130,22,33,40,Matches
Declan Rice\Declan-Rice,eng ENG,MF,West Ham,22-105,1999,29,2,0,0,21,12,1,28,63,49,0,1,0,282,43,27,61.4,Matches
Lewis Richardson\Lewis-Richardson,eng ENG,FWMF,Burnley,18-081,2003,0,0,0,0,0,0,0,0,0,0,0,0,0,0,0,1,0,Matches
Richarlison\Richarlison,br BRA,FW,Everton,23-354,1997,26,3,1,0,28,63,23,22,18,27,0,0,0,155,38,68,35.8,Matches
Jaïro Riedewald\Jairo-Riedewald,nl NED,MF,Crystal Palace,24-232,1996,17.3,3,0,0,19,3,0,5,18,18,0,0,0,136,10,14,41.7,Matches
Matt Ritchie\Matt-Ritchie,sco SCO,DFMF,Newcastle Utd,31-231,1989,10.1,1,0,0,6,14,1,41,14,6,0,0,1,79,11,19,36.7,Matches
Tyler Roberts\Tyler-Roberts,wal WAL,MFFW,Leeds United,22-107,1999,12.7,3,0,0,20,27,8,8,6,8,0,0,0,80,16,22,42.1,Matches
Andrew Robertson\Andrew-Robertson,sco SCO,DF,Liverpool,27-049,1994,32.6,2,0,0,20,10,6,132,30,23,0,1,0,338,34,24,58.6,Matches
Antonee Robinson\Antonee-Robinson,us USA,DF,Fulham,23-264,1997,22,4,1,0,20,7,1,81,41,24,0,0,0,196,38,23,62.3,Matches
Callum Robinson\Callum-Robinson,ie IRL,FWMF,West Brom,26-086,1995,15.8,0,0,0,3,18,7,35,14,7,2,0,0,91,12,49,19.7,Matches
Jack Robinson\Jack-Robinson,eng ENG,DF,Sheffield Utd,27-240,1993,6.7,2,0,0,6,5,0,10,6,8,1,1,0,71,17,12,58.6,Matches
Hal Robson-Kanu\Hal-Robson-Kanu,wal WAL,FWMF,West Brom,31-343,1989,3.6,1,0,0,11,8,2,3,2,2,0,0,0,14,2,20,9.1,Matches
Marek Rodák\Marek-Rodak,sk SVK,GK,Fulham,24-137,1996,1,0,0,0,0,0,0,0,0,0,0,0,0,2,0,0,,Matches
Joe Rodon\Joe-Rodon,wal WAL,DF,Tottenham,23-189,1997,8.1,0,0,0,2,8,1,0,13,9,0,0,0,73,24,11,68.6,Matches
Rodri\Rodri,es ESP,MF,Manchester City,24-311,1996,26.1,4,0,0,38,28,3,10,31,54,0,0,0,368,78,21,78.8,Matches
Rodrigo\Rodrigo,es ESP,MFFW,Leeds United,30-054,1991,12.1,3,0,0,18,7,2,19,7,11,0,1,0,88,21,29,42,Matches
James Rodríguez\James-Rodriguez,co COL,FWMF,Everton,29-291,1991,18.7,3,0,0,15,39,6,32,16,13,1,0,0,138,5,16,23.8,Matches
Jay Rodriguez\Jay-Rodriguez,eng ENG,FWMF,Burnley,31-274,1989,12.9,3,0,0,30,18,12,4,4,14,0,0,0,56,43,76,36.1,Matches
Oriol Romeu\Oriol-Romeu,es ESP,MF,Southampton,29-217,1991,19.2,6,0,0,30,22,0,4,25,35,0,0,0,276,35,27,56.5,Matches
John Ruddy\John-Ruddy,eng ENG,GK,Wolves,34-187,1986,0,0,0,0,0,0,0,0,0,0,0,0,0,0,0,0,,Matches
Antonio Rüdiger\Antonio-Rudiger,de GER,DF,Chelsea,28-057,1993,16,0,0,0,14,6,1,1,14,15,0,0,1,137,47,14,77,Matches
Mathew Ryan\Mathew-Ryan,au AUS,GK,Arsenal,29-021,1992,2,0,0,0,0,0,0,0,0,0,0,0,0,8,0,1,0,Matches
Mathew Ryan\Mathew-Ryan,au AUS,GK,Brighton,29-021,1992,11,1,0,0,1,0,0,0,0,0,0,1,0,42,0,0,,Matches
Allan Saint-Maximin\Allan-Saint-Maximin,fr FRA,FWMF,Newcastle Utd,24-048,1997,12.9,0,0,0,11,37,4,15,8,9,0,1,0,79,3,7,30,Matches
Romain Saïss\Romain-Saiss,ma MAR,DF,Wolves,31-034,1990,23.7,2,0,0,22,9,1,15,29,17,0,1,0,200,78,49,61.4,Matches
Bukayo Saka\Bukayo-Saka,eng ENG,FWDF,Arsenal,19-236,2001,25.7,1,0,0,23,60,13,76,23,17,1,0,1,161,13,42,23.6,Matches
Mamadou Sakho\Mamadou-Sakho,fr FRA,DF,Crystal Palace,31-075,1990,3.1,0,0,0,2,1,0,0,0,2,0,1,0,17,5,8,38.5,Matches
Mohamed Salah\Mohamed-Salah,eg EGY,FW,Liverpool,28-318,1992,29.3,0,0,0,17,22,13,39,6,13,2,0,0,165,20,49,29,Matches
Mohammed Salisu\Mohammed-Salisu,gh GHA,DF,Southampton,22-012,1999,5,0,0,0,5,2,0,2,17,10,0,0,0,40,12,10,54.5,Matches
Davinson Sánchez\Davinson-Sanchez,co COL,DF,Tottenham,24-321,1996,15.5,1,0,0,21,9,0,0,12,24,0,2,1,147,48,30,61.5,Matches
Robert Sánchez\Robert-Sanchez,es ESP,GK,Brighton,23-162,1997,22,0,0,0,2,2,0,0,0,0,0,1,0,105,1,1,50,Matches
Morgan Sanson\Morgan-Sanson,fr FRA,MF,Aston Villa,26-254,1994,3.3,3,0,0,6,7,2,8,7,5,0,0,0,31,5,4,55.6,Matches
Romaine Sawyers\Romaine-Sawyers,kn SKN,MF,West Brom,29-178,1991,16.5,2,0,0,18,14,0,5,22,19,0,0,1,176,13,6,68.4,Matches
Dane Scarlett\Dane-Scarlett,eng ENG,FW,Tottenham,17-036,2004,0,0,0,0,0,0,0,0,0,0,0,0,0,0,0,0,,Matches
Fabian Schär\Fabian-Schar,ch SUI,DF,Newcastle Utd,29-130,1991,13.4,4,0,0,21,15,1,3,21,9,0,0,0,117,20,25,44.4,Matches
Jeffrey Schlupp\Jeffrey-Schlupp,gh GHA,MF,Crystal Palace,28-127,1992,12.1,2,0,0,14,14,0,21,12,10,0,0,0,75,28,39,41.8,Matches
Kasper Schmeichel\Kasper-Schmeichel,dk DEN,GK,Leicester City,34-175,1986,33,0,0,0,0,2,0,0,0,0,0,0,0,142,0,0,,Matches
Nélson Semedo\Nelson-Semedo,pt POR,DF,Wolves,27-164,1993,29.1,4,0,0,38,30,2,43,39,45,0,1,1,237,38,37,50.7,Matches
Jamie Shackleton\Jamie-Shackleton,eng ENG,MFDF,Leeds United,21-203,1999,5.1,0,0,0,3,2,1,2,6,5,0,0,0,36,4,6,40,Matches
Xherdan Shaqiri\Xherdan-Shaqiri,ch SUI,MFFW,Liverpool,29-201,1991,5.8,2,0,0,11,6,0,10,4,4,0,0,0,55,3,6,33.3,Matches
Billy Sharp\Billy-Sharp,eng ENG,FW,Sheffield Utd,35-083,1986,8.2,1,0,0,15,14,11,7,3,5,0,0,0,26,13,36,26.5,Matches
Luke Shaw\Luke-Shaw,eng ENG,DF,Manchester Utd,25-291,1995,26.5,7,0,0,39,25,2,86,23,39,0,0,1,236,31,33,48.4,Matches
Jonjo Shelvey\Jonjo-Shelvey,eng ENG,MF,Newcastle Utd,29-061,1992,24.1,6,0,0,25,9,0,32,32,22,0,0,0,209,24,24,50,Matches
Shola Shoretire\Shola-Shoretire,eng ENG,FW,Manchester Utd,17-086,2004,0,0,0,0,0,0,0,0,0,0,0,0,0,0,0,0,,Matches
Gylfi Sigurðsson\Gylfi-Sigurdsson,is ISL,MFFW,Everton,31-233,1989,20.4,1,0,0,18,13,0,27,27,19,0,0,0,154,8,10,44.4,Matches
Bernardo Silva\Bernardo-Silva,pt POR,MFFW,Manchester City,26-262,1994,21.1,4,0,0,16,18,3,25,19,20,0,0,0,130,8,27,22.9,Matches
Fábio Silva\Fabio-Silva,pt POR,FW,Wolves,18-284,2002,10.3,2,0,0,15,16,3,3,4,2,1,0,0,43,20,55,26.7,Matches
Thiago Silva\Thiago-Silva,br BRA,DF,Chelsea,36-219,1984,17.5,5,1,1,13,13,0,1,18,12,0,0,0,182,40,14,74.1,Matches
Moussa Sissoko\Moussa-Sissoko,fr FRA,MF,Tottenham,31-256,1989,17.6,3,0,0,21,9,0,10,16,20,0,0,0,182,17,24,41.5,Matches
Islam Slimani\Islam-Slimani,dz ALG,FW,Leicester City,32-315,1988,0.2,0,0,0,0,0,0,1,0,0,0,0,0,0,3,1,75,Matches
William Smallbone\William-Smallbone,ie IRL,MF,Southampton,21-067,2000,1.9,0,0,0,3,2,0,2,1,4,0,0,0,12,3,4,42.9,Matches
Emile Smith-Rowe\Emile-Smith-Rowe,eng ENG,MFFW,Arsenal,20-275,2000,12.5,0,0,0,5,13,4,19,12,6,0,0,0,82,7,8,46.7,Matches
Robert Snodgrass\Robert-Snodgrass,sco SCO,MFFW,West Brom,33-234,1987,5.8,2,0,0,8,13,1,5,4,12,0,0,0,55,10,13,43.5,Matches
Robert Snodgrass\Robert-Snodgrass,sco SCO,FWDF,West Ham,33-234,1987,0.1,0,0,0,0,1,0,0,0,1,0,0,0,0,0,0,,Matches
Cédric Soares\Cedric-Soares,pt POR,DF,Arsenal,29-241,1991,8.3,1,0,0,6,5,0,29,8,10,0,0,0,69,10,14,41.7,Matches
Tomáš Sou?ek\Tomas-Soucek,cz CZE,MF,West Ham,26-061,1995,33,6,1,0,61,41,1,9,45,43,0,0,1,386,183,112,62,Matches
Ça?lar Söyüncü\Caglar-Soyuncu,tr TUR,DF,Leicester City,24-341,1996,15.2,2,0,0,12,14,0,3,18,14,0,0,0,146,45,30,60,Matches
Zack Steffen\Zack-Steffen,us USA,GK,Manchester City,26-027,1995,1,0,0,0,1,0,0,0,0,0,0,0,0,2,0,0,,Matches
Dale Stephens\Dale-Stephens,eng ENG,MF,Burnley,31-321,1989,2.9,1,0,0,8,2,0,0,3,4,0,0,0,49,5,4,55.6,Matches
Jack Stephens\Jack-Stephens,eng ENG,DF,Southampton,27-092,1994,12.1,2,0,0,5,6,0,0,14,13,0,0,0,146,22,12,64.7,Matches
Raheem Sterling\Raheem-Sterling,eng ENG,FW,Manchester City,26-142,1994,24.2,2,0,0,29,36,8,29,13,18,2,0,0,107,5,23,17.9,Matches
Enda Stevens\Enda-Stevens,ie IRL,DF,Sheffield Utd,30-294,1990,25,5,0,0,25,9,3,41,39,21,0,0,0,230,36,29,55.4,Matches
John Stones\John-Stones,eng ENG,DF,Manchester City,26-336,1994,19.5,0,1,0,6,9,1,1,17,8,0,0,0,163,42,14,75,Matches
Pascal Struijk\Pascal-Struijk,nl NED,DFMF,Leeds United,21-261,1999,19.3,2,0,0,20,5,0,1,32,24,0,1,0,198,37,36,50.7,Matches
Japhet Tanganga\Japhet-Tanganga,eng ENG,DF,Tottenham,22-029,1999,3.5,1,0,0,5,3,0,2,1,1,0,0,0,34,6,4,60,Matches
Matt Targett\Matt-Targett,eng ENG,DF,Aston Villa,25-223,1995,31.8,7,0,0,21,18,0,81,37,46,0,1,0,309,78,46,62.9,Matches
James Tarkowski\James-Tarkowski,eng ENG,DF,Burnley,28-161,1992,31,6,0,0,25,19,3,5,46,35,0,0,0,302,160,49,76.6,Matches
Percy Tau\Percy-Tau,za RSA,FWMF,Brighton,26-351,1994,0.9,0,0,0,0,0,0,0,0,0,0,0,0,5,0,5,0,Matches
Sidnei Tavares\Sidnei-Tavares,pt POR,MF,Leicester City,19-212,2001,0.9,0,0,0,1,3,0,0,1,0,0,0,0,4,1,1,50,Matches
Charlie Taylor\Charlie-Taylor,eng ENG,DF,Burnley,27-223,1993,22,1,0,0,8,31,0,56,20,21,0,0,0,207,35,20,63.6,Matches
Neil Taylor\Neil-Taylor,wal WAL,DF,Aston Villa,32-081,1989,0.2,1,0,0,1,0,0,0,0,0,0,0,0,2,0,0,,Matches
Allan Tchaptchet\Allan-Tchaptchet,fr FRA,DF,Southampton,19-129,2001,0.1,0,0,0,0,0,0,0,0,0,0,0,0,1,1,0,100,Matches
Nathan Tella\Nathan-Tella,eng ENG,FWMF,Southampton,21-298,1999,5.9,2,0,0,12,19,3,9,6,2,1,0,0,45,3,11,21.4,Matches
Alex Telles\Alex-Telles,br BRA,DF,Manchester Utd,28-135,1992,5.7,0,0,0,4,3,1,23,5,4,0,0,0,52,9,8,52.9,Matches
Kenny Tete\Kenny-Tete,nl NED,DF,Fulham,25-202,1995,13.8,2,0,0,25,15,2,51,21,24,0,0,0,125,24,17,58.5,Matches
Luke Thomas\Luke-Thomas,eng ENG,DF,Leicester City,19-323,2001,6.8,2,0,0,9,10,0,4,9,3,1,0,0,62,9,21,30,Matches
Youri Tielemans\Youri-Tielemans,be BEL,MF,Leicester City,23-357,1997,32.3,6,0,0,33,48,0,34,27,47,0,0,0,363,35,32,52.2,Matches
Kieran Tierney\Kieran-Tierney,sco SCO,DF,Arsenal,23-328,1997,22.4,4,0,0,11,16,0,90,14,15,1,0,0,191,17,40,29.8,Matches
James Tomkins\James-Tomkins,eng ENG,DF,Crystal Palace,32-031,1989,4.3,1,0,0,2,1,0,0,2,2,0,1,0,29,10,9,52.6,Matches
Fikayo Tomori\Fikayo-Tomori,eng ENG,DF,Chelsea,23-131,1997,0.5,0,0,0,1,0,0,0,1,2,0,0,0,4,0,0,,Matches
Ferrán Torres\Ferran-Torres,es ESP,FW,Manchester City,21-059,2000,11.4,1,0,0,14,12,5,24,4,4,1,0,0,55,12,17,41.4,Matches
Cenk Tosun\Cenk-Tosun,tr TUR,FW,Everton,29-326,1991,0.5,1,0,0,1,0,0,0,0,0,0,0,0,0,1,1,50,Matches
Andros Townsend\Andros-Townsend,eng ENG,MFFW,Crystal Palace,29-287,1991,20.4,0,0,0,23,41,1,68,39,29,0,0,0,166,3,21,12.5,Matches
Conor Townsend\Conor-Townsend,eng ENG,DF,West Brom,28-056,1993,19.8,0,0,0,14,22,1,38,32,22,0,2,0,149,40,32,55.6,Matches
Adama Traoré\Adama-Traore,es ESP,FW,Wolves,25-094,1996,25.8,4,0,0,43,75,6,101,10,19,1,0,0,137,70,60,53.8,Matches
Bertrand Traoré\Bertrand-Traore,bf BFA,FW,Aston Villa,25-235,1995,20.5,0,0,0,26,26,6,49,21,7,0,0,0,124,27,28,49.1,Matches
Trézéguet\Trezeguet,eg EGY,FW,Aston Villa,26-210,1994,13,0,0,0,39,20,4,24,11,18,1,0,0,87,29,45,39.2,Matches
Leandro Trossard\Leandro-Trossard,be BEL,FWMF,Brighton,26-146,1994,25.3,2,0,0,24,29,5,60,21,19,0,0,0,182,6,24,20,Matches
Kostas Tsimikas\Kostas-Tsimikas,gr GRE,DF,Liverpool,24-352,1996,0.1,0,0,0,1,0,0,1,0,0,0,0,0,0,0,1,0,Matches
Axel Tuanzebe\Axel-Tuanzebe,eng ENG,DF,Manchester Utd,23-166,1997,1.5,2,0,0,3,0,0,0,0,2,0,0,1,21,4,2,66.7,Matches
Cengiz Ünder\Cengiz-Under,tr TUR,MFFW,Leicester City,23-289,1997,3.1,0,0,0,1,3,2,10,3,3,0,0,0,22,0,3,0,Matches
Yan Valery\Yan-Valery,fr FRA,DFMF,Southampton,22-066,1999,1.1,0,0,0,1,1,0,2,3,2,0,0,0,13,1,3,25,Matches
Jamie Vardy\Jamie-Vardy,eng ENG,FW,Leicester City,34-108,1987,26.7,1,0,0,22,19,31,18,7,8,3,0,0,74,45,57,44.1,Matches
Joël Veltman\Joel-Veltman,nl NED,DF,Brighton,29-104,1992,24.3,3,0,0,30,39,0,51,34,41,0,0,0,265,46,34,57.5,Matches
Jannik Vestergaard\Jannik-Vestergaard,dk DEN,DF,Southampton,28-269,1992,23.5,2,0,0,17,9,0,2,28,30,1,0,0,271,97,36,72.9,Matches
Rúben Vinagre\Ruben-Vinagre,pt POR,DF,Wolves,22-020,1999,1.9,0,0,0,2,0,0,4,1,3,0,0,0,19,3,3,50,Matches
Carlos Vinícius\Carlos-Vinicius,br BRA,FW,Tottenham,26-035,1995,3.4,2,0,0,11,3,2,2,1,0,0,0,0,10,11,20,35.5,Matches
João Virgínia\Joao-Virginia,pt POR,GK,Everton,21-201,1999,0.5,0,0,0,0,0,0,0,0,0,0,0,0,1,0,0,,Matches
Vitinha\Vitinha,pt POR,MFFW,Wolves,21-075,2000,3.2,0,0,0,4,3,0,0,1,4,0,0,0,19,0,1,0,Matches
Jake Vokins\Jake-Vokins,eng ENG,DF,Southampton,21-043,2000,0.7,0,0,0,2,0,1,2,0,0,0,0,0,2,0,0,,Matches
Mat?j Vydra\Matej-Vydra,cz CZE,FW,Burnley,28-363,1992,12.5,0,0,0,5,9,11,5,4,4,0,0,0,37,25,74,25.3,Matches
Theo Walcott\Theo-Walcott,eng ENG,MFFW,Southampton,32-044,1989,16.2,0,0,0,12,27,8,29,7,18,0,0,0,111,7,28,20,Matches
Theo Walcott\Theo-Walcott,eng ENG,FW,Everton,32-044,1989,0.1,0,0,0,0,0,0,0,0,0,0,0,0,0,0,0,,Matches
Kyle Walker\Kyle-Walker,eng ENG,DF,Manchester City,30-336,1990,19.6,1,0,0,25,11,1,23,14,26,0,2,0,172,26,14,65,Matches
Kyle Walker-Peters\Kyle-Walker-Peters,eng ENG,DF,Southampton,24-016,1997,23.7,4,0,0,24,33,3,16,35,38,1,1,0,230,12,31,27.9,Matches
Aaron Wan-Bissaka\Aaron-Wan-Bissaka,eng ENG,DF,Manchester Utd,23-154,1997,31,3,0,0,28,9,1,47,63,48,0,0,0,242,43,35,55.1,Matches
Joel Ward\Joel-Ward,eng ENG,DF,Crystal Palace,31-182,1989,19.1,3,0,0,26,9,0,10,43,21,0,1,0,168,45,36,55.6,Matches
James Ward-Prowse\James-Ward-Prowse,eng ENG,MF,Southampton,26-179,1994,32,5,0,0,40,23,0,41,38,48,0,1,0,403,40,53,43,Matches
Ollie Watkins\Ollie-Watkins,eng ENG,FW,Aston Villa,25-120,1995,32,2,0,0,40,40,27,30,9,20,0,0,0,105,125,159,44,Matches
Caleb Watts\Caleb-Watts,au AUS,MFFW,Southampton,19-103,2002,0.4,1,0,0,0,1,0,1,0,1,0,0,0,2,1,3,25,Matches
Adam Webster\Adam-Webster,eng ENG,DF,Brighton,26-115,1995,23.8,3,0,0,20,13,1,2,35,15,0,0,0,278,81,41,66.4,Matches
Danny Welbeck\Danny-Welbeck,eng ENG,FW,Brighton,30-154,1990,14,0,0,0,17,14,3,5,5,7,1,0,0,50,17,45,27.4,Matches
Timo Werner\Timo-Werner,de GER,FW,Chelsea,25-054,1996,24.9,1,0,0,19,23,22,39,6,15,4,0,0,130,11,36,23.4,Matches
Ashley Westwood\Ashley-Westwood,eng ENG,MF,Burnley,31-028,1990,32.9,6,0,0,31,39,0,67,40,13,0,0,0,364,11,27,28.9,Matches
Ben White\Ben-White,eng ENG,DFMF,Brighton,23-203,1997,30.5,5,1,1,26,8,0,16,34,29,0,0,0,269,43,37,53.8,Matches
Georginio Wijnaldum\Georginio-Wijnaldum,nl NED,MF,Liverpool,30-169,1990,29,1,0,0,15,23,0,4,17,21,0,0,0,270,35,47,42.7,Matches
Brandon Williams\Brandon-Williams,eng ENG,DF,Manchester Utd,20-238,2000,0.1,0,0,0,0,1,0,0,1,1,0,0,0,2,0,0,,Matches
Neco Williams\Neco-Williams,wal WAL,DF,Liverpool,20-016,2001,2.8,1,0,0,3,6,0,11,5,5,0,1,0,24,3,2,60,Matches
Rhys Williams\Rhys-Williams,eng ENG,DF,Liverpool,20-085,2001,2.4,0,0,0,1,1,0,0,1,2,0,0,0,37,13,0,100,Matches
Willian\Willian,br BRA,FWMF,Arsenal,32-263,1988,13.6,0,0,0,5,18,4,39,11,6,0,0,0,77,5,15,25,Matches
Joe Willock\Joe-Willock,eng ENG,MF,Arsenal,21-252,1999,2.6,1,0,0,6,4,1,5,5,4,0,0,0,21,7,5,58.3,Matches
Joe Willock\Joe-Willock,eng ENG,MF,Newcastle Utd,21-252,1999,7.1,0,0,0,9,6,0,6,23,16,0,1,0,53,11,19,36.7,Matches
Callum Wilson\Callum-Wilson,eng ENG,FW,Newcastle Utd,29-061,1992,21.2,2,0,0,35,39,21,13,3,9,2,0,0,80,35,117,23,Matches
Harry Winks\Harry-Winks,eng ENG,MF,Tottenham,25-086,1996,7.3,4,0,0,6,9,0,1,12,9,0,0,0,72,6,5,54.5,Matches
Chris Wood\Chris-Wood,nz NZL,FW,Burnley,29-143,1991,25.9,0,0,0,29,19,23,3,5,9,0,0,0,84,139,163,46,Matches
Granit Xhaka\Granit-Xhaka,ch SUI,MFDF,Arsenal,28-214,1992,25.9,6,1,0,36,35,1,6,23,33,0,0,0,296,41,33,55.4,Matches
Andriy Yarmolenko\Andriy-Yarmolenko,ua UKR,FWMF,West Ham,31-188,1989,4,3,0,0,8,6,5,8,3,3,0,0,0,27,3,3,50,Matches
DeAndre Yedlin\DeAndre-Yedlin,us USA,DF,Newcastle Utd,27-294,1993,4.8,0,0,0,4,4,1,8,3,6,0,0,0,28,4,3,57.1,Matches
Okay Yoku?lu\Okay-Yokuslu,tr TUR,MF,West Brom,27-051,1994,9.9,3,0,0,17,20,0,2,26,24,0,1,0,139,26,12,68.4,Matches
Wilfried Zaha\Wilfried-Zaha,ci CIV,FW,Crystal Palace,28-170,1992,23,4,0,0,28,74,16,38,23,16,0,0,0,115,9,31,22.5,Matches
Andre-Frank Zambo Anguissa\Andre-Frank-Zambo-Anguissa,cm CMR,MF,Fulham,25-164,1995,24.6,5,0,0,41,24,0,12,44,43,0,0,0,284,41,34,54.7,Matches
Andi Zeqiri\Andi-Zeqiri,ch SUI,DFFW,Brighton,21-311,1999,1.4,0,0,0,2,0,0,5,0,3,0,0,0,9,2,4,33.3,Matches
Oleksandr Zinchenko\Oleksandr-Zinchenko,ua UKR,DF,Manchester City,24-135,1996,14,0,0,0,7,4,1,15,17,13,0,0,0,139,23,12,65.7,Matches
Hakim Ziyech\Hakim-Ziyech,ma MAR,FWMF,Chelsea,28-041,1993,11,3,0,0,15,14,2,36,8,6,0,0,0,79,2,21,8.7,Matches
Kurt Zouma\Kurt-Zouma,fr FRA,DF,Chelsea,26-184,1994,20,2,0,0,15,6,0,0,23,9,0,0,0,192,90,33,73.2,Matches
Martin Ødegaard\Martin-Odegaard,no NOR,MF,Arsenal,22-133,1998,6.5,0,0,0,1,6,1,7,5,3,0,0,0,41,1,11,8.3,Matches
