Player,Nation,Pos,Squad,Age,Born,90s,CrdY,CrdR,2CrdY,Fls,Fld,Off,Crs,Int,TklW,PKwon,PKcon,OG,Recov,Matches
Gennaro Acampora\Gennaro-Acampora,it ITA,MFFW,Spezia,27-032,1994,4.7,2,0,0,8,11,1,7,4,6,0,0,0,48,Matches
Francesco Acerbi\Francesco-Acerbi,it ITA,DF,Lazio,33-079,1988,28.3,5,0,0,25,21,2,23,56,35,0,0,0,342,Matches
Andrea Adorante\Andrea-Adorante,it ITA,FW,Parma,21-084,2000,0.1,0,0,0,0,0,0,0,0,0,0,0,0,1,Matches
Lucien Agoume\Lucien-Agoume,fr FRA,MF,Spezia,19-080,2002,8.1,2,0,0,15,8,0,0,14,11,0,0,0,96,Matches
Kevin Agudelo\Kevin-Agudelo,co COL,FW,Spezia,22-167,1998,12.9,3,0,0,17,25,2,7,4,22,0,0,0,54,Matches
Jean-Daniel Akpa-Akpro\Jean-Daniel-Akpa-Akpro,ci CIV,MFFW,Lazio,28-201,1992,9.5,8,0,0,28,10,0,1,15,27,0,0,0,77,Matches
Luis Alberto\Luis-Alberto,es ESP,MF,Lazio,28-214,1992,24.4,4,0,0,18,32,2,28,18,31,0,0,0,225,Matches
Bruno Alves\Bruno-Alves,pt POR,DF,Parma,39-154,1981,15.1,3,0,0,15,7,1,6,12,5,0,0,0,138,Matches
Sofyan Amrabat\Sofyan-Amrabat,ma MAR,MF,Fiorentina,24-252,1996,24.9,7,0,0,58,39,0,7,21,39,0,0,0,241,Matches
Djavan Anderson\Djavan-Anderson,nl NED,DF,Lazio,26-009,1995,0.8,0,0,0,1,1,0,1,0,0,0,0,0,10,Matches
Nícolas Andrade\Nicolas-Andrade,br BRA,GK,Udinese,33-018,1988,2,0,0,0,0,0,0,0,0,0,0,0,0,5,Matches
Davide Angelo Ghislandi\Davide-Angelo-Ghislandi,it ITA,DF,Atalanta,19-318,2001,0.1,0,0,0,0,0,0,0,0,0,0,0,0,0,Matches
Philip Ankhrah\Philip-Ankhrah,gh GHA,MF,Hellas Verona,18-215,2002,0.1,0,0,0,0,1,0,0,0,0,0,0,0,0,Matches
Cristian Ansaldi\Cristian-Ansaldi,ar ARG,DF,Torino,34-222,1986,16.2,1,0,0,22,20,0,104,25,21,0,1,0,108,Matches
Valentin Antov\Valentin-Antov,bg BUL,DF,Bologna,20-172,2000,2.2,1,0,0,2,2,0,0,2,3,0,0,0,12,Matches
Tolgay Arslan\Tolgay-Arslan,de GER,MF,Udinese,30-257,1990,18.5,8,0,0,34,41,0,7,18,36,0,1,0,180,Matches
Kwadwo Asamoah\Kwadwo-Asamoah,gh GHA,DF,Cagliari,32-142,1988,2,0,0,0,0,4,0,3,4,4,0,0,0,17,Matches
Kristoffer Askildsen\Kristoffer-Askildsen,no NOR,MF,Sampdoria,20-111,2001,0.9,2,0,0,3,0,0,1,1,1,0,0,0,4,Matches
Emil Audero\Emil-Audero,it ITA,GK,Sampdoria,24-102,1997,33,0,0,0,0,6,0,0,0,0,0,0,0,173,Matches
Tommaso Augello\Tommaso-Augello,it ITA,DF,Sampdoria,26-243,1994,30.7,2,1,0,12,24,2,100,35,24,0,0,0,267,Matches
Kaan Ayhan\Kaan-Ayhan,tr TUR,DF,Sassuolo,26-171,1994,8.5,3,0,0,8,2,0,3,8,9,0,0,0,52,Matches
Milan Badelj\Milan-Badelj,hr CRO,MF,Genoa,32-064,1989,24.4,7,0,0,35,29,0,10,76,38,0,0,0,314,Matches
Tiemoué Bakayoko\Tiemoue-Bakayoko,fr FRA,MF,Napoli,26-256,1994,18.9,5,1,1,32,44,1,0,22,48,1,0,0,171,Matches
Keita Baldé\Keita-Balde,sn SEN,FW,Sampdoria,26-053,1995,11.2,4,1,0,29,31,3,10,3,6,1,1,0,32,Matches
Botond Balogh\Botond-Balogh,hu HUN,DF,Parma,18-328,2002,1.6,1,0,0,1,0,0,0,0,3,0,0,0,7,Matches
Mattia Bani\Mattia-Bani,it ITA,DF,Genoa,27-141,1993,10.2,4,0,0,13,8,1,0,18,8,0,0,0,115,Matches
Mattia Bani\Mattia-Bani,it ITA,DF,Parma,27-141,1993,10.7,5,0,0,15,8,0,2,14,9,0,0,0,59,Matches
Antonín Barák\Antonin-Barak,cz CZE,MFFW,Hellas Verona,26-148,1994,27.2,4,1,0,53,16,4,17,14,26,0,1,0,234,Matches
Federico Barba\Federico-Barba,it ITA,DF,Benevento,27-241,1993,25.2,7,0,0,22,7,1,20,53,17,0,0,1,204,Matches
Nicolò Barella\Nicolo-Barella,it ITA,MF,Inter,24-082,1997,28.8,5,0,0,40,50,2,42,30,38,0,1,0,284,Matches
Antonio Barreca\Antonio-Barreca,it ITA,DF,Fiorentina,26-043,1995,0.9,0,0,0,1,0,1,4,0,0,0,1,0,7,Matches
Musa Barrow\Musa-Barrow,gm GAM,FWMF,Bologna,22-167,1998,28.5,0,0,0,15,30,12,62,11,7,0,0,0,128,Matches
Paolo Bartolomei\Paolo-Bartolomei,it ITA,MF,Spezia,31-252,1989,3.6,1,0,0,4,1,0,9,0,2,0,1,0,18,Matches
Daniele Baselli\Daniele-Baselli,it ITA,MF,Torino,29-049,1992,2.2,1,0,0,4,6,0,2,2,6,0,0,0,27,Matches
Alessandro Bastoni\Alessandro-Bastoni,it ITA,DF,Inter,22-017,1999,28.6,5,0,0,36,24,0,14,32,26,0,0,0,234,Matches
Simone Bastoni\Simone-Bastoni,it ITA,DF,Spezia,24-176,1996,15.2,7,0,0,31,25,2,41,19,28,0,1,0,148,Matches
Bastos\Bastos,ao ANG,DF,Lazio,30-034,1991,0.7,0,0,0,1,4,0,0,0,2,0,0,0,8,Matches
Rodrigo Becão\Rodrigo-Becao,br BRA,DF,Udinese,25-101,1996,26.9,5,0,0,43,40,0,8,38,30,0,1,0,213,Matches
Valon Behrami\Valon-Behrami,ch SUI,MF,Genoa,36-011,1985,8,1,0,0,19,16,0,2,5,8,1,0,0,63,Matches
Andrea Belotti\Andrea-Belotti,it ITA,FW,Torino,27-131,1993,28.1,4,0,0,52,119,16,21,5,26,3,1,0,125,Matches
Ahmad Benali\Ahmad-Benali,ly LBY,MF,Crotone,29-082,1992,9.3,2,0,0,9,14,0,12,5,18,0,0,0,95,Matches
Ismaël Bennacer\Ismael-Bennacer,dz ALG,MF,Milan,23-150,1997,11.5,2,0,0,16,24,0,6,20,19,1,1,0,143,Matches
Rodrigo Bentancur\Rodrigo-Bentancur,uy URU,MF,Juventus,23-329,1997,23.2,6,0,0,39,26,1,7,36,39,0,0,0,269,Matches
Domenico Berardi\Domenico-Berardi,it ITA,FWMF,Sassuolo,26-272,1994,22.6,4,0,0,37,55,3,53,28,19,1,0,0,147,Matches
Álex Berenguer\Alex-Berenguer,es ESP,MF,Torino,25-300,1995,1.5,0,0,0,2,3,1,2,0,0,0,0,0,9,Matches
Bartosz Bereszy?ski\Bartosz-Bereszynski,pl POL,DF,Sampdoria,28-292,1992,25,2,0,0,22,25,0,26,32,41,0,0,0,243,Matches
Federico Bernardeschi\Federico-Bernardeschi,it ITA,DFMF,Juventus,27-073,1994,9.9,3,0,0,12,14,2,39,11,5,0,0,0,71,Matches
Daniel Bessa\Daniel-Bessa,it ITA,MFFW,Hellas Verona,28-106,1993,4.5,1,0,0,8,3,2,10,3,3,0,0,0,24,Matches
Cristiano Biraghi\Cristiano-Biraghi,it ITA,DF,Fiorentina,28-241,1992,26.7,8,0,0,25,22,4,143,15,17,0,0,0,184,Matches
Davide Biraschi\Davide-Biraschi,it ITA,DF,Genoa,26-302,1994,9.2,1,0,0,15,8,0,8,12,8,0,0,0,71,Matches
Jeremie Boga\Jeremie-Boga,ci CIV,FWMF,Sassuolo,24-117,1997,16.4,0,0,0,9,30,8,17,10,11,0,0,0,84,Matches
Giacomo Bonaventura\Giacomo-Bonaventura,it ITA,MF,Fiorentina,31-251,1989,20.7,5,0,0,34,32,5,19,34,26,1,0,0,145,Matches
Federico Bonazzoli\Federico-Bonazzoli,it ITA,FW,Sampdoria,23-344,1997,1.5,0,0,0,3,2,0,0,0,1,0,0,0,8,Matches
Federico Bonazzoli\Federico-Bonazzoli,it ITA,FW,Torino,23-344,1997,5.1,2,0,0,10,13,3,3,1,3,0,0,0,26,Matches
Kevin Bonifazi\Kevin-Bonifazi,it ITA,DF,Udinese,24-346,1996,22.5,2,0,0,20,11,0,4,35,23,0,1,0,193,Matches
Leonardo Bonucci\Leonardo-Bonucci,it ITA,DF,Juventus,33-364,1987,20,4,0,0,19,15,3,2,15,14,0,1,0,151,Matches
Mehdi Bourabia\Mehdi-Bourabia,ma MAR,MF,Sassuolo,29-266,1991,5.2,2,0,0,15,6,0,2,8,5,0,1,0,59,Matches
Jayden Braaf\Jayden-Braaf,nl NED,FW,Udinese,18-242,2002,1.3,0,0,0,2,1,0,1,1,0,0,0,0,8,Matches
Gleison Bremer\Gleison-Bremer,br BRA,DF,Torino,24-043,1997,26.6,1,0,0,20,9,0,1,55,37,0,1,0,225,Matches
Marcelo Brozovi?\Marcelo-Brozovic,hr CRO,MF,Inter,28-165,1992,25.3,6,0,0,28,13,0,24,36,34,0,0,0,240,Matches
Gastón Brugman\Gaston-Brugman,uy URU,MF,Parma,28-235,1992,16.6,7,0,0,25,21,1,15,35,22,0,0,0,157,Matches
Juan Brunetta\Juan-Brunetta,ar ARG,FWMF,Parma,23-353,1997,3.2,2,0,0,7,10,1,9,1,1,0,0,0,17,Matches
Gianluigi Buffon\Gianluigi-Buffon,it ITA,GK,Juventus,43-092,1978,7,0,0,0,0,1,0,0,0,0,0,0,0,31,Matches
Alessandro Buongiorno\Alessandro-Buongiorno,it ITA,DF,Torino,21-328,1999,6.2,3,0,0,12,5,1,0,13,3,0,0,0,37,Matches
Maxime Busi\Maxime-Busi,be BEL,DF,Parma,21-198,1999,9.2,3,0,0,17,7,0,14,11,9,0,1,0,75,Matches
Martín Cáceres\Martin-Caceres,uy URU,DF,Fiorentina,34-023,1987,20.2,1,0,0,13,16,0,31,12,10,0,1,0,143,Matches
Felipe Caicedo\Felipe-Caicedo,ec ECU,FW,Lazio,32-237,1988,10,5,0,0,26,17,8,0,2,8,0,0,0,43,Matches
Arturo Calabresi\Arturo-Calabresi,it ITA,DF,Cagliari,25-044,1996,0,0,0,0,0,0,0,1,0,0,0,0,0,1,Matches
Arturo Calabresi\Arturo-Calabresi,it ITA,DFFW,Bologna,25-044,1996,0.2,0,0,0,0,0,0,0,0,0,0,0,0,3,Matches
Davide Calabria\Davide-Calabria,it ITA,DF,Milan,24-145,1996,25.6,6,0,0,26,32,2,50,25,44,1,0,1,270,Matches
Riccardo Calafiori\Riccardo-Calafiori,it ITA,DF,Roma,18-346,2002,0.7,2,0,0,6,2,0,0,1,2,0,0,0,9,Matches
Mattia Caldara\Mattia-Caldara,it ITA,DF,Atalanta,26-360,1994,1.2,1,0,0,3,1,0,1,3,2,0,0,0,17,Matches
Luca Caldirola\Luca-Caldirola,it ITA,DF,Benevento,30-088,1991,13.6,4,0,0,15,19,1,3,8,10,0,0,0,98,Matches
Hakan Çalhano?lu\Hakan-Calhanoglu,tr TUR,MFFW,Milan,27-081,1994,24.4,4,0,0,23,40,3,56,21,12,1,0,0,160,Matches
Fabrizio Caligara\Fabrizio-Caligara,it ITA,MF,Cagliari,21-018,2000,2,2,0,0,11,2,0,4,3,3,0,1,0,15,Matches
José Callejón\Jose-Callejon,es ESP,FWMF,Fiorentina,34-078,1987,6.7,0,0,0,6,11,0,21,6,2,0,0,0,40,Matches
Antonio Candreva\Antonio-Candreva,it ITA,MF,Sampdoria,34-061,1987,23.9,1,0,0,13,26,9,125,25,13,1,0,0,183,Matches
Gianluca Caprari\Gianluca-Caprari,it ITA,MFFW,Benevento,27-274,1993,18.9,4,1,0,23,51,8,30,26,14,1,0,0,121,Matches
Francesco Caputo\Francesco-Caputo,it ITA,FW,Sassuolo,33-267,1987,18.1,1,0,0,15,28,18,3,4,1,2,0,0,40,Matches
Andrea Carboni\Andrea-Carboni,it ITA,DF,Cagliari,20-085,2001,8.1,0,0,0,5,5,0,5,8,4,0,0,0,53,Matches
Giuseppe Caso\Giuseppe-Caso,it ITA,MF,Genoa,22-142,1998,0.1,0,0,0,0,1,0,0,0,0,0,0,0,3,Matches
Francesco Cassata\Francesco-Cassata,it ITA,DF,Genoa,23-288,1997,1.4,0,0,0,3,6,0,1,2,4,0,0,0,12,Matches
Samu Castillejo\Samu-Castillejo,es ESP,FW,Milan,26-102,1995,11.6,4,0,0,22,27,3,24,11,16,0,0,0,73,Matches
Gaetano Castrovilli\Gaetano-Castrovilli,it ITA,MF,Fiorentina,24-072,1997,23.3,6,1,0,37,60,1,28,30,28,0,1,0,168,Matches
Danilo Cataldi\Danilo-Cataldi,it ITA,MF,Lazio,26-267,1994,4.1,2,0,0,3,3,0,6,7,7,0,0,0,42,Matches
Federico Ceccherini\Federico-Ceccherini,it ITA,DF,Hellas Verona,28-354,1992,16.1,8,0,0,41,28,1,6,26,11,0,0,0,200,Matches
Federico Ceccherini\Federico-Ceccherini,it ITA,DF,Fiorentina,28-354,1992,3,2,0,0,5,3,0,0,3,2,0,1,1,26,Matches
Luca Ceppitelli\Luca-Ceppitelli,it ITA,DF,Cagliari,31-262,1989,12.5,3,0,0,9,10,0,7,19,15,0,0,0,104,Matches
Alberto Cerri\Alberto-Cerri,it ITA,FW,Cagliari,25-014,1996,3,1,0,0,16,13,1,2,1,5,0,0,0,20,Matches
Julian Chabot\Julian-Chabot,de GER,DF,Spezia,23-077,1998,16.4,10,1,1,29,29,0,2,22,36,0,1,0,151,Matches
Giorgio Chiellini\Giorgio-Chiellini,it ITA,DF,Juventus,36-259,1984,12.8,2,0,0,14,10,1,1,14,9,0,2,0,98,Matches
Federico Chiesa\Federico-Chiesa,it ITA,DF,Fiorentina,23-187,1997,2.7,0,0,0,2,3,2,9,1,2,0,0,0,20,Matches
Federico Chiesa\Federico-Chiesa,it ITA,MFDF,Juventus,23-187,1997,21.4,1,1,0,25,31,11,62,11,37,2,0,0,115,Matches
Vlad Chiriche?\Vlad-Chiriches,ro ROU,DF,Sassuolo,31-167,1989,16.5,5,0,0,27,10,1,2,24,12,0,0,1,168,Matches
Luca Cigarini\Luca-Cigarini,it ITA,MF,Crotone,34-314,1986,6.6,5,1,1,16,16,0,4,4,9,1,0,0,74,Matches
Antonio Cioffi\Antonio-Cioffi,it ITA,FW,Napoli,18-132,2002,0.1,0,0,0,0,0,0,0,1,0,0,0,0,1,Matches
Ebrima Colley\Ebrima-Colley,gm GAM,FWMF,Hellas Verona,21-088,2000,7.5,1,0,0,13,16,7,10,2,4,0,0,0,52,Matches
Omar Colley\Omar-Colley,gm GAM,DF,Sampdoria,28-188,1992,24.8,6,0,0,30,19,1,5,47,18,0,0,0,240,Matches
Simone Colombi\Simone-Colombi,it ITA,GK,Parma,29-303,1991,2,0,0,0,0,0,0,0,0,0,0,0,0,7,Matches
Lorenzo Colombo\Lorenzo-Colombo,it ITA,FW,Milan,19-053,2002,1,0,0,0,1,0,3,1,1,2,0,0,0,6,Matches
Andrea Consigli\Andrea-Consigli,it ITA,GK,Sassuolo,34-093,1987,32,1,0,0,2,4,0,0,0,0,0,0,0,134,Matches
Andrea Conti\Andrea-Conti,it ITA,DF,Parma,27-059,1994,8.9,3,0,0,15,8,0,15,23,18,0,0,0,47,Matches
Andrea Conti\Andrea-Conti,it ITA,DF,Milan,27-059,1994,0.3,0,0,0,2,1,0,1,1,1,0,0,0,1,Matches
Alex Cordaz\Alex-Cordaz,it ITA,GK,Crotone,38-119,1983,33,1,0,0,0,6,0,0,0,0,0,0,0,161,Matches
Andreas Cornelius\Andreas-Cornelius,dk DEN,FW,Parma,28-045,1993,17.2,4,0,0,34,37,13,11,1,4,1,0,0,62,Matches
Joaquín Correa\Joaquin-Correa,ar ARG,FW,Lazio,26-260,1994,19,3,1,1,22,50,5,8,9,8,3,0,0,84,Matches
Angelo da Costa Júnior\Angelo-da-Costa-Junior,br BRA,GK,Bologna,37-169,1983,6,2,0,0,0,0,1,0,0,0,0,0,0,24,Matches
Douglas Costa\Douglas-Costa,br BRA,MFFW,Juventus,30-228,1990,0.5,0,0,0,0,0,0,1,1,0,0,0,0,1,Matches
Mamadou Coulibaly\Mamadou-Coulibaly,sn SEN,MF,Udinese,22-086,1999,2,0,0,0,3,1,1,1,1,7,0,0,0,29,Matches
Alessio Cragno\Alessio-Cragno,it ITA,GK,Cagliari,26-306,1994,29,1,0,0,3,5,0,0,0,0,0,2,0,113,Matches
Domenico Criscito\Domenico-Criscito,it ITA,DF,Genoa,34-121,1986,19.2,6,0,0,23,26,0,18,35,27,0,0,0,191,Matches
Bryan Cristante\Bryan-Cristante,it ITA,DFMF,Roma,26-058,1995,19.2,6,0,0,22,9,3,5,28,26,0,0,1,163,Matches
Giovanni Crociata\Giovanni-Crociata,it ITA,DFMF,Crotone,23-262,1997,0.3,0,0,0,2,1,0,2,0,1,0,0,0,3,Matches
Juan Cuadrado\Juan-Cuadrado,co COL,DFMF,Juventus,32-339,1988,20.1,8,1,0,30,54,3,69,20,21,1,0,0,146,Matches
Giuseppe Cuomo\Giuseppe-Cuomo,it ITA,DF,Crotone,23-087,1998,7.7,4,0,0,15,5,0,0,13,13,0,0,0,97,Matches
Patrick Cutrone\Patrick-Cutrone,it ITA,FWMF,Fiorentina,23-117,1998,2.2,0,0,0,8,3,0,2,0,2,0,0,0,11,Matches
Wylan Cyprien\Wylan-Cyprien,fr FRA,MF,Parma,26-092,1995,4.6,2,0,0,6,7,0,3,3,6,0,0,0,36,Matches
Lennart-Marten Czyborra\Lennart-Marten-Czyborra,de GER,DF,Genoa,21-362,1999,13,2,0,0,11,4,0,17,12,7,0,0,0,85,Matches
Danilo D'Ambrosio\Danilo-DAmbrosio,it ITA,DF,Inter,32-233,1988,4.8,2,0,0,9,11,0,4,4,9,0,0,0,35,Matches
Bryan Dabo\Bryan-Dabo,bf BFA,MF,Benevento,29-071,1992,9,5,0,0,17,14,1,10,12,6,0,0,0,97,Matches
Diogo Dalot\Diogo-Dalot,pt POR,DF,Milan,22-043,1999,10.3,4,0,0,22,4,2,22,16,15,0,0,0,84,Matches
Mikkel Damsgaard\Mikkel-Damsgaard,dk DEN,MFFW,Sampdoria,20-301,2000,18,3,0,0,25,26,3,30,26,28,0,1,0,132,Matches
Danilo\Danilo,br BRA,DF,Juventus,29-289,1991,28.7,5,0,0,23,17,2,25,40,33,0,0,0,249,Matches
Andrea Danzi\Andrea-Danzi,it ITA,MFDF,Hellas Verona,22-064,1999,1.2,1,0,0,1,0,0,0,1,0,0,0,0,12,Matches
Matteo Darmian\Matteo-Darmian,it ITA,DF,Inter,31-149,1989,10.8,3,0,0,19,16,1,24,16,12,1,0,0,68,Matches
Matteo Darmian\Matteo-Darmian,it ITA,DF,Parma,31-149,1989,2.3,1,0,0,3,3,0,0,3,3,0,0,0,11,Matches
Pawe? Dawidowicz\Pawel-Dawidowicz,pl POL,DF,Hellas Verona,25-345,1995,18,6,0,0,29,6,1,5,25,27,0,0,0,208,Matches
Sebastien De Maio\Sebastien-De-Maio,fr FRA,DF,Udinese,34-056,1987,8.9,1,0,0,9,3,3,1,10,11,0,0,0,103,Matches
Rodrigo De Paul\Rodrigo-De-Paul,ar ARG,MF,Udinese,26-341,1994,30.8,4,2,1,32,111,1,101,14,28,0,0,0,246,Matches
Mattia De Sciglio\Mattia-De-Sciglio,it ITA,DF,Juventus,28-192,1992,0.3,0,0,0,1,0,0,1,0,0,0,0,0,0,Matches
Lorenzo De Silvestri\Lorenzo-De-Silvestri,it ITA,DF,Bologna,32-342,1988,21.1,4,0,0,36,15,1,28,22,14,0,0,0,165,Matches
Grégoire Defrel\Gregoire-Defrel,mq MTQ,FWMF,Sassuolo,29-317,1991,12.3,1,0,0,10,18,4,7,6,12,0,0,0,64,Matches
Alessandro Deiola\Alessandro-Deiola,it ITA,MF,Cagliari,25-272,1995,3.2,0,0,0,6,1,0,3,7,4,0,0,0,27,Matches
Alessandro Deiola\Alessandro-Deiola,it ITA,MF,Spezia,25-272,1995,4,1,0,0,6,5,0,3,2,6,0,0,0,34,Matches
Lorenzo Del Pinto\Lorenzo-Del-Pinto,it ITA,MF,Benevento,30-317,1990,0.1,0,0,0,0,0,0,0,0,0,0,0,0,1,Matches
Cristian Dell'Orco\Cristian-DellOrco,it ITA,DF,Spezia,27-079,1994,2.9,0,0,0,2,2,0,0,4,1,0,0,0,37,Matches
Merih Demiral\Merih-Demiral,tr TUR,DF,Juventus,23-056,1998,10.2,1,0,0,11,1,2,0,12,11,0,1,0,82,Matches
Diego Demme\Diego-Demme,de GER,MF,Napoli,29-160,1991,15.6,5,0,0,28,27,1,6,15,32,0,0,0,147,Matches
Stefano Denswil\Stefano-Denswil,nl NED,DF,Bologna,27-358,1993,1.3,0,0,0,0,2,0,0,1,2,0,0,0,11,Matches
Fabio Depaoli\Fabio-Depaoli,it ITA,DF,Atalanta,24-006,1997,2.1,0,0,0,5,1,0,1,1,1,0,0,0,9,Matches
Fabio Depaoli\Fabio-Depaoli,it ITA,MF,Sampdoria,24-006,1997,0.9,0,0,0,5,2,2,1,0,0,0,0,0,5,Matches
Fabio Depaoli\Fabio-Depaoli,it ITA,DF,Benevento,24-006,1997,10.1,2,0,0,12,4,1,10,13,10,0,0,1,55,Matches
Kastriot Dermaku\Kastriot-Dermaku,al ALB,DF,Parma,29-105,1992,1.1,0,0,0,2,2,0,0,1,0,0,0,0,7,Matches
Kiril Despodov\Kiril-Despodov,bg BUL,FW,Cagliari,24-170,1996,0.1,0,0,0,1,0,0,0,0,0,0,0,0,0,Matches
Mattia Destro\Mattia-Destro,it ITA,FW,Genoa,30-041,1991,16.1,5,0,0,37,33,22,4,1,7,0,0,0,58,Matches
Gerard Deulofeu\Gerard-Deulofeu,es ESP,FW,Udinese,27-048,1994,6.6,0,0,0,7,6,11,14,3,2,1,0,0,32,Matches
Jacopo Dezi\Jacopo-Dezi,it ITA,FWMF,Parma,29-079,1992,0.9,0,0,0,1,3,0,3,1,1,0,0,0,5,Matches
Samuel Di Carmine\Samuel-Di-Carmine,it ITA,FW,Crotone,32-222,1988,5.3,1,0,0,5,15,0,3,1,2,1,0,0,11,Matches
Samuel Di Carmine\Samuel-Di-Carmine,it ITA,FW,Hellas Verona,32-222,1988,5.6,1,0,0,16,20,6,5,0,0,0,0,0,21,Matches
Giovanni Di Lorenzo\Giovanni-Di-Lorenzo,it ITA,DF,Napoli,27-269,1993,31,11,0,0,45,51,3,54,29,50,1,1,0,190,Matches
Alessandro Di Pardo\Alessandro-Di-Pardo,it ITA,MFDF,Juventus,21-286,1999,0.2,0,0,0,0,1,0,1,0,0,0,0,0,1,Matches
Giuseppe Di Serio\Giuseppe-Di-Serio,it ITA,MFFW,Benevento,19-284,2001,2.1,1,0,0,11,15,2,2,1,2,0,0,0,13,Matches
Amad Diallo\Amad-Diallo,ci CIV,MF,Atalanta,18-293,2002,0.2,1,0,0,1,2,0,0,0,0,0,0,0,0,Matches
Amadou Diawara\Amadou-Diawara,gn GUI,MF,Roma,23-287,1997,7.3,4,1,1,17,4,0,0,9,12,0,0,0,80,Matches
Brahim Díaz\Brahim-Diaz,es ESP,MFFW,Milan,21-270,1999,10.8,1,0,0,9,23,1,7,6,18,1,0,0,67,Matches
Daan Dierckx\Daan-Dierckx,be BEL,DF,Parma,18-065,2003,2,0,0,0,2,0,0,0,2,4,0,0,0,6,Matches
Mitchell Dijks\Mitchell-Dijks,nl NED,DF,Bologna,28-080,1993,14.1,6,1,1,31,14,1,30,16,17,0,1,0,93,Matches
Federico Dimarco\Federico-Dimarco,it ITA,DF,Hellas Verona,23-171,1997,25.4,5,0,0,25,42,5,95,32,18,0,1,0,212,Matches
Koffi Djidji\Koffi-Djidji,ci CIV,DF,Crotone,28-151,1992,11.9,3,0,0,16,2,1,2,17,15,0,0,0,92,Matches
Berat Djimsiti\Berat-Djimsiti,al ALB,DF,Atalanta,28-070,1993,24.8,6,0,0,25,22,1,6,38,23,0,0,0,284,Matches
Nicolás Domínguez\Nicolas-Dominguez,ar ARG,MF,Bologna,22-306,1998,13.9,8,0,0,23,15,1,11,25,35,0,1,0,167,Matches
Gianluigi Donnarumma\Gianluigi-Donnarumma,it ITA,GK,Milan,22-064,1999,32,1,0,0,1,3,0,0,0,0,0,0,0,127,Matches
Bart?omiej Dr?gowski\Bartlomiej-Dragowski,pl POL,GK,Fiorentina,23-254,1997,32.5,0,0,0,1,3,0,0,0,0,0,1,0,155,Matches
Denis Dr?gu?\Denis-Dragus,ro ROU,FWMF,Crotone,21-298,1999,1.9,1,0,0,4,4,2,3,1,2,0,0,0,14,Matches
Radu Dr?gu?in\Radu-Dragusin,ro ROU,DF,Juventus,19-086,2002,0,0,0,0,2,1,0,0,0,0,0,0,0,0,Matches
Léo Duarte\Leo-Duarte,br BRA,DF,Milan,24-287,1996,0.2,0,0,0,0,0,0,0,0,1,0,0,0,0,Matches
Alfred Duncan\Alfred-Duncan,gh GHA,MF,Cagliari,28-051,1993,8.8,2,0,0,14,12,0,7,13,11,0,0,0,92,Matches
Alfred Duncan\Alfred-Duncan,gh GHA,MF,Fiorentina,28-051,1993,1.8,0,0,0,2,2,0,1,3,1,0,0,0,16,Matches
Paulo Dybala\Paulo-Dybala,ar ARG,FW,Juventus,27-166,1993,9.8,0,0,0,6,23,4,21,1,8,0,0,0,51,Matches
Edin Džeko\Edin-Dzeko,ba BIH,FW,Roma,35-044,1986,16.9,2,0,0,25,32,6,12,3,5,1,0,0,69,Matches
Steeve-Mike Ebongue\Steeve-Mike-Ebongue,fr FRA,MF,Genoa,20-069,2001,0.4,0,0,0,0,0,0,0,0,1,0,0,0,9,Matches
Simone Edera\Simone-Edera,it ITA,DFMF,Torino,24-111,1997,0.6,0,0,0,1,1,0,2,0,0,0,0,0,5,Matches
Albin Ekdal\Albin-Ekdal,se SWE,MF,Sampdoria,31-276,1989,22.2,8,0,0,42,48,0,3,32,43,0,1,0,274,Matches
Elif Elmas\Elif-Elmas,mk MKD,MFFW,Napoli,21-218,1999,7.8,3,0,0,10,7,1,4,4,9,0,0,0,45,Matches
Manu Emmanuel Gyabuaa\Manu-Emmanuel-Gyabuaa,it ITA,MF,Atalanta,19-221,2001,0,0,0,0,0,0,0,0,0,0,0,0,0,0,Matches
Alan Empereur\Alan-Empereur,br BRA,DF,Hellas Verona,27-051,1994,2.4,1,0,0,3,1,0,0,5,1,0,0,0,24,Matches
Christian Eriksen\Christian-Eriksen,dk DEN,MF,Inter,29-075,1992,13.1,0,0,0,11,3,1,24,8,7,0,0,0,116,Matches
Martin Erlic\Martin-Erlic,hr CRO,DF,Spezia,23-096,1998,18.8,6,0,0,36,12,0,1,25,17,0,0,0,210,Matches
Gonzalo Escalante\Gonzalo-Escalante,ar ARG,MF,Lazio,28-034,1993,7.4,5,0,0,14,6,0,0,7,17,0,0,0,100,Matches
Nahuel Estévez\Nahuel-Estevez,ar ARG,MF,Spezia,25-167,1995,16.4,6,0,0,27,19,0,47,25,9,0,0,0,147,Matches
Valentin Eysseric\Valentin-Eysseric,fr FRA,MFFW,Fiorentina,29-036,1992,7.3,2,0,0,11,8,0,14,8,10,0,0,0,56,Matches
Nicolò Fagioli\Nicolo-Fagioli,it ITA,MF,Juventus,20-077,2001,0.2,0,0,0,1,2,0,0,0,0,0,0,0,2,Matches
Iago Falque\Iago-Falque,es ESP,MFFW,Benevento,31-116,1990,3.4,0,0,0,0,3,0,13,3,2,0,0,0,34,Matches
Andri Fannar Baldursson\Andri-Fannar-Baldursson,is ISL,MF,Bologna,19-110,2002,2.3,2,0,0,8,3,1,0,1,3,0,0,0,19,Matches
Paolo Faragò\Paolo-Farago,it ITA,DFMF,Cagliari,28-077,1993,4.1,2,0,0,7,2,0,7,9,3,0,0,0,30,Matches
Davide Faraoni\Davide-Faraoni,it ITA,DF,Hellas Verona,29-187,1991,27.8,7,0,0,42,31,8,48,48,33,0,0,0,262,Matches
Mohamed Fares\Mohamed-Fares,dz ALG,DF,Lazio,25-074,1996,9.7,4,0,0,22,6,2,34,7,8,0,1,0,73,Matches
Diego Farias\Diego-Farias,br BRA,FW,Spezia,30-355,1990,15.2,3,0,0,15,13,2,22,10,7,0,0,0,62,Matches
Andrea Favilli\Andrea-Favilli,it ITA,FW,Hellas Verona,23-348,1997,3.8,1,0,0,14,8,9,0,0,3,0,0,0,13,Matches
Federico Fazio\Federico-Fazio,ar ARG,DF,Roma,34-044,1987,4.5,2,0,0,6,3,0,2,5,4,0,1,0,44,Matches
Luiz Felipe\Luiz-Felipe,br BRA,DF,Lazio,24-039,1997,8.3,3,0,0,11,6,1,1,18,24,0,0,0,75,Matches
Alex Ferrari\Alex-Ferrari,it ITA,DF,Sampdoria,26-303,1994,8.9,3,0,0,9,7,0,4,14,20,0,0,0,79,Matches
Salvador Ferrer\Salvador-Ferrer,es ESP,DF,Spezia,23-099,1998,11.2,4,0,0,13,7,0,46,18,8,,,0,,Matches
Fernando Forestieri\Fernando-Forestieri,it ITA,FWMF,Udinese,31-105,1990,4.7,1,0,0,10,18,4,9,1,5,0,0,0,40,Matches
Daam Foulon\Daam-Foulon,be BEL,DF,Benevento,22-038,1999,10.7,4,0,0,15,21,0,19,6,8,0,0,1,58,Matches
Gianluca Frabotta\Gianluca-Frabotta,it ITA,DF,Juventus,21-310,1999,7.7,5,0,0,12,2,0,31,12,6,0,0,0,64,Matches
Remo Freuler\Remo-Freuler,ch SUI,MF,Atalanta,29-015,1992,25.8,4,0,0,35,26,1,16,46,49,0,0,0,341,Matches
Matteo Gabbia\Matteo-Gabbia,it ITA,DF,Milan,21-191,1999,6.2,2,0,0,5,5,0,0,5,4,0,0,0,66,Matches
Manolo Gabbiadini\Manolo-Gabbiadini,it ITA,FWMF,Sampdoria,29-155,1991,6.6,1,0,0,9,15,3,5,2,1,0,0,0,30,Matches
Roberto Gagliardini\Roberto-Gagliardini,it ITA,MF,Inter,27-023,1994,12,2,0,0,19,14,0,11,13,13,0,0,0,72,Matches
Riccardo Gagliolo\Riccardo-Gagliolo,se SWE,DF,Parma,31-002,1990,19.7,5,0,0,26,32,0,34,26,27,0,0,0,153,Matches
Adolfo Gaich\Adolfo-Gaich,ar ARG,FW,Benevento,22-083,1999,6.8,0,0,0,19,12,2,2,2,3,0,1,0,23,Matches
Andrey Galabinov\Andrey-Galabinov,bg BUL,FW,Spezia,32-154,1988,4.8,0,0,0,5,4,3,1,0,1,0,0,0,17,Matches
Gervinho\Gervinho,ci CIV,FW,Parma,33-338,1987,19.9,0,0,0,8,12,16,18,12,4,0,0,0,81,Matches
Paolo Ghiglione\Paolo-Ghiglione,it ITA,DFMF,Genoa,24-087,1997,13.5,4,0,0,18,10,3,49,14,13,0,0,0,79,Matches
Faouzi Ghoulam\Faouzi-Ghoulam,dz ALG,DFFW,Napoli,30-088,1991,3.2,1,0,0,2,7,1,19,2,1,0,0,0,26,Matches
Kamil Glik\Kamil-Glik,pl POL,DF,Benevento,33-086,1988,30.6,9,1,1,26,18,0,0,29,24,0,0,1,213,Matches
Diego Godín\Diego-Godin,uy URU,DF,Cagliari,35-073,1986,23.9,2,0,0,22,24,2,5,41,27,0,0,0,243,Matches
Amer Gojak\Amer-Gojak,ba BIH,MFFW,Torino,24-076,1997,5.3,1,0,0,12,9,3,15,4,4,0,0,0,33,Matches
Edoardo Goldaniga\Edoardo-Goldaniga,it ITA,DF,Genoa,27-179,1993,16.6,8,0,0,23,24,1,19,21,16,0,0,0,123,Matches
Vladimir Golemi?\Vladimir-Golemic,si SVN,DF,Crotone,29-306,1991,23.8,4,0,0,31,9,0,4,25,16,0,2,0,200,Matches
Pierluigi Gollini\Pierluigi-Gollini,it ITA,GK,Atalanta,26-043,1995,20.7,0,0,0,0,4,0,0,1,0,0,0,0,90,Matches
Tomislav Gomelt\Tomislav-Gomelt,hr CRO,MF,Crotone,26-113,1995,0.2,0,0,0,0,0,0,0,0,2,0,0,0,2,Matches
Papu Gómez\Papu-Gomez,ar ARG,FWMF,Atalanta,33-074,1988,7.4,0,0,0,10,19,0,6,3,4,0,0,0,64,Matches
Robin Gosens\Robin-Gosens,de GER,DF,Atalanta,26-299,1994,23.8,9,1,1,42,22,8,50,38,26,0,0,1,191,Matches
Alberto Grassi\Alberto-Grassi,it ITA,MFDF,Parma,26-054,1995,11.5,2,0,0,12,24,1,7,21,12,0,0,1,99,Matches
Koray Günter\Koray-Gunter,de GER,DF,Hellas Verona,26-257,1994,15.7,2,0,0,26,9,0,1,41,14,0,1,0,211,Matches
Emmanuel Gyasi\Emmanuel-Gyasi,gh GHA,FW,Spezia,27-109,1994,28.5,4,0,0,58,44,26,40,20,18,1,0,0,141,Matches
Achraf Hakimi\Achraf-Hakimi,ma MAR,DF,Inter,22-177,1998,25.6,6,0,0,29,29,7,91,19,25,1,0,0,144,Matches
Samir Handanovi?\Samir-Handanovic,si SVN,GK,Inter,36-290,1984,33,1,0,0,0,2,0,0,0,0,0,0,1,101,Matches
Lukáš Haraslín\Lukas-Haraslin,sk SVK,FWMF,Sassuolo,24-339,1996,3.5,1,1,0,7,15,1,7,2,5,1,1,0,17,Matches
Hans Hateboer\Hans-Hateboer,nl NED,DF,Atalanta,27-111,1994,16.3,2,0,0,16,8,2,21,10,11,0,1,0,93,Matches
Eduardo Henrique\Eduardo-Henrique,br BRA,MF,Crotone,25-348,1995,9.8,4,0,0,18,13,1,1,9,2,0,0,0,83,Matches
Theo Hernández\Theo-Hernandez,fr FRA,DF,Milan,23-206,1997,28,9,0,0,34,71,5,43,41,37,1,0,0,246,Matches
Hernani\Hernani,br BRA,MF,Parma,27-034,1994,20.4,9,0,0,41,20,1,30,14,25,0,0,0,163,Matches
Përparim Hetemaj\Perparim-Hetemaj,fi FIN,MF,Benevento,34-139,1986,21,4,0,0,38,63,1,30,29,30,0,0,0,182,Matches
Aaron Hickey\Aaron-Hickey,sco SCO,DF,Bologna,18-324,2002,8.4,3,1,0,12,15,0,6,12,6,0,0,0,79,Matches
Wesley Hoedt\Wesley-Hoedt,nl NED,DF,Lazio,27-055,1994,9.6,6,0,0,11,2,0,0,9,13,0,2,0,104,Matches
Elseid Hysaj\Elseid-Hysaj,al ALB,DF,Napoli,27-069,1994,15.2,0,0,0,10,16,0,9,27,13,0,1,0,131,Matches
Simone Iacoponi\Simone-Iacoponi,it ITA,DF,Parma,34-000,1987,13.3,3,1,0,15,14,2,7,7,16,0,0,2,103,Matches
Roger Ibanez\Roger-Ibanez,br BRA,DF,Roma,22-158,1998,25.4,7,1,1,52,30,0,3,56,47,0,1,1,257,Matches
Zlatan Ibrahimovi?\Zlatan-Ibrahimovic,se SWE,FW,Milan,39-209,1981,14.9,2,1,0,29,21,37,12,6,5,2,0,0,57,Matches
Igor\Igor,br BRA,DF,Fiorentina,23-082,1998,11.4,4,0,0,18,5,1,2,25,10,0,1,0,94,Matches
Ivan Ili?\Ivan-Ilic,rs SRB,MF,Hellas Verona,20-044,2001,16.1,0,0,0,15,20,0,10,26,11,0,0,0,212,Matches
Josip Ili?i?\Josip-Ilicic,si SVN,FWMF,Atalanta,33-091,1988,16.1,1,0,0,19,70,7,57,6,3,2,0,0,95,Matches
Ciro Immobile\Ciro-Immobile,it ITA,FW,Lazio,31-069,1990,26.7,4,1,0,32,38,25,17,4,9,1,0,0,130,Matches
Riccardo Improta\Riccardo-Improta,it ITA,DFMF,Benevento,27-132,1993,22.2,7,0,0,23,47,2,54,28,22,0,0,1,147,Matches
Roberto Inglese\Roberto-Inglese,it ITA,FW,Parma,29-169,1991,6.4,2,0,0,14,10,8,3,1,4,0,0,0,23,Matches
Lorenzo Insigne\Lorenzo-Insigne,it ITA,FW,Napoli,29-330,1991,26.8,2,1,0,8,34,10,56,34,11,0,0,0,179,Matches
Roberto Insigne\Roberto-Insigne,it ITA,MFFW,Benevento,26-354,1994,15.7,2,0,0,10,14,3,24,7,6,0,0,0,98,Matches
Artur Ioni??\Artur-Ionita,md MDA,MF,Benevento,30-256,1990,28.9,5,0,0,54,24,1,17,27,33,2,0,0,225,Matches
Ardian Ismajli\Ardian-Ismajli,al ALB,DF,Spezia,24-212,1996,11.4,3,1,1,14,10,0,1,17,11,0,0,0,105,Matches
Armando Izzo\Armando-Izzo,it ITA,DF,Torino,29-059,1992,18.9,3,0,0,34,34,1,10,47,21,0,1,0,175,Matches
Mato Jajalo\Mato-Jajalo,ba BIH,MF,Udinese,32-340,1988,0.4,0,0,0,0,1,0,0,0,2,0,0,0,4,Matches
Jakub Jankto\Jakub-Jankto,cz CZE,MF,Sampdoria,25-101,1996,23,6,0,0,10,25,7,51,16,9,0,1,0,164,Matches
Juan Jesus\Juan-Jesus,br BRA,DF,Roma,29-324,1991,1.2,0,0,0,3,0,0,0,0,1,0,0,0,11,Matches
Hamed Junior Traorè\Hamed-Junior-Traore,ci CIV,FWMF,Sassuolo,21-073,2000,17,6,0,0,21,16,4,22,15,20,0,0,0,103,Matches
Musa Juwara\Musa-Juwara,gm GAM,DF,Bologna,19-125,2001,0.4,1,0,0,1,1,0,2,0,0,0,0,0,4,Matches
Nikola Kalini?\Nikola-Kalinic,hr CRO,FW,Hellas Verona,33-115,1988,8,0,0,0,17,19,8,2,0,1,0,0,0,22,Matches
Pierre Kalulu\Pierre-Kalulu,fr FRA,DF,Milan,20-329,2000,8.1,1,0,0,9,2,0,12,15,13,0,1,0,79,Matches
Yann Karamoh\Yann-Karamoh,fr FRA,FWMF,Parma,22-296,1998,14.4,3,0,0,14,13,8,20,7,20,1,0,0,79,Matches
Isaac Karamoko\Isaac-Karamoko,fr FRA,DF,Sassuolo,18-339,2002,0,0,0,0,0,0,0,0,0,0,0,0,0,0,Matches
Augustus Kargbo\Augustus-Kargbo,sl SLE,FW,Crotone,21-249,1999,0.4,0,0,0,0,1,0,0,0,1,0,0,0,2,Matches
Rick Karsdorp\Rick-Karsdorp,nl NED,DF,Roma,26-078,1995,24.1,1,0,0,30,11,3,40,30,26,0,0,0,162,Matches
Franck Kessié\Franck-Kessie,ci CIV,MF,Milan,24-132,1996,30.8,8,0,0,59,31,1,14,31,36,1,1,0,312,Matches
Omar Khailoti\Omar-Khailoti,it ITA,DF,Bologna,19-237,2001,0.3,0,0,0,0,0,0,0,0,0,0,0,0,3,Matches
Giorgos Kiriakopoulos\Giorgos-Kiriakopoulos,gr GRE,DF,Sassuolo,25-084,1996,13.7,1,0,0,12,5,2,41,11,23,0,0,0,104,Matches
Simon Kjær\Simon-Kjaer,dk DEN,DF,Milan,32-035,1989,22.6,2,0,0,23,9,1,1,31,18,0,0,0,188,Matches
Ragnar Klavan\Ragnar-Klavan,ee EST,DF,Cagliari,35-182,1985,7.5,1,0,0,8,1,0,0,6,5,0,1,0,67,Matches
Justin Kluivert\Justin-Kluivert,nl NED,FWMF,Roma,21-360,1999,0.2,0,0,0,1,0,0,2,0,0,0,0,0,5,Matches
Aleksandr Kokorin\Aleksandr-Kokorin,ru RUS,FWMF,Fiorentina,30-042,1991,0.9,1,0,0,1,0,0,0,1,0,0,0,0,5,Matches
Aleksandar Kolarov\Aleksandar-Kolarov,rs SRB,DF,Inter,35-171,1985,4.3,0,0,0,3,4,0,8,2,5,0,1,0,63,Matches
Christian Kouamé\Christian-Kouame,ci CIV,FW,Fiorentina,23-145,1997,10.1,4,0,0,23,29,5,5,3,10,0,0,0,46,Matches
Kalidou Koulibaly\Kalidou-Koulibaly,sn SEN,DF,Napoli,29-314,1991,23.5,10,1,1,27,9,0,6,29,29,0,0,0,208,Matches
Viktor Kovalenko\Viktor-Kovalenko,ua UKR,FW,Atalanta,25-075,1996,0,0,0,0,0,0,0,0,0,0,0,0,0,0,Matches
Rade Kruni?\Rade-Krunic,ba BIH,MFFW,Milan,27-205,1993,7.2,2,0,0,10,18,2,2,4,13,0,1,0,54,Matches
Juraj Kucka\Juraj-Kucka,sk SVK,MFFW,Parma,34-063,1987,24.1,7,0,0,63,68,4,13,25,39,0,0,0,172,Matches
Dejan Kulusevski\Dejan-Kulusevski,se SWE,FWMF,Juventus,21-005,2000,18.1,6,0,0,32,25,3,40,9,20,0,0,0,123,Matches
Marash Kumbulla\Marash-Kumbulla,al ALB,DF,Roma,21-081,2000,10.9,5,0,0,21,9,0,1,11,6,0,0,0,79,Matches
Jasmin Kurti?\Jasmin-Kurtic,si SVN,MF,Parma,32-110,1989,26.8,4,0,0,38,33,3,47,28,30,0,0,0,211,Matches
Antonino La Gumina\Antonino-La-Gumina,it ITA,FW,Sampdoria,25-055,1996,3.8,0,0,0,5,6,2,4,4,3,0,0,0,13,Matches
Sam Lammers\Sam-Lammers,nl NED,FWMF,Atalanta,24-000,1997,2.8,0,0,0,5,3,2,0,0,3,0,0,0,16,Matches
Gianluca Lapadula\Gianluca-Lapadula,pe PER,FW,Benevento,31-082,1990,24.3,2,0,0,40,55,26,15,7,17,3,0,0,103,Matches
Danilo Larangeira\Danilo-Larangeira,br BRA,DF,Bologna,36-355,1984,31.8,8,0,0,33,14,1,3,41,21,0,1,0,305,Matches
Kevin Lasagna\Kevin-Lasagna,it ITA,FW,Udinese,28-263,1992,12.3,1,0,0,20,11,9,10,7,3,0,0,0,54,Matches
Kevin Lasagna\Kevin-Lasagna,it ITA,FW,Hellas Verona,28-263,1992,12.3,0,0,0,24,19,20,7,4,0,0,0,0,41,Matches
Vincent Laurini\Vincent-Laurini,fr FRA,DF,Parma,31-324,1989,6.9,1,0,0,9,14,0,11,12,8,0,0,0,46,Matches
Darko Lazovi?\Darko-Lazovic,rs SRB,DF,Hellas Verona,30-227,1990,22.8,3,0,0,9,3,7,80,18,17,0,0,0,203,Matches
Manuel Lazzari\Manuel-Lazzari,it ITA,DF,Lazio,27-152,1993,23.4,2,1,0,24,39,2,80,22,10,0,0,1,134,Matches
Rafael Leão\Rafael-Leao,pt POR,FW,Milan,21-324,1999,18.9,5,0,0,27,20,3,28,3,6,1,0,0,69,Matches
Lucas Leiva\Lucas-Leiva,br BRA,MF,Lazio,34-111,1987,19.7,8,0,0,40,19,0,5,41,40,0,0,0,271,Matches
Lukas Lerager\Lukas-Lerager,dk DEN,MF,Genoa,27-292,1993,12.9,0,0,0,16,16,3,2,14,20,0,0,0,135,Matches
Mehdi Léris\Mehdi-Leris,fr FRA,MFDF,Sampdoria,22-342,1998,2.6,0,0,0,10,2,0,10,8,8,0,0,0,36,Matches
Gaetano Letizia\Gaetano-Letizia,it ITA,DF,Benevento,30-305,1990,15,2,0,0,14,14,0,44,16,24,0,0,0,134,Matches
Matthijs de Ligt\Matthijs-de-Ligt,nl NED,DF,Juventus,21-261,1999,20.2,4,0,0,34,17,1,4,19,16,0,0,0,186,Matches
Karol Linetty\Karol-Linetty,pl POL,MF,Torino,26-087,1995,19.3,4,0,0,30,27,1,6,15,29,0,0,0,159,Matches
Pol Lirola\Pol-Lirola,es ESP,DFFW,Fiorentina,23-260,1997,5.5,3,0,0,4,3,1,20,5,5,0,0,0,39,Matches
Fernando Llorente\Fernando-Llorente,es ESP,FW,Udinese,36-063,1985,7.4,2,0,0,20,11,3,0,4,2,0,0,0,33,Matches
Fernando Llorente\Fernando-Llorente,es ESP,FWMF,Napoli,36-063,1985,0.6,0,0,0,3,1,0,1,0,0,0,0,0,3,Matches
Stanislav Lobotka\Stanislav-Lobotka,sk SVK,MF,Napoli,26-156,1994,1.7,2,0,0,5,2,0,0,1,1,0,0,0,15,Matches
Manuel Locatelli\Manuel-Locatelli,it ITA,MF,Sassuolo,23-112,1998,27.1,8,0,0,46,40,0,30,39,43,1,1,0,294,Matches
Maxime Lopez\Maxime-Lopez,fr FRA,MF,Sassuolo,23-147,1997,17.8,7,0,0,21,19,0,11,22,15,0,0,0,118,Matches
Pau López\Pau-Lopez,es ESP,GK,Roma,26-138,1994,20.2,0,0,0,0,1,0,0,0,0,0,0,0,97,Matches
Matteo Lovato\Matteo-Lovato,it ITA,DF,Hellas Verona,21-075,2000,15.2,5,0,0,26,9,0,3,19,18,0,1,0,187,Matches
Hirving Lozano\Hirving-Lozano,mx MEX,FW,Napoli,25-274,1995,19.2,5,0,0,31,62,10,62,13,18,1,0,0,100,Matches
José Luis Palomino\Jose-Luis-Palomino,ar ARG,DF,Atalanta,31-115,1990,24.6,3,0,0,46,15,2,12,70,41,0,1,0,311,Matches
Romelu Lukaku\Romelu-Lukaku,be BEL,FW,Inter,27-352,1993,28.7,4,0,0,29,43,18,22,2,3,0,0,0,75,Matches
Saša Luki?\Sasa-Lukic,rs SRB,MF,Torino,24-260,1996,20.3,4,0,0,39,32,2,21,13,23,1,0,0,147,Matches
Senad Luli?\Senad-Lulic,ba BIH,DF,Lazio,35-102,1986,4.6,1,0,0,9,2,0,13,6,7,0,0,0,41,Matches
Sebastiano Luperto\Sebastiano-Luperto,it ITA,DF,Crotone,24-236,1996,20.9,5,1,1,28,19,0,0,18,19,0,0,0,164,Matches
Lyanco\Lyanco,br BRA,DF,Torino,24-088,1997,20.3,8,0,0,23,13,0,4,47,10,0,0,0,221,Matches
Charalambos Lykogiannis\Charalambos-Lykogiannis,gr GRE,DF,Cagliari,27-190,1993,22.3,9,2,2,26,20,1,57,22,14,0,1,0,161,Matches
Lisandro Magallán\Lisandro-Magallan,ar ARG,DF,Crotone,27-215,1993,20.2,8,0,0,53,12,0,1,29,38,0,1,0,192,Matches
Christian Maggio\Christian-Maggio,it ITA,DF,Benevento,39-078,1982,3.3,2,0,0,6,7,0,3,2,5,0,0,0,26,Matches
Giulio Maggiore\Giulio-Maggiore,it ITA,MF,Spezia,23-049,1998,20.7,2,0,0,45,34,2,20,23,36,0,0,0,155,Matches
Francesco Magnanelli\Francesco-Magnanelli,it ITA,MF,Sassuolo,36-169,1984,4.9,2,0,0,5,6,0,1,5,8,0,0,0,68,Matches
Giangiacomo Magnani\Giangiacomo-Magnani,it ITA,DF,Hellas Verona,25-208,1995,15.4,8,0,0,42,26,0,1,41,9,0,0,1,174,Matches
Jean-Victor Makengo\Jean-Victor-Makengo,fr FRA,MF,Udinese,22-322,1998,4,1,0,0,8,4,0,2,2,7,0,0,0,34,Matches
Nikola Maksimovi?\Nikola-Maksimovic,rs SRB,DF,Napoli,29-156,1991,13.4,1,0,0,6,6,0,1,16,6,0,0,1,137,Matches
Kévin Malcuit\Kevin-Malcuit,ma MAR,DF,Fiorentina,29-273,1991,2.3,0,0,0,4,1,0,6,2,2,0,0,0,17,Matches
Kévin Malcuit\Kevin-Malcuit,ma MAR,MFFW,Napoli,29-273,1991,0.4,0,0,0,0,0,0,0,2,0,0,0,0,2,Matches
Daniel Maldini\Daniel-Maldini,it ITA,FWMF,Milan,19-201,2001,0.3,0,0,0,4,1,0,1,0,0,0,0,0,5,Matches
Ruslan Malinovskyi\Ruslan-Malinovskyi,ua UKR,FWMF,Atalanta,27-361,1993,16.9,3,0,0,38,43,1,23,3,13,0,0,0,128,Matches
Dennis Man\Dennis-Man,ro ROU,FWMF,Parma,22-247,1998,7.8,1,0,0,6,7,0,9,6,4,0,0,0,55,Matches
Gianluca Mancini\Gianluca-Mancini,it ITA,DF,Roma,25-013,1996,27.7,9,0,0,61,24,2,10,63,38,0,1,0,204,Matches
Rolando Mandragora\Rolando-Mandragora,it ITA,MF,Torino,23-305,1997,11.9,4,1,1,26,24,1,7,13,12,0,0,0,146,Matches
Rolando Mandragora\Rolando-Mandragora,it ITA,MF,Udinese,23-305,1997,4.4,0,0,0,5,4,1,3,3,5,0,1,0,37,Matches
Mario Mandžuki?\Mario-Mandzukic,hr CRO,FW,Milan,34-344,1986,2.1,0,0,0,7,2,2,1,1,4,0,0,0,8,Matches
Kostas Manolas\Kostas-Manolas,gr GRE,DF,Napoli,29-320,1991,20.5,5,0,0,18,9,1,2,15,14,1,1,0,153,Matches
Juan Manuel Ramos\Juan-Manuel-Ramos,uy URU,DF,Spezia,24-140,1996,3,1,0,0,3,2,0,2,0,1,0,0,0,22,Matches
Federico Marchetti\Federico-Marchetti,it ITA,GK,Genoa,38-082,1983,2.7,0,0,0,0,0,0,0,0,0,0,0,0,8,Matches
Riccardo Marchizza\Riccardo-Marchizza,it ITA,DF,Spezia,23-035,1998,14.3,4,0,0,16,12,3,32,15,12,0,1,0,120,Matches
Gian Marco Ferrari\Gian-Marco-Ferrari,it ITA,DF,Sassuolo,29-074,1992,29,6,0,0,38,30,0,3,31,24,1,0,0,254,Matches
R?zvan Marin\Razvan-Marin,ro ROU,MF,Cagliari,24-342,1996,29.4,5,0,0,45,21,3,39,23,44,0,0,0,265,Matches
Marlon\Marlon,br BRA,DF,Sassuolo,25-235,1995,17.5,3,0,0,20,7,0,0,21,17,0,1,0,138,Matches
Luca Marrone\Luca-Marrone,it ITA,DF,Crotone,31-033,1990,15.1,6,0,0,29,11,0,0,11,18,0,1,1,163,Matches
Lucas Martínez Quarta\Lucas-Martinez-Quarta,ar ARG,DF,Fiorentina,24-355,1996,15.5,4,1,0,20,9,0,3,35,28,0,1,0,120,Matches
Lautaro Martínez\Lautaro-Martinez,ar ARG,FW,Inter,23-251,1997,24.9,3,0,0,55,49,11,16,26,15,2,0,0,117,Matches
Adam Maruši?\Adam-Marusic,me MNE,DF,Lazio,28-195,1992,28.2,3,0,0,15,14,4,43,42,22,0,1,0,197,Matches
Andrea Masiello\Andrea-Masiello,it ITA,DF,Genoa,35-084,1986,24,5,0,0,12,12,1,5,29,17,0,1,0,225,Matches
Giuseppe Mastinu\Giuseppe-Mastinu,it ITA,FW,Spezia,29-203,1991,0.4,0,0,0,1,1,0,0,1,1,0,0,0,4,Matches
Ryder Matos\Ryder-Matos,br BRA,MF,Udinese,28-062,1993,0.1,0,0,0,1,2,0,2,0,0,0,0,0,0,Matches
Federico Mattiello\Federico-Mattiello,it ITA,DF,Spezia,25-290,1995,0.4,0,0,0,0,1,0,1,1,0,0,0,0,7,Matches
Borja Mayoral\Borja-Mayoral,es ESP,FW,Roma,24-025,1997,14.8,1,0,0,10,25,10,7,3,5,1,0,0,35,Matches
Antonio Mazzotta\Antonio-Mazzotta,it ITA,DF,Crotone,31-271,1989,0.6,1,0,0,2,0,0,1,0,0,0,0,0,1,Matches
Ibrahima Mbaye\Ibrahima-Mbaye,sn SEN,DF,Bologna,26-162,1994,4.8,2,0,0,3,5,1,2,2,3,0,0,0,36,Matches
Weston McKennie\Weston-McKennie,us USA,MF,Juventus,22-245,1998,16.1,4,0,0,32,7,4,15,20,27,0,0,0,110,Matches
Gary Medel\Gary-Medel,cl CHI,DFMF,Bologna,33-270,1987,5.1,0,0,0,4,5,0,0,9,6,0,0,0,62,Matches
Soualiho Meïté\Soualiho-Meite,fr FRA,MF,Milan,27-044,1994,5.3,2,0,0,10,11,2,2,7,9,0,0,0,56,Matches
Soualiho Meïté\Soualiho-Meite,fr FRA,MF,Torino,27-044,1994,10.2,0,0,0,11,9,1,3,10,6,0,0,0,82,Matches
Filippo Melegoni\Filippo-Melegoni,it ITA,MF,Genoa,22-071,1999,2.5,0,0,0,1,5,0,4,5,3,0,0,0,15,Matches
Arthur Melo\Arthur-Melo,br BRA,MF,Juventus,24-261,1996,11.8,3,0,0,10,20,0,0,15,13,0,0,0,124,Matches
Alex Meret\Alex-Meret,it ITA,GK,Napoli,24-039,1997,17,0,0,0,0,1,0,0,0,0,0,0,0,72,Matches
Y?ld?r?m Mert Çetin\Yildirim-Mert-Cetin,tr TUR,DF,Hellas Verona,24-119,1997,4.6,1,0,0,6,4,0,1,13,4,0,0,0,61,Matches
Dries Mertens\Dries-Mertens,be BEL,FWMF,Napoli,33-359,1987,15.4,2,0,0,16,9,5,32,8,15,0,0,0,67,Matches
Junior Messias\Junior-Messias,br BRA,FWMF,Crotone,29-352,1991,31.7,6,0,0,31,84,5,56,28,37,1,0,0,212,Matches
Valentin Mihaila\Valentin-Mihaila,ro ROU,FWMF,Parma,21-087,2000,7.8,2,0,0,5,8,5,12,4,3,1,0,0,37,Matches
Nikola Milenkovi?\Nikola-Milenkovic,rs SRB,DF,Fiorentina,23-200,1997,29.7,5,1,0,50,15,0,3,28,38,0,0,0,308,Matches
Sergej Milinkovi?-Savi?\Sergej-Milinkovic-Savic,rs SRB,MF,Lazio,26-062,1995,27.7,4,0,0,53,47,9,40,31,38,2,2,0,230,Matches
Vanja Milinkovi?-Savi?\Vanja-Milinkovic-Savic,rs SRB,GK,Torino,24-069,1997,5,0,1,0,0,2,0,0,0,1,0,0,0,28,Matches
Vincenzo Millico\Vincenzo-Millico,it ITA,FWMF,Torino,20-261,2000,0.2,0,0,0,0,0,0,0,0,0,0,0,0,2,Matches
Aleksei Miranchuk\Aleksei-Miranchuk,ru RUS,MFFW,Atalanta,25-195,1995,5.8,0,0,0,15,11,2,8,5,8,0,0,0,62,Matches
Antonio Mirante\Antonio-Mirante,it ITA,GK,Roma,37-296,1983,12.8,2,0,0,0,2,0,0,0,0,0,0,0,83,Matches
Henrikh Mkhitaryan\Henrikh-Mkhitaryan,am ARM,FWMF,Roma,32-099,1989,25.5,2,0,0,31,41,9,35,31,30,1,0,0,185,Matches
Johan Mojica\Johan-Mojica,co COL,DFFW,Atalanta,28-252,1992,3.3,1,0,0,4,1,0,13,2,5,0,1,0,40,Matches
Nahuel Molina\Nahuel-Molina,ar ARG,DF,Udinese,23-149,1997,15.3,1,0,0,13,9,3,56,21,18,0,2,0,111,Matches
Salvatore Molina\Salvatore-Molina,it ITA,MFDF,Crotone,29-119,1992,20.7,1,0,0,20,37,0,40,18,20,0,0,0,189,Matches
Gabriele Moncini\Gabriele-Moncini,it ITA,FW,Benevento,25-004,1996,4,0,0,0,9,10,2,0,2,1,0,0,0,12,Matches
Cristóbal Montiel Rodríguez\Cristobal-Montiel-Rodriguez,es ESP,DFFW,Fiorentina,21-019,2000,0,0,0,0,0,1,0,0,0,0,0,0,0,1,Matches
Lorenzo Montipò\Lorenzo-Montipo,it ITA,GK,Benevento,25-069,1996,33,3,0,0,3,6,0,0,0,0,0,2,1,142,Matches
Luca Mora\Luca-Mora,it ITA,MF,Spezia,32-355,1988,1.3,0,0,0,2,2,0,1,1,3,0,0,0,5,Matches
Álvaro Morata\Alvaro-Morata,es ESP,FW,Juventus,28-189,1992,19.9,2,1,0,34,41,19,24,9,11,1,0,0,78,Matches
Mert Müldür\Mert-Muldur,tr TUR,DF,Sassuolo,22-027,1999,17,2,0,0,19,14,0,33,21,17,0,0,0,128,Matches
Luis Muriel\Luis-Muriel,co COL,FW,Atalanta,30-014,1991,13.9,0,0,0,18,18,3,34,7,11,0,0,0,84,Matches
Vedat Muriqi\Vedat-Muriqi,xk KVX,FW,Lazio,27-006,1994,5.8,1,0,0,8,15,9,3,0,3,0,0,0,28,Matches
Nicola Murru\Nicola-Murru,it ITA,DF,Torino,26-135,1994,6.3,0,0,0,12,12,0,21,6,10,0,0,0,53,Matches
Mateo Musacchio\Mateo-Musacchio,ar ARG,DF,Milan,30-247,1990,0.4,0,0,0,1,0,0,0,1,0,0,0,0,4,Matches
Mateo Musacchio\Mateo-Musacchio,ar ARG,DF,Lazio,30-247,1990,2.5,2,0,0,3,4,0,0,4,0,0,0,0,14,Matches
Juan Musso\Juan-Musso,ar ARG,GK,Udinese,26-359,1994,31,5,0,0,3,3,0,0,0,0,0,3,0,152,Matches
Joakim Mæhle\Joakim-Maehle,dk DEN,DF,Atalanta,23-345,1997,11.6,0,0,0,8,11,0,31,10,11,0,0,0,84,Matches
Radja Nainggolan\Radja-Nainggolan,be BEL,MF,Inter,32-361,1988,0.5,0,0,0,1,0,0,0,0,2,0,0,0,3,Matches
Radja Nainggolan\Radja-Nainggolan,be BEL,MF,Cagliari,32-361,1988,16.4,5,0,0,17,15,0,47,22,28,0,0,0,182,Matches
Nahitan Nández\Nahitan-Nandez,uy URU,MFDF,Cagliari,25-123,1995,25.9,8,1,0,33,56,7,71,24,29,0,0,0,197,Matches
Ilija Nestorovski\Ilija-Nestorovski,mk MKD,FW,Udinese,31-049,1990,7.8,1,0,0,16,16,5,4,4,3,0,0,0,40,Matches
Nicolas Nkoulou\Nicolas-Nkoulou,cm CMR,DF,Torino,31-034,1990,11.5,4,0,0,8,16,0,0,27,7,0,2,0,105,Matches
Bram Nuytinck\Bram-Nuytinck,nl NED,DF,Udinese,30-361,1990,16.2,1,0,0,7,5,0,3,20,12,0,0,0,99,Matches
Simeon Nwankwo\Simeon-Nwankwo,ng NGA,FW,Crotone,28-358,1992,27.7,1,0,0,39,35,18,5,3,8,0,0,0,107,Matches
M'Bala Nzola\MBala-Nzola,ao ANG,FW,Spezia,24-255,1996,18.1,4,0,0,43,20,23,2,6,7,0,1,0,87,Matches
Pedro Obiang\Pedro-Obiang,gq EQG,MF,Sassuolo,29-034,1992,14.7,3,1,0,19,18,0,4,13,23,0,0,0,129,Matches
Brain Oddei\Brain-Oddei,it ITA,MFFW,Sassuolo,18-224,2002,0.5,0,0,0,0,1,0,6,1,2,0,0,0,5,Matches
Stefano Okaka\Stefano-Okaka,it ITA,FW,Udinese,31-264,1989,12.3,1,0,0,32,24,9,4,4,7,0,0,0,39,Matches
Christian Oliva\Christian-Oliva,uy URU,MF,Cagliari,24-333,1996,4.3,2,0,0,7,5,0,2,5,4,0,0,0,42,Matches
Maximiliano Olivera\Maximiliano-Olivera,uy URU,DF,Fiorentina,29-056,1992,0,0,0,0,1,0,0,0,0,0,0,0,0,0,Matches
Jerome Onguene\Jerome-Onguene,cm CMR,DF,Genoa,23-129,1997,1,0,0,0,1,1,0,0,3,1,0,0,0,10,Matches
Riccardo Orsolini\Riccardo-Orsolini,it ITA,FWMF,Bologna,24-096,1997,16.9,0,0,0,19,36,7,28,9,8,0,1,0,96,Matches
Victor Osimhen\Victor-Osimhen,ng NGA,FW,Napoli,22-122,1998,13,3,0,0,21,28,13,14,7,8,1,0,0,44,Matches
Yordan Osorio\Yordan-Osorio,ve VEN,DF,Parma,26-355,1994,19,2,0,0,14,16,1,2,48,16,0,1,0,177,Matches
David Ospina\David-Ospina,co COL,GK,Napoli,32-242,1988,16,2,0,0,1,4,0,0,0,0,0,1,0,73,Matches
Adam Ounas\Adam-Ounas,dz ALG,FWMF,Crotone,24-170,1996,8.7,1,0,0,6,19,6,21,6,1,0,0,0,63,Matches
Adam Ounas\Adam-Ounas,dz ALG,MFFW,Cagliari,24-170,1996,3.4,0,0,0,3,9,1,11,5,1,0,0,0,27,Matches
Thomas Ouwejan\Thomas-Ouwejan,nl NED,DF,Udinese,24-212,1996,4.1,0,0,0,6,2,0,29,2,3,0,0,0,33,Matches
Mattia Pagliuca\Mattia-Pagliuca,it ITA,MF,Bologna,19-005,2002,0.1,0,0,0,0,1,0,0,1,0,0,0,0,0,Matches
Rodrigo Palacio\Rodrigo-Palacio,ar ARG,FW,Bologna,39-084,1982,22.8,5,0,0,37,56,27,41,6,11,0,0,0,104,Matches
Alberto Paleari\Alberto-Paleari,it ITA,GK,Genoa,28-244,1992,1.3,0,0,0,0,0,0,0,0,0,0,0,0,8,Matches
Antonio Palumbo\Antonio-Palumbo,it ITA,MF,Sampdoria,24-267,1996,0.1,0,0,0,0,0,0,0,0,0,0,0,0,0,Matches
Martin Palumbo\Martin-Palumbo,no NOR,MF,Udinese,19-056,2002,0.6,0,0,0,1,0,0,2,1,0,0,0,0,3,Matches
Goran Pandev\Goran-Pandev,mk MKD,FWMF,Genoa,37-277,1983,13,5,0,0,12,33,6,6,2,5,0,0,0,81,Matches
Vittorio Parigini\Vittorio-Parigini,it ITA,FWDF,Genoa,25-036,1996,0.6,0,0,0,0,2,1,3,0,1,0,0,0,4,Matches
Marco Parolo\Marco-Parolo,it ITA,DFMF,Lazio,36-095,1985,5.2,4,0,0,13,1,1,0,8,7,0,0,0,63,Matches
Mario Pašali?\Mario-Pasalic,hr CRO,MF,Atalanta,26-080,1995,11.3,2,0,0,18,9,0,6,9,16,0,0,0,88,Matches
Christian Pastina\Christian-Pastina,it ITA,DF,Benevento,20-074,2001,0.8,0,0,0,1,0,0,1,1,2,0,0,0,4,Matches
Javier Pastore\Javier-Pastore,ar ARG,MFFW,Roma,31-314,1989,0.2,0,0,0,0,1,0,0,0,1,0,0,0,1,Matches
Patric\Patric,es ESP,DF,Lazio,28-013,1993,16.6,8,0,0,22,5,2,18,11,12,0,1,0,163,Matches
Leonardo Pavoletti\Leonardo-Pavoletti,it ITA,FW,Cagliari,32-155,1988,13.8,6,0,0,35,25,4,3,4,4,1,0,0,60,Matches
Nehuén Paz\Nehuen-Paz,ar ARG,DF,Bologna,28-002,1993,4,0,0,0,3,2,0,0,11,6,0,0,0,60,Matches
Pedro\Pedro,es ESP,FWMF,Roma,33-276,1987,15.5,5,1,1,21,31,7,21,11,20,2,0,0,69,Matches
João Pedro\Joao-Pedro,br BRA,FWMF,Cagliari,29-052,1992,32.1,4,0,0,43,84,13,29,9,10,3,0,0,160,Matches
Gianluca Pegolo\Gianluca-Pegolo,it ITA,GK,Sassuolo,40-036,1981,1,0,0,0,0,0,0,0,0,0,0,0,0,3,Matches
Graziano Pellè\Graziano-Pelle,it ITA,FWMF,Parma,35-289,1985,5.1,1,0,0,13,10,4,0,0,1,1,0,0,15,Matches
Lorenzo Pellegrini\Lorenzo-Pellegrini,it ITA,MFFW,Roma,24-315,1996,26.1,10,0,0,41,50,5,33,25,32,0,1,0,189,Matches
Luca Pellegrini\Luca-Pellegrini,it ITA,DFMF,Genoa,22-054,1999,7.1,2,0,0,10,16,0,20,5,9,0,0,1,59,Matches
Federico Peluso\Federico-Peluso,it ITA,DF,Sassuolo,37-100,1984,2.3,1,0,0,3,1,0,0,2,1,0,0,0,17,Matches
Andreas Pereira\Andreas-Pereira,br BRA,MFFW,Lazio,25-119,1996,5.1,4,0,0,10,6,2,20,3,1,0,1,0,40,Matches
Pedro Pereira\Pedro-Pereira,pt POR,DF,Crotone,23-098,1998,25.4,5,0,0,31,17,3,44,16,34,0,1,0,167,Matches
Gastón Pereiro\Gaston-Pereiro,uy URU,MFFW,Cagliari,25-323,1995,2.8,0,0,0,2,2,0,6,3,3,0,0,0,29,Matches
Bruno Peres\Bruno-Peres,br BRA,DF,Roma,31-060,1990,14.3,5,0,0,21,16,1,44,22,12,0,0,0,102,Matches
Roberto Pereyra\Roberto-Pereyra,ar ARG,MFFW,Udinese,30-113,1991,27.5,7,0,0,33,52,7,30,21,16,1,0,0,214,Matches
Carles Pérez\Carles-Perez,es ESP,FWMF,Roma,23-073,1998,8.6,0,0,0,12,7,0,13,3,5,1,0,0,48,Matches
Mattia Perin\Mattia-Perin,it ITA,GK,Genoa,28-171,1992,29,1,1,0,2,6,0,0,0,0,0,1,0,137,Matches
Ivan Periši?\Ivan-Perisic,hr CRO,DFFW,Inter,32-087,1989,18.1,3,0,0,12,2,6,69,17,10,0,0,0,127,Matches
Matteo Pessina\Matteo-Pessina,it ITA,MF,Atalanta,24-009,1997,15.9,2,0,0,22,20,1,13,11,10,0,0,0,168,Matches
Andrea Petagna\Andrea-Petagna,it ITA,FW,Napoli,25-304,1995,10.4,0,0,0,16,17,6,6,1,2,0,0,0,36,Matches
Jacopo Petriccione\Jacopo-Petriccione,it ITA,MF,Crotone,26-067,1995,10.2,5,1,0,17,16,0,2,7,9,0,0,0,80,Matches
Jens Petter Hauge\Jens-Petter-Hauge,no NOR,FWMF,Milan,21-200,1999,5.9,0,0,0,12,1,1,2,2,4,0,0,0,31,Matches
Germán Pezzella\German-Pezzella,ar ARG,DF,Fiorentina,29-307,1991,26.5,3,0,0,31,16,4,4,31,23,0,2,0,218,Matches
Giuseppe Pezzella\Giuseppe-Pezzella,it ITA,DF,Parma,23-152,1997,19.3,7,0,0,21,25,0,58,23,21,0,0,0,142,Matches
Cristiano Piccini\Cristiano-Piccini,it ITA,DF,Atalanta,28-216,1992,0.7,0,0,0,1,1,0,0,1,0,0,0,0,3,Matches
Roberto Piccoli\Roberto-Piccoli,it ITA,FW,Spezia,20-093,2001,6.8,0,0,0,14,12,2,2,2,6,1,0,0,25,Matches
Andrea Pinamonti\Andrea-Pinamonti,it ITA,FW,Inter,21-346,1999,0.6,0,0,0,1,1,1,0,0,0,0,0,0,4,Matches
Fabio Pisacane\Fabio-Pisacane,it ITA,DF,Cagliari,35-092,1986,2.5,1,0,0,2,0,0,1,3,2,0,0,0,12,Matches
Marko Pjaca\Marko-Pjaca,hr CRO,FWMF,Genoa,25-359,1995,13.5,0,0,0,15,21,2,7,6,7,0,0,0,63,Matches
Tommaso Pobega\Tommaso-Pobega,it ITA,MF,Spezia,21-289,1999,11.6,5,0,0,23,14,0,5,11,16,2,1,0,76,Matches
Andrea Poli\Andrea-Poli,it ITA,MF,Bologna,31-213,1989,4.1,1,0,0,5,7,0,2,7,7,0,0,1,41,Matches
Matteo Politano\Matteo-Politano,it ITA,FW,Napoli,27-270,1993,18.8,3,0,0,13,43,0,39,19,11,0,0,0,98,Matches
Manolo Portanova\Manolo-Portanova,it ITA,FWMF,Juventus,20-332,2000,0.8,1,0,0,2,3,0,0,0,2,0,0,0,3,Matches
Manolo Portanova\Manolo-Portanova,it ITA,MFFW,Genoa,20-332,2000,0.4,0,0,0,2,3,0,0,2,1,0,0,0,0,Matches
Ivan Provedel\Ivan-Provedel,it ITA,GK,Spezia,27-044,1994,26,1,0,0,0,6,0,0,0,0,0,0,0,132,Matches
Erick Pulgar\Erick-Pulgar,cl CHI,MF,Fiorentina,27-105,1994,17.7,6,0,0,18,19,0,20,27,25,0,1,0,193,Matches
Ignacio Pussetto\Ignacio-Pussetto,ar ARG,FW,Udinese,25-130,1995,8.4,2,0,0,18,10,7,14,10,15,1,0,0,44,Matches
Fabio Quagliarella\Fabio-Quagliarella,it ITA,FW,Sampdoria,38-089,1983,22.2,1,0,0,26,33,18,19,6,8,1,0,0,93,Matches
Simone Rabbi\Simone-Rabbi,it ITA,FW,Bologna,19-182,2001,0.4,0,0,0,3,2,1,0,0,1,0,0,0,1,Matches
Adrien Rabiot\Adrien-Rabiot,fr FRA,MF,Juventus,26-027,1995,21.6,7,1,1,38,20,0,11,26,40,0,2,0,185,Matches
Ivan Radovanovi?\Ivan-Radovanovic,rs SRB,DFMF,Genoa,32-244,1988,23,5,0,0,26,25,0,2,26,22,0,2,0,198,Matches
?tefan Radu\Stefan-Radu,ro ROU,DF,Lazio,34-190,1986,22.2,1,0,0,19,18,1,32,37,22,0,0,0,226,Matches
Rafael\Rafael,br BRA,GK,Spezia,39-058,1982,1.3,0,0,0,0,0,0,0,0,0,0,0,0,6,Matches
Gastón Ramírez\Gaston-Ramirez,uy URU,MFFW,Sampdoria,30-149,1990,10.1,5,0,0,31,33,3,18,7,14,0,0,0,68,Matches
Aaron Ramsey\Aaron-Ramsey,wal WAL,MF,Juventus,30-125,1990,12.1,2,0,0,19,18,3,19,6,16,1,0,0,73,Matches
Andrea Ranocchia\Andrea-Ranocchia,it ITA,DF,Inter,33-073,1988,4.8,2,0,0,13,6,1,0,3,5,0,0,0,52,Matches
Giacomo Raspadori\Giacomo-Raspadori,it ITA,FWMF,Sassuolo,21-071,2000,10.8,1,0,0,7,15,3,9,1,2,2,0,0,29,Matches
Federico Ravaglia\Federico-Ravaglia,it ITA,GK,Bologna,21-170,1999,2,0,0,0,0,0,0,0,0,0,0,0,0,7,Matches
Ante Rebi?\Ante-Rebic,hr CRO,FW,Milan,27-221,1993,17.4,4,1,0,31,13,11,46,11,18,3,0,0,79,Matches
Arkadiusz Reca\Arkadiusz-Reca,pl POL,DF,Crotone,25-317,1995,24.8,7,0,0,33,25,4,83,51,20,4,0,0,198,Matches
Vasco Regini\Vasco-Regini,it ITA,DF,Sampdoria,30-233,1990,0.9,0,0,0,1,1,0,1,0,0,0,0,1,3,Matches
Pepe Reina\Pepe-Reina,es ESP,GK,Lazio,38-242,1982,26,1,0,0,0,1,0,0,0,0,0,0,0,100,Matches
Bryan Reynolds\Bryan-Reynolds,us USA,DF,Roma,19-306,2001,2,0,0,0,3,2,0,4,4,1,0,0,0,8,Matches
Franck Ribéry\Franck-Ribery,fr FRA,FW,Fiorentina,38-023,1983,20.3,5,1,0,30,62,7,23,8,20,1,0,0,124,Matches
Federico Ricci\Federico-Ricci,it ITA,FW,Sassuolo,26-338,1994,0,0,0,0,1,0,0,0,0,0,0,0,0,0,Matches
Giacomo Ricci\Giacomo-Ricci,it ITA,DF,Parma,24-240,1996,0.7,0,0,0,0,0,0,1,1,1,0,0,0,4,Matches
Matteo Ricci\Matteo-Ricci,it ITA,MF,Spezia,26-338,1994,21.7,4,0,0,23,26,0,7,25,30,0,0,0,250,Matches
Tomás Rincón\Tomas-Rincon,ve VEN,MF,Torino,33-107,1988,27,9,1,1,64,41,0,7,27,39,0,0,0,258,Matches
Andrea Rispoli\Andrea-Rispoli,it ITA,DF,Crotone,32-213,1988,6.7,4,0,0,7,4,1,21,4,5,0,0,0,51,Matches
Emmanuel Rivière\Emmanuel-Riviere,fr FRA,FWMF,Crotone,31-058,1990,6.9,1,0,0,9,17,2,1,3,3,0,0,0,21,Matches
Ricardo Rodríguez\Ricardo-Rodriguez,ch SUI,DF,Torino,28-248,1992,13.1,1,0,0,12,6,0,8,24,14,0,0,0,84,Matches
Marko Rog\Marko-Rog,hr CRO,MF,Cagliari,25-285,1995,12.9,2,0,0,33,23,0,6,12,25,0,0,0,128,Matches
Rogério\Rogerio,br BRA,DF,Sassuolo,23-107,1998,18.4,4,0,0,25,19,1,45,24,12,0,0,0,137,Matches
Luis Rojas\Luis-Rojas,cl CHI,MFFW,Crotone,19-055,2002,0.8,1,0,0,2,0,0,1,3,0,0,0,0,10,Matches
Alessio Romagnoli\Alessio-Romagnoli,it ITA,DF,Milan,26-108,1995,20.2,7,0,0,20,10,0,1,14,9,0,1,0,158,Matches
Cristian Romero\Cristian-Romero,ar ARG,DF,Atalanta,23-003,1998,23.3,10,0,0,58,30,0,0,70,42,1,0,0,300,Matches
Cristiano Ronaldo\Cristiano-Ronaldo,pt POR,FW,Juventus,36-084,1985,27.4,3,0,0,15,42,31,48,5,2,1,0,0,117,Matches
Marten de Roon\Marten-de-Roon,nl NED,MF,Atalanta,30-032,1991,28.6,6,0,0,58,21,0,12,60,54,0,0,0,365,Matches
Nicolò Rovella\Nicolo-Rovella,it ITA,MF,Genoa,19-147,2001,9.8,3,0,0,14,22,0,6,9,9,0,1,0,96,Matches
Amir Rrahmani\Amir-Rrahmani,xk KVX,DF,Napoli,27-065,1994,8.2,1,0,0,6,6,0,0,5,5,1,0,0,67,Matches
Kevin Rüegg\Kevin-Ruegg,ch SUI,MFDF,Hellas Verona,22-268,1998,1.3,0,0,0,0,1,1,1,1,2,1,0,0,8,Matches
Daniele Rugani\Daniele-Rugani,it ITA,DF,Cagliari,26-275,1994,10.1,2,0,0,13,3,0,4,14,12,0,0,0,110,Matches
Matteo Ruggeri\Matteo-Ruggeri,it ITA,DF,Atalanta,18-293,2002,2.3,0,0,0,3,0,0,8,4,2,0,0,0,8,Matches
Mário Rui\Mario-Rui,pt POR,DF,Napoli,29-338,1991,18,4,0,0,16,37,3,56,27,19,0,0,0,159,Matches
Fabián Ruiz Peña\Fabian-Ruiz-Pena,es ESP,MF,Napoli,25-027,1996,23.7,1,0,0,9,17,1,16,23,32,0,1,0,195,Matches
Alexis Saelemaekers\Alexis-Saelemaekers,be BEL,FW,Milan,21-307,1999,19.3,6,1,1,27,30,6,38,24,29,1,0,0,130,Matches
Jacopo Sala\Jacopo-Sala,it ITA,DF,Spezia,29-146,1991,4.2,1,0,0,7,4,0,9,3,5,0,0,0,31,Matches
Eddy Salcedo\Eddy-Salcedo,it ITA,FWMF,Hellas Verona,19-211,2001,6.5,3,0,0,12,15,2,7,3,2,1,0,0,38,Matches
Antonio Sanabria\Antonio-Sanabria,py PAR,FW,Torino,25-057,1996,6.6,2,0,0,10,6,2,1,6,2,0,0,0,23,Matches
Alexis Sánchez\Alexis-Sanchez,cl CHI,FW,Inter,32-132,1988,11.2,0,0,0,17,29,8,16,10,8,0,0,0,64,Matches
Alex Sandro\Alex-Sandro,br BRA,DF,Juventus,30-094,1991,15.6,2,0,0,20,25,0,37,14,19,0,0,1,129,Matches
Nicola Sansone\Nicola-Sansone,it ITA,FWMF,Bologna,29-232,1991,11.4,2,0,0,20,35,3,17,8,12,0,0,0,72,Matches
Federico Santander\Federico-Santander,py PAR,FW,Bologna,29-330,1991,0.4,0,0,0,2,2,0,1,0,0,0,0,0,5,Matches
Davide Santon\Davide-Santon,it ITA,DF,Roma,30-118,1991,3.4,1,0,0,6,2,1,10,1,3,0,0,0,17,Matches
Samir Santos\Samir-Santos,br BRA,DF,Udinese,26-146,1994,23,6,0,0,37,33,3,16,37,34,0,0,0,168,Matches
Riccardo Saponara\Riccardo-Saponara,it ITA,FW,Spezia,29-130,1991,2.2,2,1,1,2,8,0,4,1,2,0,0,0,14,Matches
Riccardo Saponara\Riccardo-Saponara,it ITA,FW,Fiorentina,29-130,1991,0.6,0,0,0,1,1,0,0,0,1,0,0,0,3,Matches
Marco Sau\Marco-Sau,it ITA,MFFW,Benevento,33-178,1987,8.7,1,1,0,8,19,1,16,8,3,1,0,0,50,Matches
Gianluca Scamacca\Gianluca-Scamacca,it ITA,FW,Genoa,22-119,1999,13.4,1,0,0,31,16,9,12,6,9,0,0,1,74,Matches
Nicolás Schiappacasse\Nicolas-Schiappacasse,uy URU,MF,Sassuolo,22-108,1999,0.2,0,0,0,0,0,0,0,0,0,0,0,0,1,Matches
Pasquale Schiattarella\Pasquale-Schiattarella,it ITA,MF,Benevento,33-335,1987,23.2,12,1,0,36,52,1,6,20,33,0,0,0,278,Matches
Jerdy Schouten\Jerdy-Schouten,nl NED,MF,Bologna,24-108,1997,24.4,5,1,0,42,20,1,6,70,36,0,1,0,306,Matches
Matteo Scozzarella\Matteo-Scozzarella,it ITA,MF,Parma,32-329,1988,1.7,1,0,0,3,1,0,4,6,1,0,0,0,8,Matches
Jacopo Segre\Jacopo-Segre,it ITA,MF,Torino,24-072,1997,2.1,1,0,0,2,9,1,0,0,5,0,0,0,18,Matches
Léo Sena\Leo-Sena,br BRA,MF,Spezia,25-120,1995,8.4,0,0,0,7,57,0,6,9,15,0,0,0,85,Matches
Stefano Sensi\Stefano-Sensi,it ITA,MF,Inter,25-268,1995,4.8,1,1,0,6,11,0,7,7,10,0,0,0,36,Matches
Luigi Sepe\Luigi-Sepe,it ITA,GK,Parma,29-357,1991,31,0,0,0,0,2,0,0,0,0,0,0,0,132,Matches
Stephan El Shaarawy\Stephan-El-Shaarawy,it ITA,MFFW,Roma,28-185,1992,4.1,1,0,0,4,5,1,9,2,2,0,0,0,27,Matches
Eldor Shomurodov\Eldor-Shomurodov,uz UZB,FW,Genoa,25-305,1995,14.7,0,0,0,33,17,10,9,7,14,0,0,0,76,Matches
Luca Siligardi\Luca-Siligardi,it ITA,FW,Parma,33-094,1988,0.4,0,0,0,0,0,0,1,0,1,0,0,0,5,Matches
Luca Siligardi\Luca-Siligardi,it ITA,MF,Crotone,33-094,1988,0.5,0,0,0,0,1,0,0,0,2,0,0,0,6,Matches
Adrien Silva\Adrien-Silva,pt POR,MF,Sampdoria,32-046,1989,15.6,7,1,1,30,20,0,9,33,23,0,0,0,168,Matches
Marco Silvestri\Marco-Silvestri,it ITA,GK,Hellas Verona,30-059,1991,33,1,0,0,2,2,0,0,0,0,0,2,1,172,Matches
Giovanni Simeone\Giovanni-Simeone,ar ARG,FW,Cagliari,25-299,1995,18.9,1,0,0,24,26,18,9,15,15,0,0,0,69,Matches
Wilfried Singo\Wilfried-Singo,ci CIV,DF,Torino,20-126,2000,18,4,1,1,20,45,2,55,30,16,1,0,0,150,Matches
Salvatore Sirigu\Salvatore-Sirigu,it ITA,GK,Torino,34-108,1987,27,0,0,0,1,2,0,0,0,0,0,1,1,111,Matches
?ukasz Skorupski\Lukasz-Skorupski,pl POL,GK,Bologna,29-360,1991,25,1,0,0,0,1,1,0,0,0,0,0,0,115,Matches
Andreas Skov Olsen\Andreas-Skov-Olsen,dk DEN,FWDF,Bologna,21-122,1999,10.3,1,0,0,9,7,2,31,4,10,0,0,0,68,Matches
Milan Škriniar\Milan-Skriniar,sk SVK,DF,Inter,26-078,1995,27.9,1,0,0,32,27,0,3,26,26,0,0,0,244,Matches
Chris Smalling\Chris-Smalling,eng ENG,DF,Roma,31-159,1989,11.3,3,0,0,14,7,1,0,19,5,0,0,0,106,Matches
Simon Sohm\Simon-Sohm,ch SUI,MF,Parma,20-019,2001,7.1,1,0,0,8,2,1,0,2,10,0,0,0,62,Matches
Roberto Soriano\Roberto-Soriano,it ITA,MF,Bologna,30-081,1991,32.1,4,0,0,68,46,3,24,22,26,2,0,0,190,Matches
Riccardo Sottil\Riccardo-Sottil,it ITA,MFFW,Cagliari,21-331,1999,13,3,0,0,19,33,1,29,4,8,0,0,0,99,Matches
Adama Soumaoro\Adama-Soumaoro,fr FRA,DF,Bologna,28-316,1992,14.5,3,0,0,24,17,0,0,27,14,0,2,0,135,Matches
Leonardo Spinazzola\Leonardo-Spinazzola,it ITA,DF,Roma,28-036,1993,23.6,0,0,0,9,11,2,93,31,5,0,0,1,200,Matches
Marco Sportiello\Marco-Sportiello,it ITA,GK,Atalanta,28-355,1992,12.3,0,0,0,0,1,0,0,0,0,0,0,0,61,Matches
Mattia Sprocati\Mattia-Sprocati,it ITA,FW,Parma,28-002,1993,0.2,0,0,0,0,0,0,0,0,0,0,0,0,1,Matches
Thomas Strakosha\Thomas-Strakosha,al ALB,GK,Lazio,26-042,1995,6,0,0,0,0,0,0,0,0,1,0,0,0,31,Matches
Kevin Strootman\Kevin-Strootman,nl NED,MF,Genoa,31-076,1990,12.1,6,0,0,24,9,1,14,19,21,0,0,0,99,Matches
Jens Stryger Larsen\Jens-Stryger-Larsen,dk DEN,DF,Udinese,30-068,1991,24.3,0,0,0,9,13,3,47,21,12,0,1,0,170,Matches
Stefano Sturaro\Stefano-Sturaro,it ITA,MF,Hellas Verona,28-052,1993,4.2,4,0,0,16,6,0,4,1,5,0,0,0,37,Matches
Stefano Sturaro\Stefano-Sturaro,it ITA,MF,Genoa,28-052,1993,4.9,1,0,0,14,13,2,7,2,7,0,0,0,59,Matches
Bosko Sutalo\Bosko-Sutalo,hr CRO,DF,Atalanta,21-119,2000,2.6,0,0,0,2,4,0,2,2,5,0,0,0,29,Matches
Mattias Svanberg\Mattias-Svanberg,se SWE,MF,Bologna,22-115,1999,17.5,7,1,1,36,39,0,2,32,13,0,0,0,158,Matches
Wojciech Szcz?sny\Wojciech-Szczesny,pl POL,GK,Juventus,31-012,1990,26,0,0,0,0,1,0,0,0,0,0,0,0,123,Matches
Adrien Tameze\Adrien-Tameze,cm CMR,MF,Hellas Verona,27-085,1994,24.5,4,0,0,30,27,2,16,33,40,0,1,0,287,Matches
Ciprian T?t?ru?anu\Ciprian-Tatarusanu,ro ROU,GK,Milan,35-080,1986,1,0,0,0,0,0,0,0,0,0,0,0,0,6,Matches
Andrés Tello\Andres-Tello,co COL,MFDF,Benevento,24-236,1996,4.1,2,0,0,5,4,0,2,7,6,0,0,0,38,Matches
Hidde ter Avest\Hidde-ter-Avest,nl NED,DF,Udinese,23-345,1997,3.9,0,0,0,3,2,1,13,0,3,0,0,0,33,Matches
Pietro Terracciano\Pietro-Terracciano,it ITA,GK,Fiorentina,31-053,1990,0.5,0,0,0,0,0,0,0,0,0,0,0,0,3,Matches
Claudio Terzi\Claudio-Terzi,it ITA,DF,Spezia,36-315,1984,17.8,9,1,1,21,16,2,5,31,10,0,2,0,172,Matches
Morten Thorsby\Morten-Thorsby,no NOR,MF,Sampdoria,24-360,1996,26.9,9,0,0,66,18,2,6,20,56,0,2,0,232,Matches
Jeremy Toljan\Jeremy-Toljan,de GER,DF,Sassuolo,26-265,1994,13.7,2,0,0,19,10,4,28,12,13,0,0,0,90,Matches
Rafael Tolói\Rafael-Toloi,it ITA,DF,Atalanta,30-202,1990,25.4,7,0,0,34,10,0,18,35,28,0,1,0,273,Matches
Takehiro Tomiyasu\Takehiro-Tomiyasu,jp JPN,DF,Bologna,22-176,1998,25.4,4,0,0,25,13,3,17,42,21,0,0,1,236,Matches
Fikayo Tomori\Fikayo-Tomori,eng ENG,DF,Milan,23-132,1997,11.3,0,0,0,10,1,0,0,17,14,0,0,0,90,Matches
Sandro Tonali\Sandro-Tonali,it ITA,MF,Milan,20-357,2000,14.3,1,1,0,16,18,0,11,19,12,0,0,0,157,Matches
Lorenzo Tonelli\Lorenzo-Tonelli,it ITA,DF,Sampdoria,31-103,1990,17.3,10,0,0,27,22,1,0,17,22,0,1,0,174,Matches
Ernesto Torregrossa\Ernesto-Torregrossa,it ITA,FW,Sampdoria,28-306,1992,1.8,0,0,0,7,1,3,0,1,1,0,0,0,11,Matches
Mattéo Tramoni\Matteo-Tramoni,fr FRA,FWMF,Cagliari,21-100,2000,0.8,1,0,0,1,1,0,0,1,2,0,0,0,10,Matches
Chaka Traorè\Chaka-Traore,ci CIV,MFDF,Parma,16-128,2004,0.1,0,0,0,0,1,0,0,0,0,0,0,0,0,Matches
Alessandro Tripaldelli\Alessandro-Tripaldelli,it ITA,DF,Cagliari,22-080,1999,3.3,1,0,0,9,4,0,8,4,4,0,0,0,22,Matches
Alessandro Tuia\Alessandro-Tuia,it ITA,DF,Benevento,30-326,1990,18,5,0,0,26,12,0,7,25,27,0,2,0,113,Matches
?ubomír Tupta\Lubomir-Tupta,sk SVK,MF,Hellas Verona,23-034,1998,0.6,0,0,0,0,1,0,0,0,0,0,0,0,2,Matches
Iyenoma Udogie\Iyenoma-Udogie,it ITA,DFMF,Hellas Verona,18-153,2002,1.3,0,0,0,4,2,1,0,3,3,0,0,0,18,Matches
Lautaro Valenti\Lautaro-Valenti,ar ARG,DF,Parma,22-106,1999,2.7,0,0,0,2,3,0,0,6,1,0,0,0,19,Matches
Borja Valero\Borja-Valero,es ESP,MFFW,Fiorentina,36-108,1985,5,3,0,0,11,14,1,0,7,7,0,0,0,47,Matches
Denis Vavro\Denis-Vavro,sk SVK,DF,Lazio,25-020,1996,0.4,0,0,0,0,0,0,0,0,0,0,0,0,4,Matches
Matías Vecino\Matias-Vecino,uy URU,MF,Inter,29-249,1991,0.4,0,0,0,0,0,0,0,0,0,0,0,0,4,Matches
Miguel Veloso\Miguel-Veloso,pt POR,MF,Hellas Verona,34-354,1986,14.2,1,0,0,17,10,0,14,14,15,0,0,0,195,Matches
Lorenzo Venuti\Lorenzo-Venuti,it ITA,DF,Fiorentina,26-018,1995,15.6,2,0,0,8,23,1,41,12,13,0,0,0,98,Matches
Daniele Verde\Daniele-Verde,it ITA,FW,Spezia,24-314,1996,8.9,1,0,0,2,7,1,25,5,3,0,0,0,41,Matches
Simone Verdi\Simone-Verdi,it ITA,MFFW,Torino,28-292,1992,15.8,5,0,0,22,22,5,59,13,9,0,0,0,93,Matches
Jordan Veretout\Jordan-Veretout,fr FRA,MF,Roma,28-060,1993,22.8,4,0,0,33,13,2,25,12,24,0,1,0,166,Matches
Edoardo Vergani\Edoardo-Vergani,it ITA,FW,Bologna,20-083,2001,0.1,0,0,0,0,0,0,0,0,0,0,0,0,0,Matches
Valerio Verre\Valerio-Verre,it ITA,MF,Sampdoria,27-109,1994,8.7,2,0,0,21,19,1,9,5,8,0,0,0,69,Matches
Guglielmo Vicario\Guglielmo-Vicario,it ITA,GK,Cagliari,24-205,1996,4,0,0,0,0,1,0,0,0,0,0,0,0,15,Matches
Arturo Vidal\Arturo-Vidal,cl CHI,MF,Inter,33-343,1987,12.6,3,0,0,29,16,0,12,18,23,0,1,0,139,Matches
Ronaldo Vieira\Ronaldo-Vieira,gw GNB,MF,Hellas Verona,22-285,1998,2.5,1,0,0,6,4,0,0,0,1,0,0,0,38,Matches
Luca Vignali\Luca-Vignali,it ITA,DF,Spezia,25-109,1996,14.7,3,1,0,13,17,1,21,31,10,0,0,0,134,Matches
Emanuel Vignato\Emanuel-Vignato,it ITA,FWDF,Bologna,20-249,2000,9.6,4,0,0,13,8,2,30,10,9,0,0,0,87,Matches
Gonzalo Villar\Gonzalo-Villar,es ESP,MF,Roma,23-038,1998,19,7,0,0,49,49,0,8,19,30,0,1,0,174,Matches
Nicolas Viola\Nicolas-Viola,it ITA,MF,Benevento,31-200,1989,9.6,1,0,0,12,22,0,14,16,9,0,0,0,105,Matches
Dušan Vlahovi?\Dusan-Vlahovic,rs SRB,FW,Fiorentina,21-092,2000,27.5,0,0,0,46,57,25,15,10,3,2,0,0,94,Matches
Mërgim Vojvoda\Mergim-Vojvoda,xk KVX,DF,Torino,26-088,1995,11.6,2,0,0,4,5,0,40,15,12,0,0,0,78,Matches
Stefan de Vrij\Stefan-de-Vrij,nl NED,DF,Inter,29-084,1992,28.4,2,0,0,20,9,0,1,39,15,0,0,0,235,Matches
Giacomo Vrioni\Giacomo-Vrioni,al ALB,MF,Juventus,22-197,1998,0,0,0,0,0,0,0,0,0,0,0,0,0,1,Matches
Miloš Vuli?\Milos-Vulic,rs SRB,MF,Crotone,24-254,1996,13.9,2,0,0,11,30,1,16,9,11,0,0,0,112,Matches
Walace\Walace,br BRA,MF,Udinese,26-026,1995,18.3,2,0,0,21,20,1,4,30,40,0,0,0,184,Matches
Sebastian Walukiewicz\Sebastian-Walukiewicz,pl POL,DF,Cagliari,21-025,2000,18,1,0,0,16,5,0,1,22,14,0,0,0,144,Matches
Maya Yoshida\Maya-Yoshida,jp JPN,DF,Sampdoria,32-249,1988,21.8,5,0,0,16,17,0,0,35,12,0,0,0,221,Matches
Ashley Young\Ashley-Young,eng ENG,DF,Inter,35-295,1985,13.7,4,0,0,11,13,3,32,6,8,0,1,0,74,Matches
Mattia Zaccagni\Mattia-Zaccagni,it ITA,MFFW,Hellas Verona,25-318,1995,25,5,0,0,29,90,9,62,32,23,1,0,0,170,Matches
Miha Zajc\Miha-Zajc,si SVN,MF,Genoa,26-303,1994,18.3,4,0,0,22,25,4,18,22,19,0,0,0,155,Matches
Niccolò Zanellato\Niccolo-Zanellato,it ITA,MF,Crotone,22-310,1998,17,2,0,0,28,32,1,8,10,19,0,0,0,154,Matches
Cristián Zapata\Cristian-Zapata,co COL,DF,Genoa,34-212,1986,7.8,1,0,0,2,5,0,0,6,10,0,1,0,56,Matches
Duván Zapata\Duvan-Zapata,co COL,FW,Atalanta,30-029,1991,22.8,0,0,0,28,44,20,39,9,6,1,0,0,86,Matches
Gabriele Zappa\Gabriele-Zappa,it ITA,DF,Cagliari,21-129,1999,24.2,3,0,0,22,11,1,64,23,21,0,0,0,181,Matches
Davide Zappacosta\Davide-Zappacosta,it ITA,DF,Genoa,28-323,1992,19,2,0,0,21,12,7,60,11,15,0,0,0,133,Matches
Simone Zaza\Simone-Zaza,it ITA,FW,Torino,29-309,1991,14,4,0,0,33,27,13,3,4,6,0,0,0,55,Matches
Marvin Zeegelaar\Marvin-Zeegelaar,nl NED,DF,Udinese,30-261,1990,17.2,6,0,0,36,7,4,34,12,22,0,0,0,125,Matches
Piotr Zieli?ski\Piotr-Zielinski,pl POL,MF,Napoli,26-345,1994,23.9,2,0,0,12,36,4,34,16,14,0,0,0,143,Matches
Joshua Zirkzee\Joshua-Zirkzee,nl NED,FWMF,Parma,19-343,2001,1.3,0,0,0,4,0,0,0,0,1,0,0,0,10,Matches
Jeroen Zoet\Jeroen-Zoet,nl NED,GK,Spezia,30-114,1991,5.7,1,0,0,2,1,0,0,0,0,0,1,0,38,Matches
Filip ?uri?i?\Filip-Djuricic,rs SRB,MFFW,Sassuolo,29-090,1992,21.3,5,0,0,45,38,4,12,8,20,0,0,0,136,Matches
