Player,Nation,Pos,Squad,Age,Born,MP,Starts,Min,90s,Gls,Ast,G-PK,PK,PKatt,CrdY,CrdR,Gls,Ast,G+A,G-PK,G+A-PK,Matches
Patrick van Aanholt\Patrick-van-Aanholt,nl NED,DF,Crystal Palace,30-243,1990,21,20,1774,19.7,0,1,0,0,0,2,0,0,0.05,0.05,0,0.05,Matches
Tammy Abraham\Tammy-Abraham,eng ENG,FW,Chelsea,23-209,1997,21,12,1025,11.4,6,1,6,0,0,0,0,0.53,0.09,0.61,0.53,0.61,Matches
Che Adams\Che-Adams,sco SCO,FW,Southampton,24-290,1996,31,25,2275,25.3,7,4,7,0,0,1,0,0.28,0.16,0.44,0.28,0.44,Matches
Tosin Adarabioyo\Tosin-Adarabioyo,eng ENG,DF,Fulham,23-217,1997,28,28,2520,28,0,0,0,0,0,1,0,0,0,0,0,0,Matches
Adrián\Adrian,es ESP,GK,Liverpool,34-116,1987,3,3,270,3,0,0,0,0,0,0,0,0,0,0,0,0,Matches
Sergio Agüero\Sergio-Aguero,ar ARG,FW,Manchester City,32-331,1988,9,5,374,4.2,1,0,0,1,1,0,0,0.24,0,0.24,0,0,Matches
Ola Aina\Ola-Aina,ng NGA,DF,Fulham,24-203,1996,29,29,2513,27.9,2,1,2,0,0,2,0,0.07,0.04,0.11,0.07,0.11,Matches
Rayan Aït Nouri\Rayan-Ait-Nouri,fr FRA,DF,Wolves,19-327,2001,17,12,1061,11.8,1,1,1,0,0,0,0,0.08,0.08,0.17,0.08,0.17,Matches
Semi Ajayi\Semi-Ajayi,ng NGA,DF,West Brom,27-171,1993,28,26,2330,25.9,2,0,2,0,0,3,1,0.08,0,0.08,0.08,0.08,Matches
Nathan Aké\Nathan-Ake,nl NED,DF,Manchester City,26-070,1995,7,6,527,5.9,1,0,1,0,0,4,0,0.17,0,0.17,0.17,0.17,Matches
Marc Albrighton\Marc-Albrighton,eng ENG,FWDF,Leicester City,31-162,1989,26,13,1399,15.5,0,4,0,0,0,2,0,0,0.26,0.26,0,0.26,Matches
Thiago Alcántara\Thiago-Alcantara,es ESP,MF,Liverpool,30-018,1991,19,15,1404,15.6,0,0,0,0,0,4,0,0,0,0,0,0,Matches
Toby Alderweireld\Toby-Alderweireld,be BEL,DF,Tottenham,32-058,1989,20,20,1790,19.9,1,0,1,0,0,2,0,0.05,0,0.05,0.05,0.05,Matches
Rúnar Alex Rúnarsson\Runar-Alex-Runarsson,is ISL,GK,Arsenal,26-070,1995,1,0,16,0.2,0,0,0,0,0,0,0,0,0,0,0,0,Matches
Trent Alexander-Arnold\Trent-Alexander-Arnold,eng ENG,DF,Liverpool,22-204,1998,31,29,2581,28.7,2,5,2,0,0,1,0,0.07,0.17,0.24,0.07,0.24,Matches
Ezgjan Alioski\Ezgjan-Alioski,mk MKD,DF,Leeds United,29-076,1992,31,24,2056,22.8,2,1,2,0,0,7,0,0.09,0.04,0.13,0.09,0.13,Matches
Alisson\Alisson,br BRA,GK,Liverpool,28-209,1992,28,28,2520,28,0,0,0,0,0,1,0,0,0,0,0,0,Matches
Allan\Allan,br BRA,MF,Everton,30-111,1991,18,17,1511,16.8,0,0,0,0,0,5,0,0,0,0,0,0,Matches
Dele Alli\Dele-Alli,eng ENG,MF,Tottenham,25-018,1996,10,2,239,2.7,0,0,0,0,0,0,0,0,0,0,0,0,Matches
Miguel Almirón\Miguel-Almiron,py PAR,MFFW,Newcastle Utd,27-078,1994,29,23,2011,22.3,4,1,4,0,0,2,0,0.18,0.04,0.22,0.18,0.22,Matches
Marcos Alonso\Marcos-Alonso,es ESP,DF,Chelsea,30-122,1990,11,10,860,9.6,1,0,1,0,0,2,0,0.1,0,0.1,0.1,0.1,Matches
Steven Alzate\Steven-Alzate,co COL,MFDF,Brighton,22-233,1998,12,8,741,8.2,1,0,1,0,0,2,0,0.12,0,0.12,0.12,0.12,Matches
Daniel Amartey\Daniel-Amartey,gh GHA,DF,Leicester City,26-129,1994,12,8,722,8,1,0,1,0,0,2,0,0.12,0,0.12,0.12,0.12,Matches
Ethan Ampadu\Ethan-Ampadu,wal WAL,DFMF,Sheffield Utd,20-227,2000,25,23,2089,23.2,0,0,0,0,0,3,0,0,0,0,0,0,Matches
Joachim Andersen\Joachim-Andersen,dk DEN,DF,Fulham,24-333,1996,27,27,2401,26.7,1,1,1,0,0,6,1,0.04,0.04,0.07,0.04,0.07,Matches
Elliot Anderson\Elliot-Anderson,sco SCO,MF,Newcastle Utd,18-174,2002,1,0,4,0,0,0,0,0,0,0,0,0,0,0,0,0,Matches
Felipe Anderson\Felipe-Anderson,br BRA,FWMF,West Ham,28-014,1993,2,0,3,0,0,0,0,0,0,0,0,0,0,0,0,0,Matches
Michail Antonio\Michail-Antonio,eng ENG,FW,West Ham,31-032,1990,21,19,1546,17.2,7,5,7,0,0,3,0,0.41,0.29,0.7,0.41,0.7,Matches
Alphonse Areola\Alphonse-Areola,fr FRA,GK,Fulham,28-061,1993,32,32,2880,32,0,0,0,0,0,1,0,0,0,0,0,0,Matches
Stuart Armstrong\Stuart-Armstrong,sco SCO,MF,Southampton,29-030,1992,27,26,2237,24.9,4,4,4,0,0,3,0,0.16,0.16,0.32,0.16,0.32,Matches
Kepa Arrizabalaga\Kepa-Arrizabalaga,es ESP,GK,Chelsea,26-208,1994,5,5,450,5,0,0,0,0,0,0,0,0,0,0,0,0,Matches
Pierre-Emerick Aubameyang\Pierre-Emerick-Aubameyang,ga GAB,FW,Arsenal,31-315,1989,25,22,2009,22.3,9,1,7,2,2,2,0,0.4,0.04,0.45,0.31,0.36,Matches
Serge Aurier\Serge-Aurier,ci CIV,DF,Tottenham,28-126,1992,17,17,1425,15.8,2,1,2,0,0,0,0,0.13,0.06,0.19,0.13,0.19,Matches
Charlie Austin\Charlie-Austin,eng ENG,FW,West Brom,31-298,1989,5,0,138,1.5,0,0,0,0,0,0,0,0,0,0,0,0,Matches
Jordan Ayew\Jordan-Ayew,gh GHA,FWMF,Crystal Palace,29-230,1991,28,21,1898,21.1,1,3,1,0,0,2,0,0.05,0.14,0.19,0.05,0.19,Matches
Luke Ayling\Luke-Ayling,eng ENG,DF,Leeds United,29-247,1991,33,33,2949,32.8,0,0,0,0,0,6,0,0,0,0,0,0,Matches
César Azpilicueta\Cesar-Azpilicueta,es ESP,DF,Chelsea,31-244,1989,22,20,1846,20.5,1,1,1,0,0,4,0,0.05,0.05,0.1,0.05,0.1,Matches
Eric Bailly\Eric-Bailly,ci CIV,DF,Manchester Utd,27-017,1994,8,7,638,7.1,0,0,0,0,0,2,0,0,0,0,0,0,Matches
Fabián Balbuena\Fabian-Balbuena,py PAR,DF,West Ham,29-249,1991,14,13,1198,13.3,1,0,1,0,0,1,1,0.08,0,0.08,0.08,0.08,Matches
George Baldock\George-Baldock,eng ENG,DF,Sheffield Utd,28-051,1993,28,28,2427,27,0,2,0,0,0,5,0,0,0.07,0.07,0,0.07,Matches
Gareth Bale\Gareth-Bale,wal WAL,FW,Tottenham,31-287,1989,15,7,650,7.2,6,2,6,0,0,1,0,0.83,0.28,1.11,0.83,1.11,Matches
Patrick Bamford\Patrick-Bamford,eng ENG,FW,Leeds United,27-236,1993,33,33,2722,30.2,14,7,13,1,1,3,0,0.46,0.23,0.69,0.43,0.66,Matches
Phil Bardsley\Phil-Bardsley,sco SCO,DF,Burnley,35-305,1985,4,3,274,3,0,0,0,0,0,2,0,0,0,0,0,0,Matches
Ross Barkley\Ross-Barkley,eng ENG,MF,Chelsea,27-145,1993,2,0,42,0.5,0,0,0,0,0,0,0,0,0,0,0,0,Matches
Ross Barkley\Ross-Barkley,eng ENG,MF,Aston Villa,27-145,1993,21,15,1301,14.5,3,1,3,0,0,0,0,0.21,0.07,0.28,0.21,0.28,Matches
Ashley Barnes\Ashley-Barnes,eng ENG,FW,Burnley,31-181,1989,18,15,1293,14.4,3,0,2,1,1,4,0,0.21,0,0.21,0.14,0.14,Matches
Harvey Barnes\Harvey-Barnes,eng ENG,FWMF,Leicester City,23-141,1997,25,22,1945,21.6,9,4,9,0,0,0,0,0.42,0.19,0.6,0.42,0.6,Matches
Kyle Bartley\Kyle-Bartley,eng ENG,DF,West Brom,29-342,1991,25,23,2134,23.7,3,1,3,0,0,4,0,0.13,0.04,0.17,0.13,0.17,Matches
Chris Basham\Chris-Basham,eng ENG,DFMF,Sheffield Utd,32-283,1988,26,26,2126,23.6,0,1,0,0,0,3,0,0,0.04,0.04,0,0.04,Matches
Michy Batshuayi\Michy-Batshuayi,be BEL,FW,Crystal Palace,27-209,1993,17,7,709,7.9,2,1,2,0,0,0,0,0.25,0.13,0.38,0.25,0.38,Matches
Jan Bednarek\Jan-Bednarek,pl POL,DF,Southampton,25-017,1996,32,32,2785,30.9,1,1,1,0,0,3,1,0.03,0.03,0.06,0.03,0.06,Matches
Donny van de Beek\Donny-van-de-Beek,nl NED,MFFW,Manchester Utd,24-011,1997,16,2,340,3.8,1,1,1,0,0,1,0,0.26,0.26,0.53,0.26,0.53,Matches
Héctor Bellerín\Hector-Bellerin,es ESP,DF,Arsenal,26-041,1995,23,23,1977,22,1,2,1,0,0,8,0,0.05,0.09,0.14,0.05,0.14,Matches
Saïd Benrahma\Said-Benrahma,dz ALG,MFFW,West Ham,25-262,1995,25,11,1122,12.5,0,4,0,0,0,0,0,0,0.32,0.32,0,0.32,Matches
Josh Benson\Josh-Benson,eng ENG,MF,Burnley,21-145,1999,6,2,264,2.9,0,0,0,0,0,0,0,0,0,0,0,0,Matches
Christian Benteke\Christian-Benteke,be BEL,FW,Crystal Palace,30-147,1990,25,16,1415,15.7,6,1,6,0,0,2,1,0.38,0.06,0.45,0.38,0.45,Matches
Jóhann Berg Guðmundsson\Johann-Berg-Gudmundsson,is ISL,MF,Burnley,30-184,1990,18,14,1148,12.8,2,0,2,0,0,1,0,0.16,0,0.16,0.16,0.16,Matches
Sander Berge\Sander-Berge,no NOR,MF,Sheffield Utd,23-074,1998,13,12,1016,11.3,1,1,0,1,1,4,0,0.09,0.09,0.18,0,0.09,Matches
Steven Bergwijn\Steven-Bergwijn,nl NED,FWMF,Tottenham,23-203,1997,18,11,1054,11.7,0,2,0,0,0,2,0,0,0.17,0.17,0,0.17,Matches
Bernard\Bernard,br BRA,FWMF,Everton,28-233,1992,9,3,395,4.4,1,0,1,0,0,2,0,0.23,0,0.23,0.23,0.23,Matches
Bernardo\Bernardo,br BRA,DFMF,Brighton,25-350,1995,3,2,206,2.3,0,0,0,0,0,0,0,0,0,0,0,0,Matches
Ryan Bertrand\Ryan-Bertrand,eng ENG,DF,Southampton,31-267,1989,29,29,2598,28.9,0,1,0,0,0,5,0,0,0.03,0.03,0,0.03,Matches
Yves Bissouma\Yves-Bissouma,ml MLI,MF,Brighton,24-242,1996,31,30,2662,29.6,1,0,1,0,0,6,1,0.03,0,0.03,0.03,0.03,Matches
Jayden Bogle\Jayden-Bogle,eng ENG,DF,Sheffield Utd,20-276,2000,14,10,976,10.8,2,0,2,0,0,2,0,0.18,0,0.18,0.18,0.18,Matches
Willy Boly\Willy-Boly,ci CIV,DF,Wolves,30-085,1991,19,19,1710,19,1,1,1,0,0,1,0,0.05,0.05,0.11,0.05,0.11,Matches
Jarrod Bowen\Jarrod-Bowen,eng ENG,FWMF,West Ham,24-130,1996,33,28,2336,26,8,5,8,0,0,0,0,0.31,0.19,0.5,0.31,0.5,Matches
Robbie Brady\Robbie-Brady,ie IRL,MF,Burnley,29-105,1992,19,12,1052,11.7,1,1,1,0,0,3,0,0.09,0.09,0.17,0.09,0.17,Matches
Rhian Brewster\Rhian-Brewster,eng ENG,FW,Sheffield Utd,21-028,2000,24,11,1047,11.6,0,0,0,0,0,1,0,0,0,0,0,0,Matches
Nathan Broadhead\Nathan-Broadhead,wal WAL,MF,Everton,23-024,1998,1,0,3,0,0,0,0,0,0,0,0,0,0,0,0,0,Matches
Josh Brownhill\Josh-Brownhill,eng ENG,MF,Burnley,25-131,1995,28,27,2408,26.8,0,0,0,0,0,2,0,0,0,0,0,0,Matches
Joe Bryan\Joe-Bryan,eng ENG,DFFW,Fulham,27-224,1993,13,5,475,5.3,0,0,0,0,0,2,0,0,0,0,0,0,Matches
Kean Bryan\Kean-Bryan,eng ENG,DF,Sheffield Utd,24-179,1996,12,11,925,10.3,1,0,1,0,0,1,0,0.1,0,0.1,0.1,0.1,Matches
Oliver Burke\Oliver-Burke,sco SCO,FW,Sheffield Utd,24-022,1997,23,13,1160,12.9,1,1,1,0,0,2,0,0.08,0.08,0.16,0.08,0.16,Matches
Dan Burn\Dan-Burn,eng ENG,DF,Brighton,28-355,1992,22,18,1611,17.9,0,0,0,0,0,5,0,0,0,0,0,0,Matches
David Button\David-Button,eng ENG,GK,West Brom,32-061,1989,1,1,90,1,0,0,0,0,0,0,0,0,0,0,0,0,Matches
Oskar Buur\Oskar-Buur,dk DEN,DF,Wolves,23-029,1998,1,0,22,0.2,0,0,0,0,0,0,0,0,0,0,0,0,Matches
Willy Caballero\Willy-Caballero,ar ARG,GK,Chelsea,39-213,1981,1,1,90,1,0,0,0,0,0,0,0,0,0,0,0,0,Matches
Gary Cahill\Gary-Cahill,eng ENG,DF,Crystal Palace,35-131,1985,16,16,1440,16,1,0,1,0,0,3,0,0.06,0,0.06,0.06,0.06,Matches
Tom Cairney\Tom-Cairney,sco SCO,MF,Fulham,30-099,1991,10,9,759,8.4,1,1,1,0,0,2,0,0.12,0.12,0.24,0.12,0.24,Matches
Dominic Calvert-Lewin\Dominic-Calvert-Lewin,eng ENG,FW,Everton,24-044,1997,27,26,2331,25.9,14,0,14,0,0,3,0,0.54,0,0.54,0.54,0.54,Matches
João Cancelo\Joao-Cancelo,pt POR,DF,Manchester City,26-337,1994,24,23,2037,22.6,1,3,1,0,0,4,0,0.04,0.13,0.18,0.04,0.18,Matches
Ian Carlo Poveda\Ian-Carlo-Poveda,eng ENG,MFDF,Leeds United,21-079,2000,12,0,300,3.3,0,0,0,0,0,0,0,0,0,0,0,0,Matches
Andy Carroll\Andy-Carroll,eng ENG,FW,Newcastle Utd,32-113,1989,17,4,386,4.3,1,0,1,0,0,1,0,0.23,0,0.23,0.23,0.23,Matches
Matty Cash\Matty-Cash,eng ENG,DF,Aston Villa,23-265,1997,25,25,2148,23.9,0,2,0,0,0,8,1,0,0.08,0.08,0,0.08,Matches
Kiko Casilla\Kiko-Casilla,es ESP,GK,Leeds United,34-209,1986,1,1,90,1,0,0,0,0,0,0,0,0,0,0,0,0,Matches
Timothy Castagne\Timothy-Castagne,be BEL,DF,Leicester City,25-145,1995,22,22,1895,21.1,2,3,2,0,0,1,0,0.09,0.14,0.24,0.09,0.24,Matches
Jonny Castro\Jonny-Castro,es ESP,DF,Wolves,27-057,1994,7,7,495,5.5,0,0,0,0,0,0,0,0,0,0,0,0,Matches
Ivan Cavaleiro\Ivan-Cavaleiro,pt POR,FWMF,Fulham,27-193,1993,31,22,2035,22.6,3,0,2,1,2,2,0,0.13,0,0.13,0.09,0.09,Matches
Edinson Cavani\Edinson-Cavani,uy URU,FW,Manchester Utd,34-074,1987,22,11,1148,12.8,8,2,8,0,0,3,0,0.63,0.16,0.78,0.63,0.78,Matches
Dani Ceballos\Dani-Ceballos,es ESP,MF,Arsenal,24-265,1996,23,15,1450,16.1,0,3,0,0,0,3,0,0,0.19,0.19,0,0.19,Matches
Calum Chambers\Calum-Chambers,eng ENG,DF,Arsenal,26-099,1995,5,5,442,4.9,0,0,0,0,0,0,0,0,0,0,0,0,Matches
Ben Chilwell\Ben-Chilwell,eng ENG,DF,Chelsea,24-129,1996,23,23,1936,21.5,2,5,2,0,0,3,0,0.09,0.23,0.33,0.09,0.33,Matches
Hamza Choudhury\Hamza-Choudhury,eng ENG,MF,Leicester City,23-210,1997,9,4,305,3.4,0,0,0,0,0,1,0,0,0,0,0,0,Matches
Andreas Christensen\Andreas-Christensen,dk DEN,DF,Chelsea,25-019,1996,15,13,1237,13.7,0,0,0,0,0,2,1,0,0,0,0,0,Matches
Ciaran Clark\Ciaran-Clark,ie IRL,DF,Newcastle Utd,31-215,1989,21,20,1808,20.1,1,0,1,0,0,3,0,0.05,0,0.05,0.05,0.05,Matches
Nathaniel Clyne\Nathaniel-Clyne,eng ENG,DF,Crystal Palace,30-024,1991,13,13,1145,12.7,0,1,0,0,0,2,0,0,0.08,0.08,0,0.08,Matches
Conor Coady\Conor-Coady,eng ENG,DF,Wolves,28-063,1993,32,32,2853,31.7,1,0,1,0,0,4,0,0.03,0,0.03,0.03,0.03,Matches
Séamus Coleman\Seamus-Coleman,ie IRL,DF,Everton,32-200,1988,20,13,1188,13.2,0,3,0,0,0,0,0,0,0.23,0.23,0,0.23,Matches
Aaron Connolly\Aaron-Connolly,ie IRL,FW,Brighton,21-091,2000,16,9,746,8.3,2,1,2,0,0,0,0,0.24,0.12,0.36,0.24,0.36,Matches
Liam Cooper\Liam-Cooper,sco SCO,DF,Leeds United,29-242,1991,23,23,2005,22.3,1,0,1,0,0,3,1,0.04,0,0.04,0.04,0.04,Matches
Jack Cork\Jack-Cork,eng ENG,MF,Burnley,31-308,1989,11,10,915,10.2,0,0,0,0,0,2,0,0,0,0,0,0,Matches
Hélder Costa\Helder-Costa,pt POR,MFFW,Leeds United,27-107,1994,22,13,1156,12.8,3,3,3,0,0,0,0,0.23,0.23,0.47,0.23,0.47,Matches
Vladimír Coufal\Vladimir-Coufal,cz CZE,DF,West Ham,28-250,1992,29,29,2604,28.9,0,5,0,0,0,3,0,0,0.17,0.17,0,0.17,Matches
Aaron Cresswell\Aaron-Cresswell,eng ENG,DF,West Ham,31-135,1989,31,31,2752,30.6,0,7,0,0,0,3,0,0,0.23,0.23,0,0.23,Matches
Patrick Cutrone\Patrick-Cutrone,it ITA,FWMF,Wolves,23-116,1998,2,0,25,0.3,0,0,0,0,0,0,0,0,0,0,0,0,Matches
Stuart Dallas\Stuart-Dallas,nir NIR,DFMF,Leeds United,30-010,1991,33,33,2959,32.9,7,2,7,0,0,6,0,0.21,0.06,0.27,0.21,0.27,Matches
Scott Dann\Scott-Dann,eng ENG,DF,Crystal Palace,34-074,1987,13,13,1170,13,1,0,1,0,0,1,0,0.08,0,0.08,0.08,0.08,Matches
Karl Darlow\Karl-Darlow,eng ENG,GK,Newcastle Utd,30-203,1990,25,25,2250,25,0,0,0,0,0,3,0,0,0,0,0,0,Matches
Ben Davies\Ben-Davies,wal WAL,DF,Tottenham,28-005,1993,20,14,1346,15,0,1,0,0,0,1,0,0,0.07,0.07,0,0.07,Matches
Tom Davies\Tom-Davies,eng ENG,MF,Everton,22-303,1998,22,15,1234,13.7,0,1,0,0,0,3,0,0,0.07,0.07,0,0.07,Matches
Keinan Davis\Keinan-Davis,eng ENG,FWMF,Aston Villa,23-075,1998,11,0,166,1.8,1,1,1,0,0,0,0,0.54,0.54,1.08,0.54,1.08,Matches
Leif Davis\Leif-Davis,eng ENG,DF,Leeds United,21-107,2000,2,0,33,0.4,0,0,0,0,0,0,0,0,0,0,0,0,Matches
Craig Dawson\Craig-Dawson,eng ENG,DF,West Ham,30-358,1990,17,17,1475,16.4,3,0,3,0,0,3,1,0.18,0,0.18,0.18,0.18,Matches
Kevin De Bruyne\Kevin-De-Bruyne,be BEL,MF,Manchester City,29-305,1991,24,22,1907,21.2,5,11,3,2,3,1,0,0.24,0.52,0.76,0.14,0.66,Matches
Liam Delap\Liam-Delap,eng ENG,FW,Manchester City,18-080,2003,1,0,40,0.4,0,0,0,0,0,0,0,0,0,0,0,0,Matches
Fabian Delph\Fabian-Delph,eng ENG,MFDF,Everton,31-159,1989,6,2,239,2.7,0,0,0,0,0,1,0,0,0,0,0,0,Matches
Leander Dendoncker\Leander-Dendoncker,be BEL,MFDF,Wolves,26-014,1995,28,25,2239,24.9,1,0,1,0,0,3,0,0.04,0,0.04,0.04,0.04,Matches
Mbaye Diagne\Mbaye-Diagne,sn SEN,FW,West Brom,29-183,1991,13,12,1042,11.6,2,2,2,0,0,2,0,0.17,0.17,0.35,0.17,0.35,Matches
Ibrahima Diallo\Ibrahima-Diallo,fr FRA,MF,Southampton,22-052,1999,17,9,864,9.6,0,0,0,0,0,2,0,0,0,0,0,0,Matches
Grady Diangana\Grady-Diangana,eng ENG,MFFW,West Brom,23-010,1998,16,14,1088,12.1,1,0,1,0,0,0,0,0.08,0,0.08,0.08,0.08,Matches
Raphael Dias Belloli\Raphael-Dias-Belloli,br BRA,MF,Leeds United,24-136,1996,26,23,2067,23,6,6,6,0,0,3,0,0.26,0.26,0.52,0.26,0.52,Matches
Rúben Dias\Ruben-Dias,pt POR,DF,Manchester City,23-350,1997,29,29,2573,28.6,1,0,1,0,0,3,0,0.03,0,0.03,0.03,0.03,Matches
Eric Dier\Eric-Dier,eng ENG,DF,Tottenham,27-104,1994,24,24,2160,24,0,0,0,0,0,3,0,0,0,0,0,0,Matches
Lucas Digne\Lucas-Digne,fr FRA,DFMF,Everton,27-283,1993,24,24,2141,23.8,0,6,0,0,0,2,1,0,0.25,0.25,0,0.25,Matches
Virgil van Dijk\Virgil-van-Dijk,nl NED,DF,Liverpool,29-295,1991,5,5,370,4.1,1,0,1,0,0,1,0,0.24,0,0.24,0.24,0.24,Matches
Issa Diop\Issa-Diop,fr FRA,DF,West Ham,24-110,1997,14,13,1198,13.3,2,0,2,0,0,3,0,0.15,0,0.15,0.15,0.15,Matches
Moussa Djenepo\Moussa-Djenepo,ml MLI,MF,Southampton,22-318,1998,25,14,1138,12.6,1,0,1,0,0,5,0,0.08,0,0.08,0.08,0.08,Matches
Matt Doherty\Matt-Doherty,ie IRL,DF,Tottenham,29-103,1992,15,12,1142,12.7,0,2,0,0,0,4,1,0,0.16,0.16,0,0.16,Matches
Gabriel Dos Santos\Gabriel-Dos-Santos,br BRA,DF,Arsenal,23-131,1997,18,17,1546,17.2,2,0,2,0,0,4,1,0.12,0,0.12,0.12,0.12,Matches
Abdoulaye Doucouré\Abdoulaye-Doucoure,fr FRA,MF,Everton,28-118,1993,25,25,2131,23.7,2,3,2,0,0,6,0,0.08,0.13,0.21,0.08,0.21,Matches
Martin Dúbravka\Martin-Dubravka,sk SVK,GK,Newcastle Utd,32-104,1989,8,8,720,8,0,0,0,0,0,0,0,0,0,0,0,0,Matches
Paul Dummett\Paul-Dummett,wal WAL,DF,Newcastle Utd,29-215,1991,10,9,805,8.9,0,0,0,0,0,2,0,0,0,0,0,0,Matches
Lewis Dunk\Lewis-Dunk,eng ENG,DF,Brighton,29-159,1991,30,30,2699,30,4,0,4,0,0,5,1,0.13,0,0.13,0.13,0.13,Matches
Jimmy Dunne\Jimmy-Dunne,ie IRL,DF,Burnley,23-192,1997,2,2,180,2,1,0,1,0,0,0,0,0.5,0,0.5,0.5,0.5,Matches
Ederson\Ederson,br BRA,GK,Manchester City,27-255,1993,32,32,2880,32,0,1,0,0,0,3,0,0,0.03,0.03,0,0.03,Matches
Kyle Edwards\Kyle-Edwards,eng ENG,MFFW,West Brom,23-071,1998,5,1,118,1.3,0,0,0,0,0,0,0,0,0,0,0,0,Matches
John Egan\John-Egan,ie IRL,DF,Sheffield Utd,28-191,1992,26,25,2179,24.2,0,1,0,0,0,6,1,0,0.04,0.04,0,0.04,Matches
Ahmed Elmohamady\Ahmed-Elmohamady,eg EGY,DF,Aston Villa,33-232,1987,12,7,703,7.8,0,0,0,0,0,2,0,0,0,0,0,0,Matches
Mohamed Elneny\Mohamed-Elneny,eg EGY,MF,Arsenal,28-292,1992,19,13,1184,13.2,0,0,0,0,0,2,0,0,0,0,0,0,Matches
Jonny Evans\Jonny-Evans,nir NIR,DF,Leicester City,33-116,1988,27,27,2383,26.5,1,2,1,0,0,7,0,0.04,0.08,0.11,0.04,0.11,Matches
Eberechi Eze\Eberechi-Eze,eng ENG,MF,Crystal Palace,22-304,1998,30,25,2199,24.4,3,4,3,0,0,3,0,0.12,0.16,0.29,0.12,0.29,Matches
?ukasz Fabia?ski\Lukasz-Fabianski,pl POL,GK,West Ham,36-011,1985,31,31,2790,31,0,0,0,0,0,2,0,0,0,0,0,0,Matches
Fabinho\Fabinho,br BRA,DFMF,Liverpool,27-188,1993,25,23,2117,23.5,0,0,0,0,0,6,0,0,0,0,0,0,Matches
Bruno Fernandes\Bruno-Fernandes,pt POR,MF,Manchester Utd,26-233,1994,33,32,2821,31.3,16,11,8,8,9,5,0,0.51,0.35,0.86,0.26,0.61,Matches
Federico Fernández\Federico-Fernandez,ar ARG,DF,Newcastle Utd,32-067,1989,19,19,1651,18.3,0,0,0,0,0,3,0,0,0,0,0,0,Matches
Fernandinho\Fernandinho,br BRA,MF,Manchester City,35-360,1985,18,10,997,11.1,0,0,0,0,0,5,0,0,0,0,0,0,Matches
Sam Field\Sam-Field,eng ENG,MF,West Brom,22-356,1998,3,0,62,0.7,0,0,0,0,0,0,0,0,0,0,0,0,Matches
Roberto Firmino\Roberto-Firmino,br BRA,FW,Liverpool,29-209,1991,31,29,2477,27.5,6,5,6,0,0,2,0,0.22,0.18,0.4,0.22,0.4,Matches
John Fleck\John-Fleck,sco SCO,MF,Sheffield Utd,29-248,1991,26,24,2125,23.6,0,2,0,0,0,3,0,0,0.08,0.08,0,0.08,Matches
Phil Foden\Phil-Foden,eng ENG,FWMF,Manchester City,20-336,2000,25,15,1450,16.1,7,5,7,0,0,0,0,0.43,0.31,0.74,0.43,0.74,Matches
Wesley Fofana\Wesley-Fofana,fr FRA,DF,Leicester City,20-133,2000,23,22,1927,21.4,0,0,0,0,0,6,0,0,0,0,0,0,Matches
Pablo Fornals\Pablo-Fornals,es ESP,FWMF,West Ham,25-066,1996,28,26,2124,23.6,3,3,3,0,0,3,0,0.13,0.13,0.25,0.13,0.25,Matches
Fraser Forster\Fraser-Forster,eng ENG,GK,Southampton,33-043,1988,6,6,540,6,0,0,0,0,0,0,0,0,0,0,0,0,Matches
Timothy Fosu-Mensah\Timothy-Fosu-Mensah,nl NED,DF,Manchester Utd,23-117,1998,1,1,80,0.9,0,0,0,0,0,1,0,0,0,0,0,0,Matches
Ryan Fraser\Ryan-Fraser,sco SCO,FWMF,Newcastle Utd,27-064,1994,18,9,928,10.3,0,2,0,0,0,2,1,0,0.19,0.19,0,0.19,Matches
Fred\Fred,br BRA,MF,Manchester Utd,28-055,1993,27,24,2148,23.9,1,0,1,0,0,5,0,0.04,0,0.04,0.04,0.04,Matches
Ryan Fredericks\Ryan-Fredericks,eng ENG,DFFW,West Ham,28-201,1992,13,6,537,6,1,1,1,0,0,2,0,0.17,0.17,0.34,0.17,0.34,Matches
Christian Fuchs\Christian-Fuchs,at AUT,DF,Leicester City,35-022,1986,9,8,702,7.8,0,0,0,0,0,4,0,0,0,0,0,0,Matches
Darnell Furlong\Darnell-Furlong,eng ENG,DF,West Brom,25-180,1995,30,27,2482,27.6,1,3,1,0,0,4,0,0.04,0.11,0.15,0.04,0.15,Matches
Conor Gallagher\Conor-Gallagher,eng ENG,MF,West Brom,21-082,2000,25,23,2081,23.1,2,2,2,0,0,9,0,0.09,0.09,0.17,0.09,0.17,Matches
Eric García\Eric-Garcia,es ESP,DF,Manchester City,20-110,2001,4,2,217,2.4,0,0,0,0,0,0,0,0,0,0,0,0,Matches
Dwight Gayle\Dwight-Gayle,eng ENG,FWMF,Newcastle Utd,30-194,1990,14,4,433,4.8,1,1,1,0,0,0,0,0.21,0.21,0.42,0.21,0.42,Matches
Jean-Philippe Gbamin\Jean-Philippe-Gbamin,ci CIV,MF,Everton,25-216,1995,1,0,12,0.1,0,0,0,0,0,0,0,0,0,0,0,0,Matches
David de Gea\David-de-Gea,es ESP,GK,Manchester Utd,30-173,1990,24,24,2115,23.5,0,0,0,0,0,0,0,0,0,0,0,0,Matches
Anwar El Ghazi\Anwar-El-Ghazi,nl NED,FW,Aston Villa,25-361,1995,22,11,1103,12.3,7,0,4,3,3,1,0,0.57,0,0.57,0.33,0.33,Matches
Kieran Gibbs\Kieran-Gibbs,eng ENG,DF,West Brom,31-215,1989,10,9,809,9,0,0,0,0,0,1,1,0,0,0,0,0,Matches
Morgan Gibbs-White\Morgan-Gibbs-White,eng ENG,MFFW,Wolves,21-092,2000,6,1,143,1.6,0,0,0,0,0,0,0,0,0,0,0,0,Matches
Billy Gilmour\Billy-Gilmour,sco SCO,MF,Chelsea,19-322,2001,2,0,36,0.4,0,0,0,0,0,0,0,0,0,0,0,0,Matches
Olivier Giroud\Olivier-Giroud,fr FRA,FW,Chelsea,34-211,1986,15,8,721,8,4,0,4,0,0,1,0,0.5,0,0.5,0.5,0.5,Matches
Ben Godfrey\Ben-Godfrey,eng ENG,DF,Everton,23-104,1998,25,23,2145,23.8,0,1,0,0,0,4,0,0,0.04,0.04,0,0.04,Matches
André Gomes\Andre-Gomes,pt POR,MF,Everton,27-273,1993,24,16,1459,16.2,0,1,0,0,0,3,0,0,0.06,0.06,0,0.06,Matches
Joe Gomez\Joe-Gomez,eng ENG,DF,Liverpool,23-341,1997,7,6,590,6.6,0,0,0,0,0,0,0,0,0,0,0,0,Matches
Anthony Gordon\Anthony-Gordon,eng ENG,FWMF,Everton,20-064,2001,3,1,88,1,0,0,0,0,0,0,0,0,0,0,0,0,Matches
Karlan Grant\Karlan-Grant,eng ENG,FWMF,West Brom,23-223,1997,18,14,1104,12.3,1,0,1,0,0,1,0,0.08,0,0.08,0.08,0.08,Matches
Demarai Gray\Demarai-Gray,eng ENG,FW,Leicester City,24-305,1996,1,0,19,0.2,0,0,0,0,0,0,0,0,0,0,0,0,Matches
Jack Grealish\Jack-Grealish,eng ENG,FWMF,Aston Villa,25-231,1995,22,22,1977,22,6,10,6,0,0,6,0,0.27,0.46,0.73,0.27,0.73,Matches
Mason Greenwood\Mason-Greenwood,eng ENG,FW,Manchester Utd,19-210,2001,27,18,1583,17.6,5,2,5,0,0,2,0,0.28,0.11,0.4,0.28,0.4,Matches
Pascal Groß\Pascal-Gross,de GER,MFDF,Brighton,29-318,1991,29,22,2034,22.6,2,6,0,2,3,2,0,0.09,0.27,0.35,0,0.27,Matches
Kamil Grosicki\Kamil-Grosicki,pl POL,FWMF,West Brom,32-325,1988,3,2,148,1.6,0,1,0,0,0,0,0,0,0.61,0.61,0,0.61,Matches
Vicente Guaita\Vicente-Guaita,es ESP,GK,Crystal Palace,34-109,1987,32,32,2880,32,0,0,0,0,0,2,0,0,0,0,0,0,Matches
?lkay Gündo?an\Ilkay-Gundogan,de GER,MF,Manchester City,30-187,1990,25,21,1864,20.7,12,1,11,1,2,1,0,0.58,0.05,0.63,0.53,0.58,Matches
Antwoine Hackford\Antwoine-Hackford,eng ENG,DFFW,Sheffield Utd,17-040,2004,1,0,11,0.1,0,0,0,0,0,0,0,0,0,0,0,0,Matches
Sébastien Haller\Sebastien-Haller,ci CIV,FW,West Ham,26-311,1994,16,10,937,10.4,3,0,3,0,0,0,0,0.29,0,0.29,0.29,0.29,Matches
Rekeem Harper\Rekeem-Harper,eng ENG,MF,West Brom,21-052,2000,2,0,32,0.4,0,0,0,0,0,0,0,0,0,0,0,0,Matches
Jack Harrison\Jack-Harrison,eng ENG,MF,Leeds United,24-160,1996,31,29,2397,26.6,7,6,7,0,0,2,0,0.26,0.23,0.49,0.26,0.49,Matches
Kortney Hause\Kortney-Hause,eng ENG,DF,Aston Villa,25-287,1995,4,4,360,4,1,0,1,0,0,1,0,0.25,0,0.25,0.25,0.25,Matches
Kai Havertz\Kai-Havertz,de GER,MFFW,Chelsea,21-322,1999,24,16,1341,14.9,2,3,2,0,0,2,0,0.13,0.2,0.34,0.13,0.34,Matches
Isaac Hayden\Isaac-Hayden,eng ENG,MFDF,Newcastle Utd,26-038,1995,24,22,1942,21.6,0,0,0,0,0,8,0,0,0,0,0,0,Matches
Michael Hector\Michael-Hector,jm JAM,DF,Fulham,28-284,1992,4,3,263,2.9,0,0,0,0,0,2,0,0,0,0,0,0,Matches
Ahmed Hegazi\Ahmed-Hegazi,eg EGY,DF,West Brom,30-094,1991,1,1,90,1,0,0,0,0,0,0,0,0,0,0,0,0,Matches
Dean Henderson\Dean-Henderson,eng ENG,GK,Manchester Utd,24-048,1997,10,9,855,9.5,0,0,0,0,0,2,0,0,0,0,0,0,Matches
Jordan Henderson\Jordan-Henderson,eng ENG,MFDF,Liverpool,30-316,1990,21,20,1704,18.9,1,1,1,0,0,0,0,0.05,0.05,0.11,0.05,0.11,Matches
Jeff Hendrick\Jeff-Hendrick,ie IRL,MF,Newcastle Utd,29-088,1992,20,17,1408,15.6,2,1,2,0,0,3,1,0.13,0.06,0.19,0.13,0.19,Matches
Pablo Hernández\Pablo-Hernandez,es ESP,MF,Leeds United,36-018,1985,14,2,346,3.8,0,2,0,0,0,1,0,0,0.52,0.52,0,0.52,Matches
Son Heung-min\Son-Heung-min,kr KOR,FW,Tottenham,28-295,1992,32,31,2665,29.6,15,9,14,1,1,0,0,0.51,0.3,0.81,0.47,0.78,Matches
Ki-Jana Hoever\Ki-Jana-Hoever,nl NED,DF,Wolves,19-101,2002,10,3,397,4.4,0,0,0,0,0,1,0,0,0,0,0,0,Matches
Rob Holding\Rob-Holding,eng ENG,DF,Arsenal,25-221,1995,26,24,2198,24.4,0,1,0,0,0,2,0,0,0.04,0.04,0,0.04,Matches
Mason Holgate\Mason-Holgate,eng ENG,DF,Everton,24-189,1996,22,22,1942,21.6,1,0,1,0,0,8,0,0.05,0,0.05,0.05,0.05,Matches
Conor Hourihane\Conor-Hourihane,ie IRL,MF,Aston Villa,30-086,1991,4,3,225,2.5,1,1,1,0,0,0,0,0.4,0.4,0.8,0.4,0.8,Matches
Callum Hudson-Odoi\Callum-Hudson-Odoi,eng ENG,FWDF,Chelsea,20-173,2000,21,10,999,11.1,2,3,2,0,0,0,0,0.18,0.27,0.45,0.18,0.45,Matches
Niall Huggins\Niall-Huggins,wal WAL,DF,Leeds United,20-132,2000,1,0,38,0.4,0,0,0,0,0,0,0,0,0,0,0,0,Matches
Pierre Højbjerg\Pierre-Hojbjerg,dk DEN,MF,Tottenham,25-267,1995,33,33,2970,33,1,3,1,0,0,7,0,0.03,0.09,0.12,0.03,0.12,Matches
Odion Ighalo\Odion-Ighalo,ng NGA,FW,Manchester Utd,31-317,1989,1,0,10,0.1,0,0,0,0,0,0,0,0,0,0,0,0,Matches
Kelechi Iheanacho\Kelechi-Iheanacho,ng NGA,FW,Leicester City,24-208,1996,20,12,1068,11.9,10,1,10,0,1,0,0,0.84,0.08,0.93,0.84,0.93,Matches
Danny Ings\Danny-Ings,eng ENG,FW,Southampton,28-280,1992,25,23,1913,21.3,10,4,8,2,2,1,0,0.47,0.19,0.66,0.38,0.56,Matches
Branislav Ivanovi?\Branislav-Ivanovic,rs SRB,DF,West Brom,37-066,1984,13,8,767,8.5,0,0,0,0,0,2,0,0,0,0,0,0,Matches
Alex Iwobi\Alex-Iwobi,ng NGA,FWDF,Everton,24-361,1996,27,16,1417,15.7,1,2,1,0,0,0,0,0.06,0.13,0.19,0.06,0.19,Matches
José Izquierdo\Jose-Izquierdo,co COL,DFMF,Brighton,28-296,1992,1,0,9,0.1,0,0,0,0,0,0,0,0,0,0,0,0,Matches
Phil Jagielka\Phil-Jagielka,eng ENG,DF,Sheffield Utd,38-255,1982,9,6,518,5.8,0,0,0,0,0,1,1,0,0,0,0,0,Matches
Alireza Jahanbakhsh\Alireza-Jahanbakhsh,ir IRN,FWDF,Brighton,27-261,1993,16,2,296,3.3,0,1,0,0,0,2,0,0,0.3,0.3,0,0.3,Matches
Daniel James\Daniel-James,wal WAL,FW,Manchester Utd,23-170,1997,14,10,821,9.1,3,0,3,0,0,3,0,0.33,0,0.33,0.33,0.33,Matches
Reece James\Reece-James,eng ENG,DF,Chelsea,21-142,1999,27,20,1923,21.4,1,2,1,0,0,3,0,0.05,0.09,0.14,0.05,0.14,Matches
Alexandre Jankewitz\Alexandre-Jankewitz,ch SUI,MF,Southampton,19-125,2001,2,1,3,0,0,0,0,0,0,0,1,0,0,0,0,0,Matches
Gabriel Jesus\Gabriel-Jesus,br BRA,FW,Manchester City,24-026,1997,24,18,1706,19,8,3,8,0,0,1,0,0.42,0.16,0.58,0.42,0.58,Matches
Raúl Jiménez\Raul-Jimenez,mx MEX,FW,Wolves,29-359,1991,10,10,823,9.1,4,0,4,0,0,0,0,0.44,0,0.44,0.44,0.44,Matches
Joelinton\Joelinton,br BRA,FWMF,Newcastle Utd,24-258,1996,27,21,1830,20.3,3,2,3,0,0,3,0,0.15,0.1,0.25,0.15,0.25,Matches
Ben Johnson\Ben-Johnson,eng ENG,DF,West Ham,21-095,2000,14,5,523,5.8,1,0,1,0,0,1,0,0.17,0,0.17,0.17,0.17,Matches
Sam Johnstone\Sam-Johnstone,eng ENG,GK,West Brom,28-035,1993,32,32,2880,32,0,1,0,0,0,0,0,0,0.03,0.03,0,0.03,Matches
Curtis Jones\Curtis-Jones,eng ENG,MF,Liverpool,20-089,2001,21,12,1103,12.3,1,1,1,0,0,2,0,0.08,0.08,0.16,0.08,0.16,Matches
Jorginho\Jorginho,it ITA,MF,Chelsea,29-130,1991,24,20,1748,19.4,6,1,0,6,8,1,0,0.31,0.05,0.36,0,0.05,Matches
Willian José\Willian-Jose,br BRA,FW,Wolves,29-157,1991,13,12,973,10.8,1,0,1,0,0,0,0,0.09,0,0.09,0.09,0.09,Matches
Diogo Jota\Diogo-Jota,pt POR,FW,Liverpool,24-146,1996,16,10,960,10.7,8,0,8,0,0,2,0,0.75,0,0.75,0.75,0.75,Matches
James Justin\James-Justin,eng ENG,DF,Leicester City,23-065,1998,23,23,2070,23,2,1,2,0,0,4,0,0.09,0.04,0.13,0.09,0.13,Matches
Ozan Kabak\Ozan-Kabak,tr TUR,DF,Liverpool,21-035,2000,9,9,801,8.9,0,0,0,0,0,3,0,0,0,0,0,0,Matches
Aboubakar Kamara\Aboubakar-Kamara,mr MTN,FWDF,Fulham,26-053,1995,11,2,315,3.5,0,0,0,0,0,1,1,0,0,0,0,0,Matches
Harry Kane\Harry-Kane,eng ENG,FW,Tottenham,27-275,1993,30,30,2632,29.2,21,13,17,4,4,1,0,0.72,0.44,1.16,0.58,1.03,Matches
N'Golo Kanté\NGolo-Kante,fr FRA,MF,Chelsea,30-031,1991,27,22,2023,22.5,0,2,0,0,0,7,0,0,0.09,0.09,0,0.09,Matches
Moise Kean\Moise-Kean,it ITA,FW,Everton,21-060,2000,2,0,15,0.2,0,0,0,0,0,0,0,0,0,0,0,0,Matches
Michael Keane\Michael-Keane,eng ENG,DF,Everton,28-108,1993,30,28,2541,28.2,3,1,3,0,0,4,0,0.11,0.04,0.14,0.11,0.14,Matches
Neeskens Kebano\Neeskens-Kebano,cd COD,FWMF,Fulham,29-050,1992,5,1,119,1.3,0,0,0,0,0,0,0,0,0,0,0,0,Matches
Naby Keïta\Naby-Keita,gn GUI,MF,Liverpool,26-078,1995,10,7,520,5.8,0,0,0,0,0,1,0,0,0,0,0,0,Matches
Caoimhín Kelleher\Caoimhin-Kelleher,ie IRL,GK,Liverpool,22-157,1998,2,2,180,2,0,0,0,0,0,0,0,0,0,0,0,0,Matches
Jonjoe Kenny\Jonjoe-Kenny,eng ENG,DF,Everton,24-045,1997,4,1,79,0.9,0,0,0,0,0,0,0,0,0,0,0,0,Matches
Reda Khadra\Reda-Khadra,de GER,FW,Brighton,19-299,2001,1,0,5,0.1,0,0,0,0,0,0,0,0,0,0,0,0,Matches
Max Kilman\Max-Kilman,eng ENG,DF,Wolves,23-341,1997,15,12,1121,12.5,0,1,0,0,0,3,0,0,0.08,0.08,0,0.08,Matches
Joshua King\Joshua-King,no NOR,MFFW,Everton,29-104,1992,9,0,132,1.5,0,0,0,0,0,0,0,0,0,0,0,0,Matches
Mateusz Klich\Mateusz-Klich,pl POL,MF,Leeds United,30-320,1990,32,25,2139,23.8,3,5,1,2,2,6,0,0.13,0.21,0.34,0.04,0.25,Matches
Robin Koch\Robin-Koch,de GER,DF,Leeds United,24-286,1996,15,11,952,10.6,0,0,0,0,0,0,0,0,0,0,0,0,Matches
Sead Kolašinac\Sead-Kolasinac,ba BIH,DF,Arsenal,27-313,1993,1,1,90,1,0,0,0,0,0,0,0,0,0,0,0,0,Matches
Terence Kongolo\Terence-Kongolo,nl NED,DF,Fulham,27-074,1994,1,1,90,1,0,0,0,0,0,0,0,0,0,0,0,0,Matches
Ezri Konsa\Ezri-Konsa,eng ENG,DF,Aston Villa,23-188,1997,30,29,2656,29.5,2,0,2,0,0,3,0,0.07,0,0.07,0.07,0.07,Matches
Cheikhou Kouyaté\Cheikhou-Kouyate,sn SEN,DF,Crystal Palace,31-129,1989,30,29,2583,28.7,1,0,1,0,0,1,0,0.03,0,0.03,0.03,0.03,Matches
Mateo Kova?i?\Mateo-Kovacic,hr CRO,MF,Chelsea,26-358,1994,25,20,1691,18.8,0,1,0,0,0,3,0,0,0.05,0.05,0,0.05,Matches
Emil Krafth\Emil-Krafth,se SWE,DF,Newcastle Utd,26-270,1994,12,10,946,10.5,0,0,0,0,0,3,0,0,0,0,0,0,Matches
Filip Krovinovi?\Filip-Krovinovic,hr CRO,MF,West Brom,25-243,1995,11,5,546,6.1,0,0,0,0,0,0,0,0,0,0,0,0,Matches
Alexandre Lacazette\Alexandre-Lacazette,fr FRA,FW,Arsenal,29-336,1991,28,22,1868,20.8,13,2,10,3,3,3,0,0.63,0.1,0.72,0.48,0.58,Matches
Adam Lallana\Adam-Lallana,eng ENG,MFFW,Brighton,32-354,1988,27,16,1485,16.5,1,1,1,0,0,0,0,0.06,0.06,0.12,0.06,0.12,Matches
Érik Lamela\Erik-Lamela,ar ARG,FWMF,Tottenham,29-056,1992,21,5,680,7.6,1,0,1,0,0,6,1,0.13,0,0.13,0.13,0.13,Matches
Tariq Lamptey\Tariq-Lamptey,eng ENG,DF,Brighton,20-211,2000,11,11,886,9.8,1,1,1,0,0,4,1,0.1,0.1,0.2,0.1,0.2,Matches
Manuel Lanzini\Manuel-Lanzini,ar ARG,MFFW,West Ham,28-073,1993,15,3,434,4.8,1,1,1,0,0,1,0,0.21,0.21,0.41,0.21,0.41,Matches
Aymeric Laporte\Aymeric-Laporte,fr FRA,DF,Manchester City,26-337,1994,14,12,1164,12.9,0,0,0,0,0,1,0,0,0,0,0,0,Matches
Jamaal Lascelles\Jamaal-Lascelles,eng ENG,DF,Newcastle Utd,27-169,1993,19,19,1625,18.1,2,0,2,0,0,4,0,0.11,0,0.11,0.11,0.11,Matches
Maxime Le Marchand\Maxime-Le-Marchand,fr FRA,DF,Fulham,31-200,1989,2,1,123,1.4,0,0,0,0,0,2,0,0,0,0,0,0,Matches
Mario Lemina\Mario-Lemina,ga GAB,MF,Fulham,27-240,1993,25,16,1446,16.1,1,0,1,0,0,3,0,0.06,0,0.06,0.06,0.06,Matches
Bernd Leno\Bernd-Leno,de GER,GK,Arsenal,29-056,1992,31,31,2771,30.8,0,0,0,0,0,0,1,0,0,0,0,0,Matches
Khanya Leshabela\Khanya-Leshabela,za RSA,MF,Leicester City,21-223,1999,1,0,10,0.1,0,0,0,0,0,0,0,0,0,0,0,0,Matches
Jamal Lewis\Jamal-Lewis,nir NIR,DF,Newcastle Utd,23-094,1998,23,20,1830,20.3,0,1,0,0,0,4,0,0,0.05,0.05,0,0.05,Matches
Victor Lindelöf\Victor-Lindelof,se SWE,DF,Manchester Utd,26-286,1994,26,26,2315,25.7,1,1,1,0,0,0,0,0.04,0.04,0.08,0.04,0.08,Matches
Jesse Lingard\Jesse-Lingard,eng ENG,MFFW,West Ham,28-135,1992,11,11,971,10.8,9,3,8,1,2,2,0,0.83,0.28,1.11,0.74,1.02,Matches
Jake Livermore\Jake-Livermore,eng ENG,MF,West Brom,31-166,1989,17,15,1226,13.6,0,0,0,0,0,2,1,0,0,0,0,0,Matches
Diego Llorente\Diego-Llorente,es ESP,DF,Leeds United,27-256,1993,11,10,901,10,1,0,1,0,0,1,0,0.1,0,0.1,0.1,0.1,Matches
Hugo Lloris\Hugo-Lloris,fr FRA,GK,Tottenham,34-124,1986,33,33,2970,33,0,0,0,0,0,0,0,0,0,0,0,0,Matches
Giovani Lo Celso\Giovani-Lo-Celso,ar ARG,MF,Tottenham,25-020,1996,15,8,729,8.1,1,1,1,0,0,5,0,0.12,0.12,0.25,0.12,0.25,Matches
Ruben Loftus-Cheek\Ruben-Loftus-Cheek,eng ENG,MFFW,Fulham,25-096,1996,27,21,1819,20.2,1,0,1,0,0,3,0,0.05,0,0.05,0.05,0.05,Matches
Ruben Loftus-Cheek\Ruben-Loftus-Cheek,eng ENG,FW,Chelsea,25-096,1996,1,1,60,0.7,0,0,0,0,0,0,0,0,0,0,0,0,Matches
Kevin Long\Kevin-Long,ie IRL,DF,Burnley,30-254,1990,8,7,637,7.1,0,0,0,0,0,2,0,0,0,0,0,0,Matches
Shane Long\Shane-Long,ie IRL,FWMF,Southampton,34-097,1987,11,1,210,2.3,0,0,0,0,0,0,0,0,0,0,0,0,Matches
Matthew Longstaff\Matthew-Longstaff,eng ENG,MF,Newcastle Utd,21-039,2000,5,4,377,4.2,0,0,0,0,0,0,0,0,0,0,0,0,Matches
Sean Longstaff\Sean-Longstaff,eng ENG,MF,Newcastle Utd,23-181,1997,17,13,1191,13.2,0,1,0,0,0,2,0,0,0.08,0.08,0,0.08,Matches
Ademola Lookman\Ademola-Lookman,eng ENG,FWMF,Fulham,23-191,1997,29,27,2388,26.5,4,4,4,0,1,4,0,0.15,0.15,0.3,0.15,0.3,Matches
Max Lowe\Max-Lowe,eng ENG,DF,Sheffield Utd,23-353,1997,8,7,550,6.1,0,0,0,0,0,1,0,0,0,0,0,0,Matches
Matthew Lowton\Matthew-Lowton,eng ENG,DF,Burnley,31-324,1989,29,29,2610,29,1,1,1,0,0,5,0,0.03,0.03,0.07,0.03,0.07,Matches
David Luiz\David-Luiz,br BRA,DF,Arsenal,34-007,1987,19,16,1344,14.9,1,0,1,0,0,1,1,0.07,0,0.07,0.07,0.07,Matches
Douglas Luiz\Douglas-Luiz,br BRA,MF,Aston Villa,22-355,1998,28,28,2429,27,0,2,0,0,0,9,1,0,0.07,0.07,0,0.07,Matches
John Lundstram\John-Lundstram,eng ENG,MF,Sheffield Utd,27-070,1994,27,23,2021,22.5,0,2,0,0,1,8,1,0,0.09,0.09,0,0.09,Matches
Alexis Mac Allister\Alexis-Mac-Allister,ar ARG,MFFW,Brighton,22-126,1998,17,11,926,10.3,1,1,1,0,0,1,0,0.1,0.1,0.19,0.1,0.19,Matches
James Maddison\James-Maddison,eng ENG,MFFW,Leicester City,24-157,1996,26,20,1787,19.9,8,5,8,0,0,4,0,0.4,0.25,0.65,0.4,0.65,Matches
Harry Maguire\Harry-Maguire,eng ENG,DF,Manchester Utd,28-055,1993,33,33,2970,33,2,1,2,0,0,10,0,0.06,0.03,0.09,0.06,0.09,Matches
Riyad Mahrez\Riyad-Mahrez,dz ALG,FW,Manchester City,30-067,1991,25,21,1795,19.9,9,4,9,0,0,0,0,0.45,0.2,0.65,0.45,0.65,Matches
Ainsley Maitland-Niles\Ainsley-Maitland-Niles,eng ENG,DF,Arsenal,23-243,1997,11,5,490,5.4,0,0,0,0,0,0,0,0,0,0,0,0,Matches
Ainsley Maitland-Niles\Ainsley-Maitland-Niles,eng ENG,MF,West Brom,23-243,1997,11,11,985,10.9,0,0,0,0,0,1,0,0,0,0,0,0,Matches
Josh Maja\Josh-Maja,ng NGA,FW,Fulham,22-123,1998,11,8,651,7.2,3,0,2,1,1,0,0,0.41,0,0.41,0.28,0.28,Matches
Sadio Mané\Sadio-Mane,sn SEN,FW,Liverpool,29-019,1992,30,27,2435,27.1,8,5,8,0,0,3,0,0.3,0.18,0.48,0.3,0.48,Matches
Javier Manquillo\Javier-Manquillo,es ESP,DF,Newcastle Utd,26-359,1994,13,10,825,9.2,0,0,0,0,0,1,0,0,0,0,0,0,Matches
Fernando Marçal\Fernando-Marcal,br BRA,DF,Wolves,32-069,1989,12,7,615,6.8,0,0,0,0,0,2,0,0,0,0,0,0,Matches
Solly March\Solly-March,eng ENG,DF,Brighton,26-283,1994,21,19,1672,18.6,2,1,2,0,0,0,0,0.11,0.05,0.16,0.11,0.16,Matches
Pablo Marí\Pablo-Mari,es ESP,DF,Arsenal,27-241,1993,9,9,810,9,0,0,0,0,0,2,0,0,0,0,0,0,Matches
Anthony Martial\Anthony-Martial,fr FRA,FW,Manchester Utd,25-145,1995,22,17,1480,16.4,4,3,4,0,0,0,1,0.24,0.18,0.43,0.24,0.43,Matches
Martinelli\Martinelli,br BRA,FW,Arsenal,19-315,2001,10,5,422,4.7,1,0,1,0,0,0,0,0.21,0,0.21,0.21,0.21,Matches
Emiliano Martínez\Emiliano-Martinez,ar ARG,GK,Aston Villa,28-239,1992,32,32,2880,32,0,0,0,0,0,0,0,0,0,0,0,0,Matches
Arthur Masuaku\Arthur-Masuaku,cd COD,DFFW,West Ham,27-173,1993,12,12,1006,11.2,0,2,0,0,0,2,0,0,0.18,0.18,0,0.18,Matches
Juan Mata\Juan-Mata,es ESP,FW,Manchester Utd,33-001,1988,7,4,338,3.8,0,2,0,0,0,0,0,0,0.53,0.53,0,0.53,Matches
Jean-Philippe Mateta\Jean-Philippe-Mateta,fr FRA,FW,Crystal Palace,23-305,1997,5,2,184,2,1,0,1,0,0,0,0,0.49,0,0.49,0.49,0.49,Matches
Nemanja Mati?\Nemanja-Matic,rs SRB,MF,Manchester Utd,32-271,1988,16,10,916,10.2,0,0,0,0,0,2,0,0,0,0,0,0,Matches
Joël Matip\Joel-Matip,cm CMR,DF,Liverpool,29-264,1991,10,9,691,7.7,1,2,1,0,0,2,0,0.13,0.26,0.39,0.13,0.39,Matches
Neal Maupay\Neal-Maupay,fr FRA,FWMF,Brighton,24-258,1996,31,27,2333,25.9,8,2,5,3,4,1,0,0.31,0.08,0.39,0.19,0.27,Matches
James McArthur\James-McArthur,sco SCO,MF,Crystal Palace,33-204,1987,18,17,1466,16.3,0,2,0,0,0,3,0,0,0.12,0.12,0,0.12,Matches
Oliver McBurnie\Oliver-McBurnie,sco SCO,FW,Sheffield Utd,24-329,1996,23,12,1324,14.7,1,0,1,0,0,2,0,0.07,0,0.07,0.07,0.07,Matches
Alex McCarthy\Alex-McCarthy,eng ENG,GK,Southampton,31-147,1989,26,26,2340,26,0,0,0,0,0,2,0,0,0,0,0,0,Matches
James McCarthy\James-McCarthy,ie IRL,MF,Crystal Palace,30-168,1990,13,7,581,6.5,0,0,0,0,0,1,0,0,0,0,0,0,Matches
John McGinn\John-McGinn,sco SCO,MF,Aston Villa,26-193,1994,31,31,2790,31,2,5,2,0,0,7,0,0.06,0.16,0.23,0.06,0.23,Matches
David McGoldrick\David-McGoldrick,ie IRL,FWMF,Sheffield Utd,33-151,1987,30,23,1955,21.7,7,1,7,0,0,7,0,0.32,0.05,0.37,0.32,0.37,Matches
Dwight McNeil\Dwight-McNeil,eng ENG,MF,Burnley,21-158,1999,31,29,2677,29.7,2,5,2,0,0,1,0,0.07,0.17,0.24,0.07,0.24,Matches
Scott McTominay\Scott-McTominay,sco SCO,MF,Manchester Utd,24-142,1996,29,21,1888,21,4,1,4,0,0,2,0,0.19,0.05,0.24,0.19,0.24,Matches
Ben Mee\Ben-Mee,eng ENG,DF,Burnley,31-218,1989,26,26,2333,25.9,2,0,2,0,0,2,0,0.08,0,0.08,0.08,0.08,Matches
Benjamin Mendy\Benjamin-Mendy,fr FRA,DF,Manchester City,26-286,1994,10,9,767,8.5,2,0,2,0,0,2,0,0.23,0,0.23,0.23,0.23,Matches
Edouard Mendy\Edouard-Mendy,sn SEN,GK,Chelsea,29-059,1992,27,27,2430,27,0,0,0,0,0,1,0,0,0,0,0,0,Matches
Nampalys Mendy\Nampalys-Mendy,sn SEN,MF,Leicester City,28-310,1992,21,15,1375,15.3,0,1,0,0,0,5,0,0,0.07,0.07,0,0.07,Matches
Illan Meslier\Illan-Meslier,fr FRA,GK,Leeds United,21-058,2000,32,32,2880,32,0,0,0,0,0,0,0,0,0,0,0,0,Matches
Luka Milivojevi?\Luka-Milivojevic,rs SRB,MF,Crystal Palace,30-022,1991,28,24,2115,23.5,1,1,0,1,1,7,1,0.04,0.04,0.09,0,0.04,Matches
James Milner\James-Milner,eng ENG,MFDF,Liverpool,35-115,1986,24,11,1053,11.7,0,1,0,0,0,2,0,0,0.09,0.09,0,0.09,Matches
Yerry Mina\Yerry-Mina,co COL,DF,Everton,26-218,1994,22,21,1786,19.8,2,0,2,0,0,2,0,0.1,0,0.1,0.1,0.1,Matches
Takumi Minamino\Takumi-Minamino,jp JPN,MFFW,Southampton,26-103,1995,6,5,410,4.6,2,0,2,0,0,0,0,0.44,0,0.44,0.44,0.44,Matches
Takumi Minamino\Takumi-Minamino,jp JPN,MFFW,Liverpool,26-103,1995,9,2,293,3.3,1,0,1,0,0,0,0,0.31,0,0.31,0.31,0.31,Matches
Tyrone Mings\Tyrone-Mings,eng ENG,DF,Aston Villa,28-047,1993,31,31,2744,30.5,2,2,2,0,0,6,1,0.07,0.07,0.13,0.07,0.13,Matches
Tyrick Mitchell\Tyrick-Mitchell,eng ENG,DF,Crystal Palace,21-240,1999,13,13,1170,13,0,0,0,0,0,1,0,0,0,0,0,0,Matches
Aleksandar Mitrovi?\Aleksandar-Mitrovic,rs SRB,FW,Fulham,26-225,1994,25,12,1302,14.5,3,3,2,1,2,3,0,0.21,0.21,0.41,0.14,0.35,Matches
Jakub Moder\Jakub-Moder,pl POL,DF,Brighton,22-022,1999,7,4,343,3.8,0,0,0,0,0,0,0,0,0,0,0,0,Matches
Jayson Molumby\Jayson-Molumby,ie IRL,MF,Brighton,21-266,1999,1,0,1,0,0,0,0,0,0,0,0,0,0,0,0,0,Matches
Wesley Moraes\Wesley-Moraes,br BRA,FW,Aston Villa,24-154,1996,1,0,1,0,0,0,0,0,0,0,0,0,0,0,0,0,Matches
Wes Morgan\Wes-Morgan,jm JAM,DF,Leicester City,37-098,1984,3,0,18,0.2,0,0,0,0,0,0,0,0,0,0,0,0,Matches
Mason Mount\Mason-Mount,eng ENG,MFFW,Chelsea,22-109,1999,32,28,2545,28.3,6,4,5,1,1,2,0,0.21,0.14,0.35,0.18,0.32,Matches
Lucas Moura\Lucas-Moura,br BRA,FWMF,Tottenham,28-259,1992,28,14,1364,15.2,3,4,3,0,0,0,0,0.2,0.26,0.46,0.2,0.46,Matches
Lys Mousset\Lys-Mousset,fr FRA,FWMF,Sheffield Utd,25-080,1996,10,2,288,3.2,0,0,0,0,0,0,0,0,0,0,0,0,Matches
João Moutinho\Joao-Moutinho,pt POR,MF,Wolves,34-233,1986,29,24,2179,24.2,1,1,1,0,0,5,1,0.04,0.04,0.08,0.04,0.08,Matches
Joel Mumbongo\Joel-Mumbongo,se SWE,FW,Burnley,22-110,1999,4,0,40,0.4,0,0,0,0,0,1,0,0,0,0,0,0,Matches
Jacob Murphy\Jacob-Murphy,eng ENG,DFMF,Newcastle Utd,26-064,1995,21,12,1176,13.1,2,2,2,0,0,3,0,0.15,0.15,0.31,0.15,0.31,Matches
Shkodran Mustafi\Shkodran-Mustafi,de GER,DF,Arsenal,29-012,1992,3,0,47,0.5,0,0,0,0,0,0,0,0,0,0,0,0,Matches
Marvelous Nakamba\Marvelous-Nakamba,zw ZIM,MF,Aston Villa,27-100,1994,11,7,571,6.3,0,0,0,0,0,2,0,0,0,0,0,0,Matches
Iliman Ndiaye\Iliman-Ndiaye,fr FRA,MF,Sheffield Utd,21-281,1999,1,0,12,0.1,0,0,0,0,0,0,0,0,0,0,0,0,Matches
Wilfred Ndidi\Wilfred-Ndidi,ng NGA,MFDF,Leicester City,24-134,1996,21,20,1754,19.5,1,3,1,0,0,5,0,0.05,0.15,0.21,0.05,0.21,Matches
Tanguy Ndombele\Tanguy-Ndombele,fr FRA,MF,Tottenham,24-122,1996,30,28,2054,22.8,3,2,3,0,0,3,0,0.13,0.09,0.22,0.13,0.22,Matches
Reiss Nelson\Reiss-Nelson,eng ENG,FW,Arsenal,21-140,1999,2,0,71,0.8,0,0,0,0,0,0,0,0,0,0,0,0,Matches
Pedro Neto\Pedro-Neto,pt POR,FWMF,Wolves,21-051,2000,31,30,2550,28.3,5,6,5,0,0,4,0,0.18,0.21,0.39,0.18,0.39,Matches
Rúben Neves\Ruben-Neves,pt POR,MF,Wolves,24-047,1997,31,27,2327,25.9,5,1,2,3,3,7,0,0.19,0.04,0.23,0.08,0.12,Matches
Eddie Nketiah\Eddie-Nketiah,eng ENG,FW,Arsenal,21-334,1999,17,4,423,4.7,2,1,2,0,0,0,0,0.43,0.21,0.64,0.43,0.64,Matches
Niels Nkounkou\Niels-Nkounkou,fr FRA,DF,Everton,20-179,2000,1,1,68,0.8,0,0,0,0,0,1,0,0,0,0,0,0,Matches
Dan Nlundulu\Dan-Nlundulu,eng ENG,FW,Southampton,22-083,1999,12,0,110,1.2,0,0,0,0,0,0,0,0,0,0,0,0,Matches
Mark Noble\Mark-Noble,eng ENG,MF,West Ham,33-356,1987,20,8,705,7.8,0,0,0,0,0,1,0,0,0,0,0,0,Matches
Oliver Norwood\Oliver-Norwood,nir NIR,MF,Sheffield Utd,30-017,1991,27,21,1770,19.7,0,0,0,0,0,4,0,0,0,0,0,0,Matches
Jack O'Connell\Jack-OConnell,eng ENG,DF,Sheffield Utd,27-031,1994,2,2,180,2,0,0,0,0,0,0,0,0,0,0,0,0,Matches
Dara O'Shea\Dara-OShea,ie IRL,DF,West Brom,22-056,1999,26,23,2011,22.3,0,0,0,0,0,3,0,0,0,0,0,0,Matches
Michael Obafemi\Michael-Obafemi,ie IRL,FW,Southampton,20-297,2000,1,0,14,0.2,0,0,0,0,0,0,0,0,0,0,0,0,Matches
Denis Odoi\Denis-Odoi,be BEL,DF,Fulham,32-337,1988,3,3,270,3,0,0,0,0,0,1,0,0,0,0,0,0,Matches
Angelo Ogbonna\Angelo-Ogbonna,it ITA,DF,West Ham,32-341,1988,25,25,2222,24.7,2,0,2,0,0,4,0,0.08,0,0.08,0.08,0.08,Matches
Robin Olsen\Robin-Olsen,se SWE,GK,Everton,31-111,1990,7,7,630,7,0,0,0,0,0,1,0,0,0,0,0,0,Matches
Josh Onomah\Josh-Onomah,eng ENG,MF,Fulham,24-002,1997,7,2,171,1.9,0,0,0,0,0,1,0,0,0,0,0,0,Matches
Divock Origi\Divock-Origi,be BEL,FW,Liverpool,26-011,1995,9,2,186,2.1,0,0,0,0,0,0,0,0,0,0,0,0,Matches
Ben Osborn\Ben-Osborn,eng ENG,MFDF,Sheffield Utd,26-267,1994,19,13,1245,13.8,1,0,1,0,0,1,0,0.07,0,0.07,0.07,0.07,Matches
Owen Otasowie\Owen-Otasowie,us USA,MF,Wolves,20-009,2001,5,1,117,1.3,0,1,0,0,0,1,0,0,0.77,0.77,0,0.77,Matches
Alex Oxlade-Chamberlain\Alex-Oxlade-Chamberlain,eng ENG,MFFW,Liverpool,27-257,1993,10,2,238,2.6,0,1,0,0,0,0,0,0,0.38,0.38,0,0.38,Matches
Emerson Palmieri\Emerson-Palmieri,it ITA,DF,Chelsea,26-269,1994,2,0,90,1,0,0,0,0,0,0,0,0,0,0,0,0,Matches
Thomas Partey\Thomas-Partey,gh GHA,MF,Arsenal,27-320,1993,19,15,1256,14,0,2,0,0,0,4,0,0,0.14,0.14,0,0.14,Matches
Rui Patrício\Rui-Patricio,pt POR,GK,Wolves,33-073,1988,33,33,2969,33,0,0,0,0,0,1,0,0,0,0,0,0,Matches
Bailey Peacock-Farrell\Bailey-Peacock-Farrell,nir NIR,GK,Burnley,24-182,1996,3,3,270,3,0,0,0,0,0,0,0,0,0,0,0,0,Matches
Lee Peltier\Lee-Peltier,eng ENG,DF,West Brom,34-139,1986,4,3,229,2.5,0,0,0,0,0,1,0,0,0,0,0,0,Matches
Nicolas Pépé\Nicolas-Pepe,ci CIV,FW,Arsenal,25-335,1995,25,13,1333,14.8,5,1,4,1,1,1,1,0.34,0.07,0.41,0.27,0.34,Matches
Matheus Pereira\Matheus-Pereira,br BRA,MFFW,West Brom,24-359,1996,29,26,2217,24.6,9,5,5,4,4,2,1,0.37,0.2,0.57,0.2,0.41,Matches
Ricardo Pereira\Ricardo-Pereira,pt POR,DF,Leicester City,27-205,1993,12,9,838,9.3,0,1,0,0,0,2,0,0,0.11,0.11,0,0.11,Matches
Ayoze Pérez\Ayoze-Perez,es ESP,FWMF,Leicester City,27-280,1993,20,13,1093,12.1,2,0,2,0,0,1,0,0.16,0,0.16,0.16,0.16,Matches
Kalvin Phillips\Kalvin-Phillips,eng ENG,MF,Leeds United,25-148,1995,25,25,2202,24.5,0,2,0,0,0,7,0,0,0.08,0.08,0,0.08,Matches
Matt Phillips\Matt-Phillips,sco SCO,MF,West Brom,30-047,1991,28,16,1410,15.7,2,1,2,0,0,1,0,0.13,0.06,0.19,0.13,0.19,Matches
Nathaniel Phillips\Nathaniel-Phillips,eng ENG,DF,Liverpool,24-039,1997,12,10,1006,11.2,0,0,0,0,0,2,0,0,0,0,0,0,Matches
Jordan Pickford\Jordan-Pickford,eng ENG,GK,Everton,27-053,1994,25,25,2202,24.5,0,0,0,0,0,1,0,0,0,0,0,0,Matches
Erik Pieters\Erik-Pieters,nl NED,DFMF,Burnley,32-265,1988,20,13,1266,14.1,0,1,0,0,0,1,0,0,0.07,0.07,0,0.07,Matches
Daniel Podence\Daniel-Podence,pt POR,MFFW,Wolves,25-190,1995,22,21,1573,17.5,3,2,3,0,0,3,0,0.17,0.11,0.29,0.17,0.29,Matches
Paul Pogba\Paul-Pogba,fr FRA,MFFW,Manchester Utd,28-045,1993,23,18,1627,18.1,3,3,3,0,0,3,0,0.17,0.17,0.33,0.17,0.33,Matches
Nick Pope\Nick-Pope,eng ENG,GK,Burnley,29-010,1992,30,30,2700,30,0,0,0,0,0,1,0,0,0,0,0,0,Matches
Dennis Praet\Dennis-Praet,be BEL,MFFW,Leicester City,26-350,1994,15,10,718,8,1,1,1,0,0,0,0,0.13,0.13,0.25,0.13,0.25,Matches
Davy Pröpper\Davy-Propper,nl NED,MF,Brighton,29-239,1991,7,2,213,2.4,0,0,0,0,0,0,0,0,0,0,0,0,Matches
Christian Pulisic\Christian-Pulisic,us USA,FWMF,Chelsea,22-223,1998,23,14,1378,15.3,4,1,4,0,0,2,0,0.26,0.07,0.33,0.26,0.33,Matches
Aaron Ramsdale\Aaron-Ramsdale,eng ENG,GK,Sheffield Utd,22-350,1998,33,33,2970,33,0,0,0,0,0,1,0,0,0,0,0,0,Matches
Jacob Ramsey\Jacob-Ramsey,eng ENG,MF,Aston Villa,19-336,2001,17,5,475,5.3,0,0,0,0,0,0,0,0,0,0,0,0,Matches
Kayne Ramsey\Kayne-Ramsey,eng ENG,DF,Southampton,20-201,2000,1,1,90,1,0,0,0,0,0,1,0,0,0,0,0,0,Matches
Darren Randolph\Darren-Randolph,ie IRL,GK,West Ham,33-352,1987,2,2,180,2,0,0,0,0,0,0,0,0,0,0,0,0,Matches
Marcus Rashford\Marcus-Rashford,eng ENG,FW,Manchester Utd,23-180,1997,33,31,2686,29.8,10,8,10,0,0,4,0,0.34,0.27,0.6,0.34,0.6,Matches
Tim Ream\Tim-Ream,us USA,DF,Fulham,33-206,1987,5,5,450,5,0,0,0,0,0,0,0,0,0,0,0,0,Matches
Nathan Redmond\Nathan-Redmond,eng ENG,MFFW,Southampton,27-054,1994,23,12,1267,14.1,2,2,2,0,0,0,0,0.14,0.14,0.28,0.14,0.28,Matches
Harrison Reed\Harrison-Reed,eng ENG,MF,Fulham,26-092,1995,29,24,2126,23.6,0,2,0,0,0,5,0,0,0.08,0.08,0,0.08,Matches
Sergio Reguilón\Sergio-Reguilon,es ESP,DF,Tottenham,24-134,1996,22,21,1794,19.9,0,3,0,0,0,4,0,0,0.15,0.15,0,0.15,Matches
Bobby Reid\Bobby-Reid,jm JAM,FWMF,Fulham,28-086,1993,28,23,1947,21.6,5,0,5,0,0,7,0,0.23,0,0.23,0.23,0.23,Matches
Declan Rice\Declan-Rice,eng ENG,MF,West Ham,22-105,1999,29,29,2610,29,1,1,0,1,1,2,0,0.03,0.03,0.07,0,0.03,Matches
Lewis Richardson\Lewis-Richardson,eng ENG,FWMF,Burnley,18-081,2003,2,0,4,0,0,0,0,0,0,0,0,0,0,0,0,0,Matches
Richarlison\Richarlison,br BRA,FW,Everton,23-354,1997,28,27,2341,26,6,3,5,1,1,3,1,0.23,0.12,0.35,0.19,0.31,Matches
Jaïro Riedewald\Jairo-Riedewald,nl NED,MF,Crystal Palace,24-232,1996,28,16,1553,17.3,2,0,2,0,0,3,0,0.12,0,0.12,0.12,0.12,Matches
Matt Ritchie\Matt-Ritchie,sco SCO,DFMF,Newcastle Utd,31-231,1989,13,10,907,10.1,0,1,0,0,0,1,0,0,0.1,0.1,0,0.1,Matches
Tyler Roberts\Tyler-Roberts,wal WAL,MFFW,Leeds United,22-107,1999,22,12,1144,12.7,0,2,0,0,0,3,0,0,0.16,0.16,0,0.16,Matches
Andrew Robertson\Andrew-Robertson,sco SCO,DF,Liverpool,27-049,1994,33,33,2934,32.6,1,5,1,0,0,2,0,0.03,0.15,0.18,0.03,0.18,Matches
Antonee Robinson\Antonee-Robinson,us USA,DF,Fulham,23-264,1997,26,22,1982,22,0,0,0,0,0,4,1,0,0,0,0,0,Matches
Callum Robinson\Callum-Robinson,ie IRL,FWMF,West Brom,26-086,1995,25,18,1420,15.8,5,0,5,0,0,0,0,0.32,0,0.32,0.32,0.32,Matches
Jack Robinson\Jack-Robinson,eng ENG,DF,Sheffield Utd,27-240,1993,8,6,607,6.7,0,0,0,0,0,2,0,0,0,0,0,0,Matches
Hal Robson-Kanu\Hal-Robson-Kanu,wal WAL,FWMF,West Brom,31-343,1989,15,0,326,3.6,0,0,0,0,0,1,0,0,0,0,0,0,Matches
Marek Rodák\Marek-Rodak,sk SVK,GK,Fulham,24-137,1996,1,1,90,1,0,0,0,0,0,0,0,0,0,0,0,0,Matches
Joe Rodon\Joe-Rodon,wal WAL,DF,Tottenham,23-189,1997,11,8,732,8.1,0,0,0,0,0,0,0,0,0,0,0,0,Matches
Rodri\Rodri,es ESP,MF,Manchester City,24-311,1996,29,27,2353,26.1,2,1,1,1,1,4,0,0.08,0.04,0.11,0.04,0.08,Matches
Rodrigo\Rodrigo,es ESP,MFFW,Leeds United,30-054,1991,21,12,1089,12.1,3,1,3,0,0,3,0,0.25,0.08,0.33,0.25,0.33,Matches
James Rodríguez\James-Rodriguez,co COL,FWMF,Everton,29-291,1991,22,20,1687,18.7,6,4,6,0,0,3,0,0.32,0.21,0.53,0.32,0.53,Matches
Jay Rodriguez\Jay-Rodriguez,eng ENG,FWMF,Burnley,31-274,1989,27,12,1164,12.9,1,2,1,0,0,3,0,0.08,0.15,0.23,0.08,0.23,Matches
Oriol Romeu\Oriol-Romeu,es ESP,MF,Southampton,29-217,1991,20,20,1732,19.2,1,1,1,0,0,6,0,0.05,0.05,0.1,0.05,0.1,Matches
John Ruddy\John-Ruddy,eng ENG,GK,Wolves,34-187,1986,1,0,1,0,0,0,0,0,0,0,0,0,0,0,0,0,Matches
Antonio Rüdiger\Antonio-Rudiger,de GER,DF,Chelsea,28-057,1993,16,16,1440,16,0,0,0,0,0,0,0,0,0,0,0,0,Matches
Mathew Ryan\Mathew-Ryan,au AUS,GK,Arsenal,29-021,1992,2,2,180,2,0,0,0,0,0,0,0,0,0,0,0,0,Matches
Mathew Ryan\Mathew-Ryan,au AUS,GK,Brighton,29-021,1992,11,11,990,11,0,0,0,0,0,1,0,0,0,0,0,0,Matches
Allan Saint-Maximin\Allan-Saint-Maximin,fr FRA,FWMF,Newcastle Utd,24-048,1997,20,14,1163,12.9,3,4,3,0,0,0,0,0.23,0.31,0.54,0.23,0.54,Matches
Romain Saïss\Romain-Saiss,ma MAR,DF,Wolves,31-034,1990,24,24,2137,23.7,3,0,3,0,0,2,0,0.13,0,0.13,0.13,0.13,Matches
Bukayo Saka\Bukayo-Saka,eng ENG,FWDF,Arsenal,19-236,2001,28,27,2317,25.7,5,2,5,0,0,1,0,0.19,0.08,0.27,0.19,0.27,Matches
Mamadou Sakho\Mamadou-Sakho,fr FRA,DF,Crystal Palace,31-075,1990,4,3,276,3.1,0,0,0,0,0,0,0,0,0,0,0,0,Matches
Mohamed Salah\Mohamed-Salah,eg EGY,FW,Liverpool,28-318,1992,32,29,2633,29.3,20,3,14,6,6,0,0,0.68,0.1,0.79,0.48,0.58,Matches
Mohammed Salisu\Mohammed-Salisu,gh GHA,DF,Southampton,22-012,1999,7,5,453,5,0,0,0,0,0,0,0,0,0,0,0,0,Matches
Davinson Sánchez\Davinson-Sanchez,co COL,DF,Tottenham,24-321,1996,17,16,1396,15.5,0,0,0,0,0,1,0,0,0,0,0,0,Matches
Robert Sánchez\Robert-Sanchez,es ESP,GK,Brighton,23-162,1997,22,22,1980,22,0,0,0,0,0,0,0,0,0,0,0,0,Matches
Morgan Sanson\Morgan-Sanson,fr FRA,MF,Aston Villa,26-254,1994,9,3,294,3.3,0,0,0,0,0,3,0,0,0,0,0,0,Matches
Romaine Sawyers\Romaine-Sawyers,kn SKN,MF,West Brom,29-178,1991,19,17,1487,16.5,0,0,0,0,0,2,0,0,0,0,0,0,Matches
Dane Scarlett\Dane-Scarlett,eng ENG,FW,Tottenham,17-036,2004,1,0,1,0,0,0,0,0,0,0,0,0,0,0,0,0,Matches
Fabian Schär\Fabian-Schar,ch SUI,DF,Newcastle Utd,29-130,1991,16,13,1210,13.4,0,0,0,0,0,4,0,0,0,0,0,0,Matches
Jeffrey Schlupp\Jeffrey-Schlupp,gh GHA,MF,Crystal Palace,28-127,1992,21,12,1087,12.1,2,3,2,0,0,2,0,0.17,0.25,0.41,0.17,0.41,Matches
Kasper Schmeichel\Kasper-Schmeichel,dk DEN,GK,Leicester City,34-175,1986,33,33,2970,33,0,0,0,0,0,0,0,0,0,0,0,0,Matches
Nélson Semedo\Nelson-Semedo,pt POR,DF,Wolves,27-164,1993,30,30,2623,29.1,0,1,0,0,0,4,0,0,0.03,0.03,0,0.03,Matches
Jamie Shackleton\Jamie-Shackleton,eng ENG,MFDF,Leeds United,21-203,1999,13,3,461,5.1,0,0,0,0,0,0,0,0,0,0,0,0,Matches
Xherdan Shaqiri\Xherdan-Shaqiri,ch SUI,MFFW,Liverpool,29-201,1991,13,5,524,5.8,0,2,0,0,0,2,0,0,0.34,0.34,0,0.34,Matches
Billy Sharp\Billy-Sharp,eng ENG,FW,Sheffield Utd,35-083,1986,16,7,735,8.2,3,0,1,2,2,1,0,0.37,0,0.37,0.12,0.12,Matches
Luke Shaw\Luke-Shaw,eng ENG,DF,Manchester Utd,25-291,1995,29,27,2384,26.5,1,5,1,0,0,7,0,0.04,0.19,0.23,0.04,0.23,Matches
Jonjo Shelvey\Jonjo-Shelvey,eng ENG,MF,Newcastle Utd,29-061,1992,25,24,2167,24.1,1,2,1,0,0,6,0,0.04,0.08,0.12,0.04,0.12,Matches
Shola Shoretire\Shola-Shoretire,eng ENG,FW,Manchester Utd,17-086,2004,1,0,2,0,0,0,0,0,0,0,0,0,0,0,0,0,Matches
Gylfi Sigurðsson\Gylfi-Sigurdsson,is ISL,MFFW,Everton,31-233,1989,30,19,1834,20.4,6,4,3,3,3,1,0,0.29,0.2,0.49,0.15,0.34,Matches
Bernardo Silva\Bernardo-Silva,pt POR,MFFW,Manchester City,26-262,1994,24,22,1899,21.1,2,6,2,0,0,4,0,0.09,0.28,0.38,0.09,0.38,Matches
Fábio Silva\Fabio-Silva,pt POR,FW,Wolves,18-284,2002,27,6,928,10.3,3,1,2,1,1,2,0,0.29,0.1,0.39,0.19,0.29,Matches
Thiago Silva\Thiago-Silva,br BRA,DF,Chelsea,36-219,1984,19,19,1575,17.5,2,0,2,0,0,5,1,0.11,0,0.11,0.11,0.11,Matches
Moussa Sissoko\Moussa-Sissoko,fr FRA,MF,Tottenham,31-256,1989,24,15,1583,17.6,0,0,0,0,0,3,0,0,0,0,0,0,Matches
Islam Slimani\Islam-Slimani,dz ALG,FW,Leicester City,32-315,1988,1,0,20,0.2,0,0,0,0,0,0,0,0,0,0,0,0,Matches
William Smallbone\William-Smallbone,ie IRL,MF,Southampton,21-067,2000,3,2,172,1.9,0,0,0,0,0,0,0,0,0,0,0,0,Matches
Emile Smith-Rowe\Emile-Smith-Rowe,eng ENG,MFFW,Arsenal,20-275,2000,16,14,1125,12.5,0,4,0,0,0,0,0,0,0.32,0.32,0,0.32,Matches
Robert Snodgrass\Robert-Snodgrass,sco SCO,MFFW,West Brom,33-234,1987,8,6,526,5.8,0,0,0,0,0,2,0,0,0,0,0,0,Matches
Robert Snodgrass\Robert-Snodgrass,sco SCO,FWDF,West Ham,33-234,1987,3,0,5,0.1,0,0,0,0,0,0,0,0,0,0,0,0,Matches
Cédric Soares\Cedric-Soares,pt POR,DF,Arsenal,29-241,1991,10,8,746,8.3,0,1,0,0,0,1,0,0,0.12,0.12,0,0.12,Matches
Tomáš Sou?ek\Tomas-Soucek,cz CZE,MF,West Ham,26-061,1995,33,33,2969,33,9,1,9,0,0,6,1,0.27,0.03,0.3,0.27,0.3,Matches
Ça?lar Söyüncü\Caglar-Soyuncu,tr TUR,DF,Leicester City,24-341,1996,18,14,1369,15.2,0,0,0,0,0,2,0,0,0,0,0,0,Matches
Zack Steffen\Zack-Steffen,us USA,GK,Manchester City,26-027,1995,1,1,90,1,0,0,0,0,0,0,0,0,0,0,0,0,Matches
Dale Stephens\Dale-Stephens,eng ENG,MF,Burnley,31-321,1989,7,3,261,2.9,0,0,0,0,0,1,0,0,0,0,0,0,Matches
Jack Stephens\Jack-Stephens,eng ENG,DF,Southampton,27-092,1994,13,12,1087,12.1,0,0,0,0,0,2,0,0,0,0,0,0,Matches
Raheem Sterling\Raheem-Sterling,eng ENG,FW,Manchester City,26-142,1994,27,24,2176,24.2,9,6,9,0,1,2,0,0.37,0.25,0.62,0.37,0.62,Matches
Enda Stevens\Enda-Stevens,ie IRL,DF,Sheffield Utd,30-294,1990,25,25,2250,25,0,0,0,0,0,5,0,0,0,0,0,0,Matches
John Stones\John-Stones,eng ENG,DF,Manchester City,26-336,1994,20,20,1753,19.5,4,0,4,0,0,0,1,0.21,0,0.21,0.21,0.21,Matches
Pascal Struijk\Pascal-Struijk,nl NED,DFMF,Leeds United,21-261,1999,22,19,1738,19.3,1,0,1,0,0,2,0,0.05,0,0.05,0.05,0.05,Matches
Japhet Tanganga\Japhet-Tanganga,eng ENG,DF,Tottenham,22-029,1999,4,4,315,3.5,0,0,0,0,0,1,0,0,0,0,0,0,Matches
Matt Targett\Matt-Targett,eng ENG,DF,Aston Villa,25-223,1995,32,32,2864,31.8,0,1,0,0,0,7,0,0,0.03,0.03,0,0.03,Matches
James Tarkowski\James-Tarkowski,eng ENG,DF,Burnley,28-161,1992,31,31,2790,31,1,0,1,0,0,6,0,0.03,0,0.03,0.03,0.03,Matches
Percy Tau\Percy-Tau,za RSA,FWMF,Brighton,26-351,1994,2,1,85,0.9,0,0,0,0,0,0,0,0,0,0,0,0,Matches
Sidnei Tavares\Sidnei-Tavares,pt POR,MF,Leicester City,19-212,2001,2,1,85,0.9,0,0,0,0,0,0,0,0,0,0,0,0,Matches
Charlie Taylor\Charlie-Taylor,eng ENG,DF,Burnley,27-223,1993,24,23,1976,22,0,1,0,0,0,1,0,0,0.05,0.05,0,0.05,Matches
Neil Taylor\Neil-Taylor,wal WAL,DF,Aston Villa,32-081,1989,1,0,16,0.2,0,0,0,0,0,1,0,0,0,0,0,0,Matches
Allan Tchaptchet\Allan-Tchaptchet,fr FRA,DF,Southampton,19-129,2001,1,0,13,0.1,0,0,0,0,0,0,0,0,0,0,0,0,Matches
Nathan Tella\Nathan-Tella,eng ENG,FWMF,Southampton,21-298,1999,13,4,535,5.9,0,0,0,0,0,2,0,0,0,0,0,0,Matches
Alex Telles\Alex-Telles,br BRA,DF,Manchester Utd,28-135,1992,7,6,510,5.7,0,2,0,0,0,0,0,0,0.35,0.35,0,0.35,Matches
Kenny Tete\Kenny-Tete,nl NED,DF,Fulham,25-202,1995,18,15,1246,13.8,0,1,0,0,0,2,0,0,0.07,0.07,0,0.07,Matches
Luke Thomas\Luke-Thomas,eng ENG,DF,Leicester City,19-323,2001,9,8,609,6.8,0,0,0,0,0,2,0,0,0,0,0,0,Matches
Youri Tielemans\Youri-Tielemans,be BEL,MF,Leicester City,23-357,1997,33,32,2907,32.3,6,3,4,2,2,6,0,0.19,0.09,0.28,0.12,0.22,Matches
Kieran Tierney\Kieran-Tierney,sco SCO,DF,Arsenal,23-328,1997,23,23,2014,22.4,1,2,1,0,0,4,0,0.04,0.09,0.13,0.04,0.13,Matches
James Tomkins\James-Tomkins,eng ENG,DF,Crystal Palace,32-031,1989,5,4,388,4.3,0,0,0,0,0,1,0,0,0,0,0,0,Matches
Fikayo Tomori\Fikayo-Tomori,eng ENG,DF,Chelsea,23-131,1997,1,0,45,0.5,0,0,0,0,0,0,0,0,0,0,0,0,Matches
Ferrán Torres\Ferran-Torres,es ESP,FW,Manchester City,21-059,2000,19,11,1025,11.4,3,2,3,0,0,1,0,0.26,0.18,0.44,0.26,0.44,Matches
Cenk Tosun\Cenk-Tosun,tr TUR,FW,Everton,29-326,1991,5,0,48,0.5,0,0,0,0,0,1,0,0,0,0,0,0,Matches
Andros Townsend\Andros-Townsend,eng ENG,MFFW,Crystal Palace,29-287,1991,29,20,1833,20.4,1,4,1,0,0,0,0,0.05,0.2,0.25,0.05,0.25,Matches
Conor Townsend\Conor-Townsend,eng ENG,DF,West Brom,28-056,1993,20,20,1784,19.8,0,0,0,0,0,0,0,0,0,0,0,0,Matches
Adama Traoré\Adama-Traore,es ESP,FW,Wolves,25-094,1996,32,24,2323,25.8,1,2,1,0,0,4,0,0.04,0.08,0.12,0.04,0.12,Matches
Bertrand Traoré\Bertrand-Traore,bf BFA,FW,Aston Villa,25-235,1995,30,23,1845,20.5,5,4,5,0,0,0,0,0.24,0.2,0.44,0.24,0.44,Matches
Trézéguet\Trezeguet,eg EGY,FW,Aston Villa,26-210,1994,21,12,1166,13,2,1,2,0,0,0,0,0.15,0.08,0.23,0.15,0.23,Matches
Leandro Trossard\Leandro-Trossard,be BEL,FWMF,Brighton,26-146,1994,30,26,2281,25.3,4,5,4,0,0,2,0,0.16,0.2,0.36,0.16,0.36,Matches
Kostas Tsimikas\Kostas-Tsimikas,gr GRE,DF,Liverpool,24-352,1996,1,0,6,0.1,0,0,0,0,0,0,0,0,0,0,0,0,Matches
Axel Tuanzebe\Axel-Tuanzebe,eng ENG,DF,Manchester Utd,23-166,1997,6,1,134,1.5,0,0,0,0,0,2,0,0,0,0,0,0,Matches
Cengiz Ünder\Cengiz-Under,tr TUR,MFFW,Leicester City,23-289,1997,9,1,281,3.1,0,2,0,0,0,0,0,0,0.64,0.64,0,0.64,Matches
Yan Valery\Yan-Valery,fr FRA,DFMF,Southampton,22-066,1999,3,1,103,1.1,0,0,0,0,0,0,0,0,0,0,0,0,Matches
Jamie Vardy\Jamie-Vardy,eng ENG,FW,Leicester City,34-108,1987,29,26,2401,26.7,13,8,7,6,7,1,0,0.49,0.3,0.79,0.26,0.56,Matches
Joël Veltman\Joel-Veltman,nl NED,DF,Brighton,29-104,1992,27,24,2191,24.3,1,1,1,0,0,3,0,0.04,0.04,0.08,0.04,0.08,Matches
Jannik Vestergaard\Jannik-Vestergaard,dk DEN,DF,Southampton,28-269,1992,24,23,2115,23.5,3,0,3,0,0,2,0,0.13,0,0.13,0.13,0.13,Matches
Rúben Vinagre\Ruben-Vinagre,pt POR,DF,Wolves,22-020,1999,2,1,173,1.9,0,0,0,0,0,0,0,0,0,0,0,0,Matches
Carlos Vinícius\Carlos-Vinicius,br BRA,FW,Tottenham,26-035,1995,9,3,308,3.4,1,0,1,0,0,2,0,0.29,0,0.29,0.29,0.29,Matches
João Virgínia\Joao-Virginia,pt POR,GK,Everton,21-201,1999,1,0,48,0.5,0,0,0,0,0,0,0,0,0,0,0,0,Matches
Vitinha\Vitinha,pt POR,MFFW,Wolves,21-075,2000,15,2,292,3.2,0,1,0,0,0,0,0,0,0.31,0.31,0,0.31,Matches
Jake Vokins\Jake-Vokins,eng ENG,DF,Southampton,21-043,2000,1,1,66,0.7,0,0,0,0,0,0,0,0,0,0,0,0,Matches
Mat?j Vydra\Matej-Vydra,cz CZE,FW,Burnley,28-363,1992,23,12,1121,12.5,3,1,3,0,0,0,0,0.24,0.08,0.32,0.24,0.32,Matches
Theo Walcott\Theo-Walcott,eng ENG,MFFW,Southampton,32-044,1989,18,18,1461,16.2,2,3,2,0,0,0,0,0.12,0.18,0.31,0.12,0.31,Matches
Theo Walcott\Theo-Walcott,eng ENG,FW,Everton,32-044,1989,1,0,13,0.1,0,0,0,0,0,0,0,0,0,0,0,0,Matches
Kyle Walker\Kyle-Walker,eng ENG,DF,Manchester City,30-336,1990,22,20,1766,19.6,1,1,1,0,0,1,0,0.05,0.05,0.1,0.05,0.1,Matches
Kyle Walker-Peters\Kyle-Walker-Peters,eng ENG,DF,Southampton,24-016,1997,24,24,2136,23.7,0,1,0,0,0,4,0,0,0.04,0.04,0,0.04,Matches
Aaron Wan-Bissaka\Aaron-Wan-Bissaka,eng ENG,DF,Manchester Utd,23-154,1997,31,31,2790,31,2,2,2,0,0,3,0,0.06,0.06,0.13,0.06,0.13,Matches
Joel Ward\Joel-Ward,eng ENG,DF,Crystal Palace,31-182,1989,20,19,1716,19.1,0,1,0,0,0,3,0,0,0.05,0.05,0,0.05,Matches
James Ward-Prowse\James-Ward-Prowse,eng ENG,MF,Southampton,26-179,1994,32,32,2880,32,7,6,5,2,3,5,0,0.22,0.19,0.41,0.16,0.34,Matches
Ollie Watkins\Ollie-Watkins,eng ENG,FW,Aston Villa,25-120,1995,32,32,2880,32,12,4,11,1,2,2,0,0.37,0.12,0.5,0.34,0.47,Matches
Caleb Watts\Caleb-Watts,au AUS,MFFW,Southampton,19-103,2002,3,0,39,0.4,0,0,0,0,0,1,0,0,0,0,0,0,Matches
Adam Webster\Adam-Webster,eng ENG,DF,Brighton,26-115,1995,24,24,2144,23.8,0,0,0,0,0,3,0,0,0,0,0,0,Matches
Danny Welbeck\Danny-Welbeck,eng ENG,FW,Brighton,30-154,1990,20,13,1261,14,4,1,4,0,1,0,0,0.29,0.07,0.36,0.29,0.36,Matches
Timo Werner\Timo-Werner,de GER,FW,Chelsea,25-054,1996,31,25,2243,24.9,6,6,6,0,0,1,0,0.24,0.24,0.48,0.24,0.48,Matches
Ashley Westwood\Ashley-Westwood,eng ENG,MF,Burnley,31-028,1990,33,33,2960,32.9,2,3,2,0,0,6,0,0.06,0.09,0.15,0.06,0.15,Matches
Ben White\Ben-White,eng ENG,DFMF,Brighton,23-203,1997,31,31,2741,30.5,0,0,0,0,0,5,1,0,0,0,0,0,Matches
Georginio Wijnaldum\Georginio-Wijnaldum,nl NED,MF,Liverpool,30-169,1990,33,30,2608,29,2,0,2,0,0,1,0,0.07,0,0.07,0.07,0.07,Matches
Brandon Williams\Brandon-Williams,eng ENG,DF,Manchester Utd,20-238,2000,2,0,8,0.1,0,0,0,0,0,0,0,0,0,0,0,0,Matches
Neco Williams\Neco-Williams,wal WAL,DF,Liverpool,20-016,2001,5,3,248,2.8,0,0,0,0,0,1,0,0,0,0,0,0,Matches
Rhys Williams\Rhys-Williams,eng ENG,DF,Liverpool,20-085,2001,4,2,218,2.4,0,0,0,0,0,0,0,0,0,0,0,0,Matches
Willian\Willian,br BRA,FWMF,Arsenal,32-263,1988,23,14,1226,13.6,0,5,0,0,0,0,0,0,0.37,0.37,0,0.37,Matches
Joe Willock\Joe-Willock,eng ENG,MF,Arsenal,21-252,1999,7,2,238,2.6,0,0,0,0,0,1,0,0,0,0,0,0,Matches
Joe Willock\Joe-Willock,eng ENG,MF,Newcastle Utd,21-252,1999,10,7,638,7.1,4,0,4,0,0,0,0,0.56,0,0.56,0.56,0.56,Matches
Callum Wilson\Callum-Wilson,eng ENG,FW,Newcastle Utd,29-061,1992,24,21,1904,21.2,10,5,6,4,4,2,0,0.47,0.24,0.71,0.28,0.52,Matches
Harry Winks\Harry-Winks,eng ENG,MF,Tottenham,25-086,1996,11,7,655,7.3,0,0,0,0,0,4,0,0,0,0,0,0,Matches
Chris Wood\Chris-Wood,nz NZL,FW,Burnley,29-143,1991,28,27,2327,25.9,10,3,9,1,1,0,0,0.39,0.12,0.5,0.35,0.46,Matches
Granit Xhaka\Granit-Xhaka,ch SUI,MFDF,Arsenal,28-214,1992,28,27,2329,25.9,1,2,1,0,0,6,1,0.04,0.08,0.12,0.04,0.12,Matches
Andriy Yarmolenko\Andriy-Yarmolenko,ua UKR,FWMF,West Ham,31-188,1989,14,1,357,4,0,1,0,0,0,3,0,0,0.25,0.25,0,0.25,Matches
DeAndre Yedlin\DeAndre-Yedlin,us USA,DF,Newcastle Utd,27-294,1993,6,5,436,4.8,0,0,0,0,0,0,0,0,0,0,0,0,Matches
Okay Yoku?lu\Okay-Yokuslu,tr TUR,MF,West Brom,27-051,1994,11,10,889,9.9,0,1,0,0,0,3,0,0,0.1,0.1,0,0.1,Matches
Wilfried Zaha\Wilfried-Zaha,ci CIV,FW,Crystal Palace,28-170,1992,24,23,2072,23,10,2,8,2,2,4,0,0.43,0.09,0.52,0.35,0.43,Matches
Andre-Frank Zambo Anguissa\Andre-Frank-Zambo-Anguissa,cm CMR,MF,Fulham,25-164,1995,31,24,2210,24.6,0,3,0,0,0,5,0,0,0.12,0.12,0,0.12,Matches
Andi Zeqiri\Andi-Zeqiri,ch SUI,DFFW,Brighton,21-311,1999,6,0,124,1.4,0,0,0,0,0,0,0,0,0,0,0,0,Matches
Oleksandr Zinchenko\Oleksandr-Zinchenko,ua UKR,DF,Manchester City,24-135,1996,16,13,1263,14,0,0,0,0,0,0,0,0,0,0,0,0,Matches
Hakim Ziyech\Hakim-Ziyech,ma MAR,FWMF,Chelsea,28-041,1993,19,13,988,11,1,3,1,0,0,3,0,0.09,0.27,0.36,0.09,0.36,Matches
Kurt Zouma\Kurt-Zouma,fr FRA,DF,Chelsea,26-184,1994,20,20,1800,20,5,0,5,0,0,2,0,0.25,0,0.25,0.25,0.25,Matches
Martin Ødegaard\Martin-Odegaard,no NOR,MF,Arsenal,22-133,1998,10,6,581,6.5,1,0,1,0,0,0,0,0.15,0,0.15,0.15,0.15,Matches
