Player,Nation,Pos,Squad,Age,Born,MP,Starts,Min,90s,Gls,Ast,G-PK,PK,PKatt,CrdY,CrdR,Gls,Ast,G+A,G-PK,G+A-PK,xG,npxG,xA,npxG+xA,xG,xA,xG+xA,npxG,npxG+xA,Matches
Aly Abeid\Aly-Abeid,mr MTN,DF,Levante,19,1997,1,1,76,0.8,0,0,0,0,0,0,0,0,0,0,0,0,0,0,0.2,0.2,0,0.19,0.19,0,0.19,Matches
Antonio Adán\Antonio-Adan,es ESP,GK,Betis,30,1987,30,30,2700,30,0,0,0,0,0,4,0,0,0,0,0,0,0,0,0.4,0.4,0,0.01,0.01,0,0.01,Matches
Aday\Aday,es ESP,DFMF,Girona,29,1987,31,20,1840,20.4,2,0,1,1,2,10,0,0.1,0,0.1,0.05,0.05,2.6,1.1,1.8,2.9,0.13,0.09,0.21,0.06,0.14,Matches
Aritz Aduriz\Aritz-Aduriz,es ESP,FW,Athletic Club,36,1981,33,21,2155,23.9,9,3,6,3,5,5,0,0.38,0.13,0.5,0.25,0.38,10.6,7.1,1.1,8.1,0.44,0.04,0.49,0.3,0.34,Matches
Martin Agirregabiria\Martin-Agirregabiria,es ESP,DF,Alavés,21,1996,21,20,1827,20.3,0,4,0,0,0,4,0,0,0.2,0.2,0,0.2,0,0,1.2,1.2,0,0.06,0.06,0,0.06,Matches
Imanol Agirretxe\Imanol-Agirretxe,es ESP,FW,Real Sociedad,30,1987,11,2,238,2.6,0,0,0,0,0,0,0,0,0,0,0,0,1.2,1.2,0.1,1.2,0.47,0.03,0.5,0.47,0.5,Matches
Matías Aguirregaray\Matias-Aguirregaray,uy URU,DF,Las Palmas,28,1989,15,14,1152,12.8,0,0,0,0,0,3,0,0,0,0,0,0,0.5,0.5,0.6,1,0.04,0.04,0.08,0.04,0.08,Matches
Ager Aketxe\Ager-Aketxe,es ESP,MF,Athletic Club,23,1993,3,0,41,0.5,0,0,0,0,0,1,0,0,0,0,0,0,0.1,0.1,0,0.1,0.23,0,0.23,0.23,0.23,Matches
David Alba\David-Alba,es ESP,DF,Getafe,18,1999,1,1,61,0.7,0,0,0,0,0,0,0,0,0,0,0,0,0,0,0,0,0,0,0,0,0,Matches
Jordi Alba\Jordi-Alba,es ESP,DF,Barcelona,28,1989,33,30,2741,30.5,2,6,2,0,0,7,0,0.07,0.2,0.26,0.07,0.26,1.9,1.9,4.1,6,0.06,0.13,0.2,0.06,0.2,Matches
Raúl Albentosa\Raul-Albentosa,es ESP,DF,La Coruña,28,1988,20,19,1747,19.4,1,0,1,0,0,5,0,0.05,0,0.05,0.05,0.05,1.4,1.4,0.1,1.4,0.07,0,0.07,0.07,0.07,Matches
Paco Alcácer\Paco-Alcacer,es ESP,FWMF,Barcelona,23,1993,17,8,698,7.8,4,2,4,0,0,0,0,0.52,0.26,0.77,0.52,0.77,3,3,2.3,5.3,0.39,0.3,0.69,0.39,0.69,Matches
Pedro Alcalá\Pedro-Alcala,es ESP,DF,Girona,28,1989,8,8,688,7.6,1,0,1,0,0,4,0,0.13,0,0.13,0.13,0.13,0.8,0.8,0.2,1,0.1,0.03,0.13,0.1,0.13,Matches
Steve Aldo One\Steve-Aldo-One,cm CMR,DF,La Coruña,22,1995,1,1,90,1,0,0,0,0,0,0,0,0,0,0,0,0,0,0,0,0,0,0,0,0,0,Matches
Álex Alegría\Alex-Alegria,es ESP,FW,Levante,24,1992,9,8,625,6.9,0,1,0,0,0,1,0,0,0.14,0.14,0,0.14,0.9,0.9,0.2,1.1,0.13,0.03,0.15,0.13,0.15,Matches
Iván Alejo\Ivan-Alejo,es ESP,FWMF,Eibar,22,1995,22,14,1127,12.5,1,3,1,0,0,5,0,0.08,0.24,0.32,0.08,0.32,0.5,0.5,1.5,2,0.04,0.12,0.16,0.04,0.16,Matches
Alexander\Alexander,ar ARG,FWMF,Leganés,28,1988,13,13,1056,11.7,2,2,1,1,1,1,0,0.17,0.17,0.34,0.09,0.26,2.7,2,2.3,4.3,0.23,0.19,0.42,0.17,0.36,Matches
Alexis\Alexis,es ESP,DF,Alavés,31,1985,28,25,2183,24.3,1,0,1,0,0,6,0,0.04,0,0.04,0.04,0.04,0.9,0.9,0.1,1,0.04,0,0.04,0.04,0.04,Matches
José Alonso Lara\Jose-Alonso-Lara,es ESP,FW,Sevilla,17,2000,1,0,9,0.1,0,0,0,0,0,0,0,0,0,0,0,0,0,0,0,0,0,0,0,0,0,Matches
Sergio Álvarez\Sergio-Alvarez,es ESP,GK,Celta Vigo,30,1986,17,16,1479,16.4,0,0,0,0,0,0,0,0,0,0,0,0,0,0,0.1,0.1,0,0.01,0.01,0,0.01,Matches
Yeray Álvarez\Yeray-Alvarez,es ESP,DF,Athletic Club,22,1995,8,7,675,7.5,0,0,0,0,0,2,0,0,0,0,0,0,0,0,0,0,0,0,0.01,0,0.01,Matches
Eloi Amagat\Eloi-Amagat,es ESP,FWMF,Girona,32,1985,2,0,17,0.2,0,0,0,0,0,0,0,0,0,0,0,0,0.3,0.3,0,0.3,1.74,0,1.74,1.74,1.74,Matches
Jordi Amat\Jordi-Amat,es ESP,DFMF,Betis,25,1992,25,24,2047,22.7,0,0,0,0,0,7,3,0,0,0,0,0,0.7,0.7,0.1,0.7,0.03,0,0.03,0.03,0.03,Matches
Amath\Amath,sn SEN,MFFW,Getafe,21,1996,37,36,2835,31.5,3,0,3,0,0,9,0,0.1,0,0.1,0.1,0.1,5.2,5.2,2,7.3,0.16,0.06,0.23,0.16,0.23,Matches
Nordin Amrabat\Nordin-Amrabat,ma MAR,FWMF,Leganés,30,1987,30,17,1622,18,2,1,2,0,0,6,2,0.11,0.06,0.17,0.11,0.17,3.2,3.2,3.1,6.3,0.18,0.17,0.35,0.18,0.35,Matches
Jon Ander Serantes\Jon-Ander-Serantes,es ESP,GK,Leganés,27,1989,1,1,90,1,0,0,0,0,0,0,0,0,0,0,0,0,0,0,0,0,0,0,0,0,0,Matches
Florin Andone\Florin-Andone,ro ROU,FW,La Coruña,24,1993,29,16,1636,18.2,7,3,7,0,0,6,0,0.39,0.17,0.55,0.39,0.55,9.2,9.2,1,10.3,0.51,0.06,0.57,0.51,0.57,Matches
Miguel Ángel Guerrero\Miguel-Angel-Guerrero,es ESP,FW,Leganés,27,1990,22,15,1445,16.1,4,3,4,0,1,3,0,0.25,0.19,0.44,0.25,0.44,5,4.2,1.7,5.9,0.31,0.11,0.42,0.26,0.37,Matches
Miguel Ángel Moyá\Miguel-Angel-Moya,es ESP,GK,Real Sociedad,33,1984,9,9,763,8.5,0,0,0,0,0,0,0,0,0,0,0,0,0,0,0,0,0,0,0,0,0,Matches
Miguel Ángel Rubio\Miguel-Angel-Rubio,es ESP,DF,Getafe,19,1998,1,0,29,0.3,0,0,0,0,0,0,0,0,0,0,0,0,0,0,0,0,0,0,0,0,0,Matches
José Ángel\Jose-Angel,es ESP,DF,Eibar,27,1989,30,28,2423,26.9,0,7,0,0,0,4,0,0,0.26,0.26,0,0.26,0.5,0.5,3.3,3.8,0.02,0.12,0.14,0.02,0.14,Matches
Vitorino Antunes\Vitorino-Antunes,pt POR,DF,Getafe,30,1987,34,31,2801,31.1,0,2,0,0,1,14,0,0,0.06,0.06,0,0.06,1.7,0.9,1.9,2.7,0.05,0.06,0.11,0.03,0.09,Matches
Alberto Aquilani\Alberto-Aquilani,it ITA,MF,Las Palmas,33,1984,21,15,1298,14.4,0,0,0,0,0,4,0,0,0,0,0,0,0.7,0.7,0.7,1.4,0.05,0.05,0.1,0.05,0.1,Matches
Mauro Arambarri\Mauro-Arambarri,uy URU,MF,Getafe,21,1995,27,26,2125,23.6,1,2,1,0,0,9,2,0.04,0.08,0.13,0.04,0.13,1.5,1.5,1.1,2.6,0.06,0.05,0.11,0.06,0.11,Matches
Guilherme Arana\Guilherme-Arana,br BRA,DF,Sevilla,20,1997,3,2,193,2.1,0,0,0,0,0,0,0,0,0,0,0,0,0,0,0.1,0.1,0,0.05,0.05,0,0.05,Matches
Sergio Araujo\Sergio-Araujo,ar ARG,FWMF,Las Palmas,25,1992,2,0,40,0.4,0,0,0,0,0,0,0,0,0,0,0,0,0.1,0.1,0,0.1,0.34,0,0.34,0.34,0.34,Matches
Anaitz Arbilla\Anaitz-Arbilla,es ESP,DF,Eibar,30,1987,29,26,2416,26.8,2,1,2,0,0,8,0,0.07,0.04,0.11,0.07,0.11,0.8,0.8,0.5,1.3,0.03,0.02,0.05,0.03,0.05,Matches
José Arnaiz\Jose-Arnaiz,es ESP,MF,Barcelona,22,1995,1,0,6,0.1,0,0,0,0,0,0,0,0,0,0,0,0,0,0,0,0,0,0,0,0,0,Matches
Alejandro Arribas\Alejandro-Arribas,es ESP,DF,La Coruña,28,1989,3,3,270,3,0,0,0,0,0,0,0,0,0,0,0,0,0.2,0.2,0,0.2,0.06,0,0.06,0.06,0.06,Matches
Sergio Arribas\Sergio-Arribas,es ESP,FW,Leganés,22,1995,1,0,24,0.3,0,0,0,0,0,0,0,0,0,0,0,0,,,,,,,,,,Matches
Kepa Arrizabalaga\Kepa-Arrizabalaga,es ESP,GK,Athletic Club,22,1994,30,30,2700,30,0,0,0,0,0,4,0,0,0,0,0,0,0,0,0,0,0,0,0,0,0,Matches
Aythami Artiles\Aythami-Artiles,es ESP,DF,Las Palmas,31,1986,3,2,185,2.1,0,0,0,0,0,0,0,0,0,0,0,0,0,0,0,0,0,0,0,0,0,Matches
Sergio Asenjo\Sergio-Asenjo,es ESP,GK,Villarreal,28,1989,23,23,2070,23,0,0,0,0,0,3,0,0,0,0,0,0,0,0,0,0,0,0,0,0,0,Matches
Marco Asensio\Marco-Asensio,es ESP,FWMF,Real Madrid,21,1996,32,19,1845,20.5,6,4,6,0,0,2,0,0.29,0.2,0.49,0.29,0.49,4.8,4.8,5.6,10.4,0.24,0.27,0.51,0.24,0.51,Matches
Iago Aspas\Iago-Aspas,es ESP,FW,Celta Vigo,29,1987,34,33,2933,32.6,22,5,20,2,3,9,0,0.68,0.15,0.83,0.61,0.77,16.4,14.2,6.5,20.7,0.5,0.2,0.7,0.43,0.63,Matches
Carlos Bacca\Carlos-Bacca,co COL,FW,Villarreal,30,1986,35,30,2477,27.5,15,5,14,1,1,9,0,0.55,0.18,0.73,0.51,0.69,13.6,12.9,4.7,17.6,0.49,0.17,0.66,0.46,0.63,Matches
Cédric Bakambu\Cedric-Bakambu,cd COD,FW,Villarreal,26,1991,15,15,1258,14,9,0,8,1,1,5,0,0.64,0,0.64,0.57,0.57,5.3,4.6,1.2,5.7,0.38,0.08,0.46,0.32,0.41,Matches
Zakaria Bakkali\Zakaria-Bakkali,be BEL,FWMF,La Coruña,21,1996,23,10,914,10.2,0,0,0,0,0,5,0,0,0,0,0,0,1.5,1.5,0.6,2,0.15,0.06,0.2,0.15,0.2,Matches
Gareth Bale\Gareth-Bale,wal WAL,FWMF,Real Madrid,28,1989,26,20,1794,19.9,16,4,15,1,1,5,0,0.8,0.2,1,0.75,0.95,11.7,11,4.9,15.9,0.58,0.25,0.83,0.55,0.79,Matches
Mikel Balenziaga\Mikel-Balenziaga,es ESP,DF,Athletic Club,29,1988,18,18,1547,17.2,0,2,0,0,0,1,0,0,0.12,0.12,0,0.12,0.3,0.3,0.9,1.2,0.02,0.05,0.07,0.02,0.07,Matches
Éver Banega\Ever-Banega,ar ARG,MF,Sevilla,29,1988,31,25,2399,26.7,3,3,0,3,3,9,1,0.11,0.11,0.23,0,0.11,3.8,1.5,5.2,6.7,0.14,0.2,0.34,0.06,0.25,Matches
Léo Baptistão\Leo-Baptistao,br BRA,FWMF,Espanyol,24,1992,36,31,2672,29.7,8,3,8,0,0,4,0,0.27,0.1,0.37,0.27,0.37,10.3,10.3,3.7,14,0.35,0.12,0.47,0.35,0.47,Matches
Mariano Barbosa\Mariano-Barbosa,ar ARG,GK,Villarreal,33,1984,13,12,1125,12.5,0,0,0,0,0,0,0,0,0,0,0,0,0,0,0,0,0,0,0,0,0,Matches
Enis Bardhi\Enis-Bardhi,mk MKD,MF,Levante,22,1995,26,16,1582,17.6,9,1,9,0,0,9,0,0.51,0.06,0.57,0.51,0.57,3,3,1.4,4.5,0.17,0.08,0.25,0.17,0.25,Matches
Antonio Barragán\Antonio-Barragan,es ESP,DFMF,Betis,30,1987,29,28,2370,26.3,0,7,0,0,0,7,0,0,0.27,0.27,0,0.27,0.3,0.3,2.3,2.6,0.01,0.09,0.1,0.01,0.1,Matches
Barri\Barri,es ESP,MFFW,Getafe,21,1995,2,1,115,1.3,0,0,0,0,0,0,0,0,0,0,0,0,0.1,0.1,0,0.1,0.1,0,0.1,0.1,0.1,Matches
Marc Bartra\Marc-Bartra,es ESP,DF,Betis,26,1991,16,16,1419,15.8,1,0,1,0,0,6,0,0.06,0,0.06,0.06,0.06,0.8,0.8,0.6,1.4,0.05,0.04,0.09,0.05,0.09,Matches
Borja Bastón\Borja-Baston,es ESP,FW,Málaga,24,1992,20,8,992,11,2,0,1,1,2,2,0,0.18,0,0.18,0.09,0.09,4.1,2.6,0.6,3.2,0.38,0.06,0.43,0.24,0.29,Matches
Jon Bautista\Jon-Bautista,es ESP,FWMF,Real Sociedad,22,1995,11,1,188,2.1,1,0,1,0,0,0,0,0.48,0,0.48,0.48,0.48,1.7,1.7,0.2,1.9,0.9,0.09,1,0.9,1,Matches
Paul Baysse\Paul-Baysse,fr FRA,DF,Málaga,29,1988,15,13,1241,13.8,1,0,1,0,0,1,0,0.07,0,0.07,0.07,0.07,0.8,0.8,0,0.8,0.06,0,0.06,0.06,0.06,Matches
Claudio Beauvue\Claudio-Beauvue,GPE,FW,Leganés,29,1988,28,17,1671,18.6,2,0,2,0,0,4,0,0.11,0,0.11,0.11,0.11,4.7,4.7,0.9,5.7,0.25,0.05,0.31,0.25,0.31,Matches
Bebé\Bebe,pt POR,MFFW,Eibar,27,1990,9,3,365,4.1,0,1,0,0,0,0,0,0,0.25,0.25,0,0.25,0.2,0.2,0.8,1.1,0.06,0.21,0.27,0.06,0.27,Matches
Wissam Ben Yedder\Wissam-Ben-Yedder,fr FRA,FW,Sevilla,26,1990,25,18,1701,18.9,9,3,8,1,1,2,2,0.48,0.16,0.63,0.42,0.58,10.6,9.8,2.4,12.2,0.56,0.13,0.69,0.52,0.65,Matches
Karim Benzema\Karim-Benzema,fr FRA,FW,Real Madrid,29,1987,32,25,2149,23.9,5,9,3,2,2,0,0,0.21,0.38,0.59,0.13,0.5,10.5,9,5.7,14.7,0.44,0.24,0.68,0.38,0.61,Matches
Markel Bergara\Markel-Bergara,es ESP,MF,Getafe,31,1986,18,18,1457,16.2,4,0,4,0,0,5,0,0.25,0,0.25,0.25,0.25,3,3,0.1,3.1,0.18,0.01,0.19,0.18,0.19,Matches
Pedro Bigas\Pedro-Bigas,es ESP,DF,Las Palmas,26,1990,12,11,893,9.9,0,0,0,0,0,3,0,0,0,0,0,0,0.2,0.2,0.3,0.5,0.02,0.03,0.05,0.02,0.05,Matches
Rubén Blanco\Ruben-Blanco,es ESP,GK,Celta Vigo,22,1995,22,22,1941,21.6,0,0,0,0,0,3,1,0,0,0,0,0,0,0,0,0,0,0,0,0,0,Matches
Emmanuel Boateng\Emmanuel-Boateng,gh GHA,FW,Levante,21,1996,25,10,1281,14.2,6,0,6,0,0,5,0,0.42,0,0.42,0.42,0.42,6.7,6.7,1.2,7.9,0.47,0.09,0.56,0.47,0.56,Matches
Daniele Bonera\Daniele-Bonera,it ITA,DF,Villarreal,36,1981,15,14,1192,13.2,0,1,0,0,0,4,1,0,0.08,0.08,0,0.08,0.1,0.1,0,0.1,0.01,0,0.01,0.01,0.01,Matches
Celso Borges\Celso-Borges,cr CRC,MF,La Coruña,29,1988,32,26,2295,25.5,3,3,3,0,0,4,2,0.12,0.12,0.24,0.12,0.24,3.5,3.5,2.2,5.6,0.14,0.08,0.22,0.14,0.22,Matches
Ryad Boudebouz\Ryad-Boudebouz,dz ALG,MFFW,Betis,27,1990,27,15,1364,15.2,2,3,2,0,0,2,0,0.13,0.2,0.33,0.13,0.33,1,1,2.7,3.7,0.06,0.18,0.24,0.06,0.24,Matches
Yassine Bounou\Yassine-Bounou,ma MAR,GK,Girona,26,1991,30,30,2655,29.5,0,0,0,0,0,2,0,0,0,0,0,0,0,0,0,0,0,0,0,0,0,Matches
Eneko Bóveda\Eneko-Boveda,es ESP,DF,La Coruña,28,1988,8,7,667,7.4,0,0,0,0,0,2,0,0,0,0,0,0,0,0,0.1,0.1,0,0.01,0.01,0,0.01,Matches
Eneko Bóveda\Eneko-Boveda,es ESP,DF,Athletic Club,28,1988,6,6,521,5.8,0,0,0,0,0,1,0,0,0,0,0,0,0,0,0.3,0.3,0,0.05,0.05,0,0.05,Matches
Lucas Boyé\Lucas-Boye,ar ARG,FWMF,Celta Vigo,21,1996,13,2,287,3.2,0,0,0,0,0,2,0,0,0,0,0,0,1.1,1.1,0.2,1.3,0.36,0.07,0.43,0.36,0.43,Matches
Darko Brašanac\Darko-Brasanac,rs SRB,MFFW,Leganés,25,1992,23,13,1204,13.4,2,0,2,0,0,3,0,0.15,0,0.15,0.15,0.15,1.9,1.9,0.6,2.4,0.14,0.04,0.18,0.14,0.18,Matches
Alberto Bueno\Alberto-Bueno,es ESP,FWMF,Málaga,29,1988,11,1,233,2.6,0,0,0,0,0,0,0,0,0,0,0,0,0.2,0.2,0.3,0.5,0.1,0.13,0.23,0.1,0.23,Matches
Burgui\Burgui,es ESP,FWMF,Alavés,23,1993,23,12,1037,11.5,1,1,1,0,0,1,0,0.09,0.09,0.17,0.09,0.17,0.8,0.8,1.7,2.6,0.07,0.15,0.23,0.07,0.23,Matches
Sergio Busquets\Sergio-Busquets,es ESP,MF,Barcelona,29,1988,31,30,2588,28.8,1,2,1,0,0,8,0,0.03,0.07,0.1,0.03,0.1,0.6,0.6,1.6,2.2,0.02,0.05,0.08,0.02,0.08,Matches
Unai Bustinza\Unai-Bustinza,es ESP,DF,Leganés,25,1992,20,18,1638,18.2,2,0,2,0,0,5,0,0.11,0,0.11,0.11,0.11,2.8,2.8,0.4,3.1,0.15,0.02,0.17,0.15,0.17,Matches
Erick Cabaco\Erick-Cabaco,uy URU,DF,Levante,22,1995,14,12,1039,11.5,0,0,0,0,0,4,0,0,0,0,0,0,0.5,0.5,0,0.5,0.04,0,0.04,0.04,0.04,Matches
Gustavo Cabral\Gustavo-Cabral,ar ARG,DF,Celta Vigo,31,1985,25,20,1875,20.8,1,1,1,0,0,5,0,0.05,0.05,0.1,0.05,0.1,1,1,0,1,0.05,0,0.05,0.05,0.05,Matches
Leandro Cabrera\Leandro-Cabrera,uy URU,DF,Getafe,26,1991,9,8,720,8,0,0,0,0,0,3,0,0,0,0,0,0,0.2,0.2,0.1,0.3,0.02,0.02,0.04,0.02,0.04,Matches
Cala\Cala,es ESP,DF,Getafe,27,1989,20,20,1800,20,2,2,2,0,0,9,0,0.1,0.1,0.2,0.1,0.2,1.6,1.6,0.3,1.8,0.08,0.01,0.09,0.08,0.09,Matches
Carlos Calderón\Carlos-Calderon,es ESP,FW,Getafe,22,1995,1,0,6,0.1,0,0,0,0,0,0,0,0,0,0,0,0,0,0,0,0,0,0,0,0,0,Matches
Jonathan Calleri\Jonathan-Calleri,ar ARG,FW,Las Palmas,23,1993,37,34,3105,34.5,9,3,4,5,5,7,0,0.26,0.09,0.35,0.12,0.2,13.9,10.1,1.9,12,0.4,0.05,0.46,0.29,0.35,Matches
Víctor Camarasa\Victor-Camarasa,es ESP,MF,Betis,23,1994,24,14,1247,13.9,1,0,1,0,0,2,0,0.07,0,0.07,0.07,0.07,1.5,1.5,1.5,2.9,0.11,0.11,0.21,0.11,0.21,Matches
José Campaña\Jose-Campana,es ESP,MF,Levante,24,1993,35,33,2731,30.3,1,4,1,0,0,9,2,0.03,0.13,0.16,0.03,0.16,1.5,1.5,4,5.5,0.05,0.13,0.18,0.05,0.18,Matches
Joel Campbell\Joel-Campbell,cr CRC,MFFW,Betis,25,1992,8,2,216,2.4,2,0,2,0,0,1,0,0.83,0,0.83,0.83,0.83,1,1,0.4,1.4,0.45,0.17,0.62,0.45,0.62,Matches
Sergio Canales\Sergio-Canales,es ESP,MFFW,Real Sociedad,26,1991,36,20,1934,21.5,4,5,4,0,0,4,0,0.19,0.23,0.42,0.19,0.42,4.1,4.1,5.8,10,0.19,0.27,0.47,0.19,0.47,Matches
João Cancelo\Joao-Cancelo,pt POR,MF,Valencia,23,1994,1,1,90,1,0,0,0,0,0,0,0,0,0,0,0,0,0.4,0.4,0.6,1,0.44,0.6,1.04,0.44,1.04,Matches
Ander Capa\Ander-Capa,es ESP,DF,Eibar,25,1992,33,25,2256,25.1,0,1,0,0,0,4,0,0,0.04,0.04,0,0.04,0.2,0.2,1.6,1.8,0.01,0.06,0.07,0.01,0.07,Matches
Lionel Carole\Lionel-Carole,fr FRA,DF,Sevilla,26,1991,6,6,540,6,0,1,0,0,0,0,0,0,0.17,0.17,0,0.17,0.1,0.1,0.1,0.2,0.02,0.02,0.04,0.02,0.04,Matches
Yannick Carrasco\Yannick-Carrasco,be BEL,MFFW,Atlético Madrid,23,1993,17,8,901,10,3,4,3,0,0,3,0,0.3,0.4,0.7,0.3,0.7,2,2,2.4,4.4,0.2,0.24,0.44,0.2,0.44,Matches
Daniel Carriço\Daniel-Carrico,pt POR,DF,Sevilla,28,1988,6,5,461,5.1,0,0,0,0,0,1,0,0,0,0,0,0,0.2,0.2,0,0.2,0.03,0,0.03,0.03,0.03,Matches
Federico Cartabia\Federico-Cartabia,ar ARG,FWMF,La Coruña,24,1993,20,16,1320,14.7,2,1,2,0,0,6,0,0.14,0.07,0.2,0.14,0.2,1.5,1.5,1.9,3.4,0.1,0.13,0.23,0.1,0.23,Matches
Dani Carvajal\Dani-Carvajal,es ESP,DF,Real Madrid,25,1992,25,25,2223,24.7,0,4,0,0,0,11,1,0,0.16,0.16,0,0.16,0.7,0.7,3,3.7,0.03,0.12,0.15,0.03,0.15,Matches
Casemiro\Casemiro,br BRA,MF,Real Madrid,25,1992,30,30,2589,28.8,5,3,5,0,0,8,0,0.17,0.1,0.28,0.17,0.28,2.9,2.9,2,4.9,0.1,0.07,0.17,0.1,0.17,Matches
Kiko Casilla\Kiko-Casilla,es ESP,GK,Real Madrid,30,1986,10,10,900,10,0,0,0,0,0,0,0,0,0,0,0,0,0,0,0,0,0,0,0,0,0,Matches
Dani Castellano\Dani-Castellano,es ESP,DF,Las Palmas,29,1987,24,23,2023,22.5,0,1,0,0,0,5,0,0,0.04,0.04,0,0.04,0.1,0.1,0.9,1,0.01,0.04,0.04,0.01,0.04,Matches
Javi Castellano\Javi-Castellano,es ESP,MF,Las Palmas,29,1987,23,17,1567,17.4,0,0,0,0,0,4,0,0,0,0,0,0,0.1,0.1,0.3,0.3,0,0.02,0.02,0,0.02,Matches
Samu Castillejo\Samu-Castillejo,es ESP,MFFW,Villarreal,22,1995,30,25,2066,23,6,5,6,0,0,4,0,0.26,0.22,0.48,0.26,0.48,4.2,4.2,3.3,7.5,0.18,0.14,0.32,0.18,0.32,Matches
Chory Castro\Chory-Castro,uy URU,MFFW,Málaga,32,1984,26,26,2049,22.8,4,2,3,1,1,5,2,0.18,0.09,0.26,0.13,0.22,3.5,2.4,2.2,4.6,0.15,0.1,0.25,0.11,0.2,Matches
Jonny Castro\Jonny-Castro,es ESP,DF,Celta Vigo,23,1994,36,36,3200,35.6,2,1,2,0,0,10,0,0.06,0.03,0.08,0.06,0.08,1.7,1.7,1.8,3.5,0.05,0.05,0.1,0.05,0.1,Matches
Rubén Castro\Ruben-Castro,es ESP,FW,Betis,36,1981,10,3,359,4,1,1,0,1,1,0,0,0.25,0.25,0.5,0,0.25,1.6,1,0.5,1.5,0.4,0.13,0.53,0.25,0.38,Matches
Dani Ceballos\Dani-Ceballos,es ESP,MFFW,Real Madrid,20,1996,12,4,404,4.5,2,0,2,0,0,0,0,0.45,0,0.45,0.45,0.45,0.5,0.5,0.4,0.9,0.11,0.08,0.19,0.11,0.19,Matches
Emanuel Cecchini\Emanuel-Cecchini,ar ARG,MFDF,Málaga,20,1996,2,0,30,0.3,0,0,0,0,0,1,0,0,0,0,0,0,0,0,0,0,0.05,0,0.05,0.05,0.05,Matches
Nereo Champagne\Nereo-Champagne,ar ARG,GK,Leganés,32,1985,2,2,180,2,0,0,0,0,0,0,0,0,0,0,0,0,0,0,0,0,0,0,0,0,0,Matches
Charles\Charles,br BRA,FW,Eibar,33,1984,30,18,1578,17.5,8,1,8,0,0,5,1,0.46,0.06,0.51,0.46,0.51,5.9,5.9,1.3,7.3,0.34,0.08,0.41,0.34,0.41,Matches
Chema\Chema,es ESP,DF,Levante,25,1992,25,23,2020,22.4,1,0,1,0,0,8,1,0.04,0,0.04,0.04,0.04,0.4,0.4,0.2,0.5,0.02,0.01,0.02,0.02,0.02,Matches
Denis Cheryshev\Denis-Cheryshev,ru RUS,MFFW,Villarreal,26,1990,24,9,931,10.3,2,1,2,0,0,2,0,0.19,0.1,0.29,0.19,0.29,4.7,4.7,3.4,8.1,0.46,0.33,0.79,0.46,0.79,Matches
Leandro Chichizola\Leandro-Chichizola,ar ARG,GK,Las Palmas,27,1990,27,27,2430,27,0,0,0,0,0,2,0,0,0,0,0,0,0,0,0.4,0.4,0,0.02,0.02,0,0.02,Matches
Chuca\Chuca,es ESP,MF,Villarreal,20,1997,4,1,90,1,0,0,0,0,0,1,0,0,0,0,0,0,0.1,0.1,0,0.1,0.07,0.01,0.08,0.07,0.08,Matches
Cifu\Cifu,es ESP,DF,Málaga,26,1990,2,1,108,1.2,0,0,0,0,0,0,0,0,0,0,0,0,0,0,0.3,0.3,0,0.22,0.22,0,0.22,Matches
Jasper Cillessen\Jasper-Cillessen,nl NED,GK,Barcelona,28,1989,1,1,90,1,0,0,0,0,0,0,0,0,0,0,0,0,0,0,0,0,0,0,0,0,0,Matches
Coke\Coke,es ESP,DF,Levante,30,1987,17,16,1383,15.4,3,0,3,0,0,5,2,0.2,0,0.2,0.2,0.2,1.5,1.5,0.9,2.4,0.1,0.06,0.16,0.1,0.16,Matches
Emre Çolak\Emre-Colak,tr TUR,MFFW,La Coruña,26,1991,26,17,1447,16.1,1,2,1,0,0,4,0,0.06,0.12,0.19,0.06,0.19,1.6,1.6,3.2,4.8,0.1,0.2,0.29,0.1,0.29,Matches
Francis Coquelin\Francis-Coquelin,fr FRA,MFDF,Valencia,26,1991,9,7,657,7.3,1,0,1,0,0,2,0,0.14,0,0.14,0.14,0.14,0.4,0.4,0.1,0.4,0.05,0.01,0.06,0.05,0.06,Matches
Sébastien Corchia\Sebastien-Corchia,fr FRA,DF,Sevilla,26,1990,12,9,820,9.1,0,1,0,0,0,4,0,0,0.11,0.11,0,0.11,0.5,0.5,0.5,1,0.05,0.06,0.11,0.05,0.11,Matches
Iñigo Córdoba\Inigo-Cordoba,es ESP,FWMF,Athletic Club,20,1997,30,18,1454,16.2,1,1,1,0,0,3,0,0.06,0.06,0.12,0.06,0.12,1.1,1.1,1.7,2.8,0.07,0.1,0.17,0.07,0.17,Matches
Ángel Correa\Angel-Correa,ar ARG,FWMF,Atlético Madrid,22,1995,37,27,2240,24.9,8,5,8,0,0,4,2,0.32,0.2,0.52,0.32,0.52,6,6,2.2,8.2,0.24,0.09,0.33,0.24,0.33,Matches
Joaquín Correa\Joaquin-Correa,ar ARG,FWMF,Sevilla,22,1994,21,15,1189,13.2,1,2,1,0,0,5,0,0.08,0.15,0.23,0.08,0.23,1.7,1.7,1.8,3.5,0.13,0.14,0.27,0.13,0.27,Matches
Diego Costa\Diego-Costa,es ESP,FW,Atlético Madrid,28,1988,15,13,1034,11.5,3,3,3,0,0,7,2,0.26,0.26,0.52,0.26,0.52,2.9,2.9,2.3,5.2,0.25,0.2,0.45,0.25,0.45,Matches
Jaume Costa\Jaume-Costa,es ESP,DF,Villarreal,29,1988,30,29,2544,28.3,0,0,0,0,0,14,2,0,0,0,0,0,0.5,0.5,1.8,2.2,0.02,0.06,0.08,0.02,0.08,Matches
Philippe Coutinho\Philippe-Coutinho,br BRA,FWMF,Barcelona,25,1992,18,16,1293,14.4,8,5,8,0,0,1,0,0.56,0.35,0.9,0.56,0.9,3.2,3.2,3.7,6.9,0.22,0.26,0.48,0.22,0.48,Matches
Iván Cuéllar\Ivan-Cuellar,es ESP,GK,Leganés,33,1984,35,35,3150,35,0,0,0,0,0,4,0,0,0,0,0,0,0,0,0,0,0,0,0,0,0,Matches
Sergi Darder\Sergi-Darder,es ESP,MF,Espanyol,23,1993,35,32,2778,30.9,1,2,1,0,0,7,0,0.03,0.06,0.1,0.03,0.1,1.4,1.4,2.6,3.9,0.04,0.08,0.13,0.04,0.13,Matches
Salem Al-Dawsari\Salem-Al-Dawsari,sa KSA,MF,Villarreal,25,1991,1,0,33,0.4,0,0,0,0,0,1,0,0,0,0,0,0,0,0,0,0,0,0,0,0,0,Matches
Ousmane Dembélé\Ousmane-Dembele,fr FRA,FWMF,Barcelona,20,1997,17,12,918,10.2,3,6,3,0,0,2,0,0.29,0.59,0.88,0.29,0.88,2.4,2.4,3.8,6.2,0.23,0.37,0.6,0.23,0.6,Matches
Ermedin Demirovi?\Ermedin-Demirovic,ba BIH,FW,Alavés,19,1998,3,2,183,2,1,1,1,0,0,0,0,0.49,0.49,0.98,0.49,0.98,0.9,0.9,0.1,0.9,0.43,0.03,0.46,0.43,0.46,Matches
Gerard Deulofeu\Gerard-Deulofeu,es ESP,MFFW,Barcelona,23,1994,10,5,502,5.6,1,1,1,0,0,1,0,0.18,0.18,0.36,0.18,0.36,1.3,1.3,1.1,2.4,0.23,0.19,0.43,0.23,0.43,Matches
Adrián Diéguez\Adrian-Dieguez,es ESP,DF,Alavés,21,1996,6,6,435,4.8,0,0,0,0,0,5,0,0,0,0,0,0,0.1,0.1,0,0.1,0.01,0,0.01,0.01,0.01,Matches
Lucas Digne\Lucas-Digne,fr FRA,DF,Barcelona,24,1993,12,8,709,7.9,0,1,0,0,0,2,0,0,0.13,0.13,0,0.13,0.3,0.3,1.7,2,0.04,0.22,0.26,0.04,0.26,Matches
Papakouli Diop\Papakouli-Diop,sn SEN,MF,Espanyol,31,1986,5,3,262,2.9,0,0,0,0,0,2,0,0,0,0,0,0,0,0,0,0.1,0.02,0.01,0.03,0.02,0.03,Matches
Papakouli Diop\Papakouli-Diop,sn SEN,MF,Eibar,31,1986,15,12,937,10.4,0,0,0,0,0,5,0,0,0,0,0,0,0.6,0.6,0.2,0.8,0.06,0.02,0.08,0.06,0.08,Matches
Djené\Djene,tg TOG,DF,Getafe,25,1991,36,36,3238,36,1,0,1,0,0,9,0,0.03,0,0.03,0.03,0.03,0.6,0.6,0.2,0.8,0.02,0,0.02,0.02,0.02,Matches
Marko Dmitrovi?\Marko-Dmitrovic,rs SRB,GK,Eibar,25,1992,36,36,3240,36,0,0,0,0,0,1,0,0,0,0,0,0,0,0,0.1,0.1,0,0,0,0,0,Matches
Jaume Doménech\Jaume-Domenech,es ESP,GK,Valencia,26,1990,5,5,450,5,0,0,0,0,0,2,0,0,0,0,0,0,0,0,0,0,0,0,0,0,0,Matches
Mauro dos Santos\Mauro-dos-Santos,ar ARG,DF,Leganés,28,1989,14,10,986,11,0,0,0,0,0,3,0,0,0,0,0,0,0.1,0.1,0,0.1,0.01,0,0.01,0.01,0.01,Matches
Cheick Doukouré\Cheick-Doukoure,ci CIV,MF,Levante,24,1992,19,12,1021,11.3,1,0,1,0,0,4,0,0.09,0,0.09,0.09,0.09,1.3,1.3,0.3,1.7,0.12,0.03,0.15,0.12,0.15,Matches
Óscar Duarte\Oscar-Duarte,cr CRC,DF,Espanyol,28,1989,11,11,990,11,0,0,0,0,0,1,0,0,0,0,0,0,1,1,0,1,0.09,0,0.09,0.09,0.09,Matches
Rubén Duarte\Ruben-Duarte,es ESP,DF,Alavés,21,1995,24,24,2138,23.8,0,2,0,0,0,9,2,0,0.08,0.08,0,0.08,0.5,0.5,1.6,2.1,0.02,0.07,0.09,0.02,0.09,Matches
Riza Durmisi\Riza-Durmisi,dk DEN,DFMF,Betis,23,1994,24,23,2080,23.1,2,2,2,0,0,4,0,0.09,0.09,0.17,0.09,0.17,1.5,1.5,2.4,3.9,0.06,0.1,0.17,0.06,0.17,Matches
Hugo Duro\Hugo-Duro,es ESP,FW,Getafe,17,1999,2,0,22,0.2,0,0,0,0,0,0,0,0,0,0,0,0,0.1,0.1,0,0.1,0.5,0,0.5,0.5,0.5,Matches
Aritz Elustondo\Aritz-Elustondo,es ESP,DF,Real Sociedad,23,1994,19,18,1594,17.7,3,2,3,0,0,1,0,0.17,0.11,0.28,0.17,0.28,0.9,0.9,0.3,1.2,0.05,0.02,0.06,0.05,0.06,Matches
Rodrigo Ely\Rodrigo-Ely,br BRA,DF,Alavés,23,1993,31,30,2691,29.9,1,1,1,0,0,11,2,0.03,0.03,0.07,0.03,0.07,1,1,0.1,1,0.03,0,0.03,0.03,0.03,Matches
Youssef En-Nesyri\Youssef-En-Nesyri,ma MAR,FW,Málaga,20,1997,25,16,1601,17.8,4,0,4,0,1,2,2,0.22,0,0.22,0.22,0.22,4.8,4.1,1,5,0.27,0.06,0.33,0.23,0.29,Matches
Sergi Enrich\Sergi-Enrich,es ESP,FW,Eibar,27,1990,19,14,1332,14.8,3,1,2,1,1,2,0,0.2,0.07,0.27,0.14,0.2,4.1,3.4,0.4,3.8,0.28,0.03,0.31,0.23,0.26,Matches
Javier Eraso\Javier-Eraso,es ESP,MFFW,Leganés,27,1990,34,31,2527,28.1,4,3,4,0,0,4,0,0.14,0.11,0.25,0.14,0.25,3.9,3.9,3,6.8,0.14,0.1,0.24,0.14,0.24,Matches
Gonzalo Escalante\Gonzalo-Escalante,ar ARG,MF,Eibar,24,1993,28,16,1574,17.5,1,0,1,0,0,3,0,0.06,0,0.06,0.06,0.06,1.5,1.5,0.6,2.1,0.08,0.03,0.12,0.08,0.12,Matches
Sergio Escudero\Sergio-Escudero,es ESP,DF,Sevilla,27,1989,27,26,2333,25.9,0,2,0,0,0,10,0,0,0.08,0.08,0,0.08,1.3,1.3,1.1,2.4,0.05,0.04,0.09,0.05,0.09,Matches
Bernardo Espinosa\Bernardo-Espinosa,co COL,DF,Girona,28,1989,34,32,2868,31.9,0,3,0,0,0,7,0,0,0.09,0.09,0,0.09,1.9,1.9,0.7,2.5,0.06,0.02,0.08,0.06,0.08,Matches
Oghenekaro Etebo\Oghenekaro-Etebo,ng NGA,MF,Las Palmas,21,1995,14,14,1215,13.5,0,0,0,0,0,3,0,0,0,0,0,0,0.6,0.6,0.3,0.9,0.04,0.02,0.06,0.04,0.06,Matches
Beñat Etxebarria\Benat-Etxebarria,es ESP,MF,Athletic Club,30,1987,24,12,1125,12.5,0,2,0,0,0,3,0,0,0.16,0.16,0,0.16,0.4,0.4,2.1,2.6,0.03,0.17,0.21,0.03,0.21,Matches
Xabier Etxeita\Xabier-Etxeita,es ESP,DF,Athletic Club,29,1987,5,5,375,4.2,1,0,1,0,0,2,0,0.24,0,0.24,0.24,0.24,0.3,0.3,0,0.3,0.07,0,0.07,0.07,0.07,Matches
Edu Expósito\Edu-Exposito,es ESP,MF,La Coruña,20,1996,3,0,97,1.1,0,0,0,0,0,1,0,0,0,0,0,0,0,0,0,0,0,0,0,0,0,Matches
Erik Expósito\Erik-Exposito,es ESP,FW,Las Palmas,21,1996,10,4,473,5.3,1,0,1,0,0,0,0,0.19,0,0.19,0.19,0.19,1.1,1.1,0.2,1.3,0.21,0.04,0.25,0.21,0.25,Matches
Imoh Ezekiel\Imoh-Ezekiel,ng NGA,FWMF,Las Palmas,23,1993,10,5,467,5.2,0,0,0,0,0,0,0,0,0,0,0,0,1.1,1.1,0.1,1.2,0.21,0.01,0.23,0.21,0.23,Matches
Fayçal Fajr\Faycal-Fajr,ma MAR,MFFW,Getafe,28,1988,31,26,2387,26.5,1,2,1,0,1,7,0,0.04,0.08,0.11,0.04,0.11,1.8,1,2.9,3.9,0.07,0.11,0.18,0.04,0.15,Matches
Zouhair Feddal\Zouhair-Feddal,ma MAR,DF,Betis,28,1989,15,14,1258,14,3,0,3,0,0,7,0,0.21,0,0.21,0.21,0.21,0.6,0.6,0.1,0.7,0.05,0.01,0.05,0.05,0.05,Matches
Andrés Fernández\Andres-Fernandez,es ESP,GK,Villarreal,30,1986,3,3,225,2.5,0,0,0,0,0,0,0,0,0,0,0,0,0,0,0,0,0,0,0,0,0,Matches
Augusto Fernández\Augusto-Fernandez,ar ARG,MFFW,Atlético Madrid,31,1986,5,1,110,1.2,0,0,0,0,0,1,0,0,0,0,0,0,0,0,0,0.1,0.02,0.03,0.05,0.02,0.05,Matches
Carlos Fernández\Carlos-Fernandez,es ESP,FW,Sevilla,21,1996,2,2,135,1.5,1,0,1,0,0,0,0,0.67,0,0.67,0.67,0.67,0.7,0.7,0.1,0.8,0.44,0.08,0.52,0.44,0.52,Matches
Enzo Fernández\Enzo-Fernandez,es ESP,MF,Alavés,22,1995,2,1,70,0.8,0,0,0,0,0,0,0,0,0,0,0,0,0,0,0,0,0,0.03,0.03,0,0.03,Matches
Raúl Fernández\Raul-Fernandez,es ESP,GK,Levante,29,1988,11,11,990,11,0,0,0,0,0,0,0,0,0,0,0,0,0,0,0,0,0,0,0,0,0,Matches
Junior Firpo\Junior-Firpo,es ESP,DFMF,Betis,20,1996,14,14,1189,13.2,2,2,2,0,0,4,0,0.15,0.15,0.3,0.15,0.3,1.5,1.5,1.2,2.7,0.11,0.09,0.21,0.11,0.21,Matches
Mathieu Flamini\Mathieu-Flamini,fr FRA,MF,Getafe,33,1984,8,6,481,5.3,0,0,0,0,0,2,2,0,0,0,0,0,0.1,0.1,0.1,0.2,0.02,0.01,0.03,0.02,0.03,Matches
Andreu Fontàs\Andreu-Fontas,es ESP,DF,Celta Vigo,27,1989,12,9,884,9.8,0,1,0,0,0,2,0,0,0.1,0.1,0,0.1,0.1,0.1,0.1,0.2,0.01,0.01,0.02,0.01,0.02,Matches
Pablo Fornals\Pablo-Fornals,es ESP,MFFW,Villarreal,21,1996,35,30,2615,29.1,3,9,3,0,0,4,0,0.1,0.31,0.41,0.1,0.41,3.6,3.6,7.5,11.2,0.12,0.26,0.38,0.12,0.38,Matches
Javi Fuego\Javi-Fuego,es ESP,MF,Villarreal,33,1984,11,6,541,6,0,0,0,0,0,2,0,0,0,0,0,0,0,0,0,0,0,0,0,0,0,Matches
Javi Fuego\Javi-Fuego,es ESP,MF,Espanyol,33,1984,17,17,1336,14.8,0,0,0,0,0,6,0,0,0,0,0,0,0.2,0.2,0,0.3,0.02,0,0.02,0.02,0.02,Matches
Gabi\Gabi,es ESP,MF,Atlético Madrid,34,1983,34,25,2354,26.2,0,0,0,0,0,8,0,0,0,0,0,0,0.4,0.4,2.1,2.5,0.02,0.08,0.1,0.02,0.1,Matches
Gabriel\Gabriel,br BRA,MF,Leganés,23,1993,29,28,2370,26.3,5,2,4,1,1,6,0,0.19,0.08,0.27,0.15,0.23,5.1,4.3,2.2,6.5,0.19,0.08,0.27,0.16,0.24,Matches
Nicolás Gaitán\Nicolas-Gaitan,ar ARG,MFFW,Atlético Madrid,29,1988,6,1,224,2.5,0,0,0,0,0,0,0,0,0,0,0,0,0.3,0.3,0.4,0.7,0.12,0.17,0.29,0.12,0.29,Matches
Álex Gálvez\Alex-Galvez,es ESP,DF,Eibar,28,1989,4,4,360,4,1,0,1,0,0,1,0,0.25,0,0.25,0.25,0.25,0.2,0.2,0,0.2,0.04,0,0.05,0.04,0.05,Matches
Álex Gálvez\Alex-Galvez,es ESP,DF,Las Palmas,28,1989,18,18,1618,18,0,0,0,0,0,5,1,0,0,0,0,0,0.5,0.5,0.2,0.7,0.03,0.01,0.04,0.03,0.04,Matches
Bruno Gama\Bruno-Gama,pt POR,FWMF,La Coruña,29,1987,6,1,118,1.3,0,0,0,0,0,1,0,0,0,0,0,0,0,0,0.3,0.3,0.02,0.25,0.27,0.02,0.27,Matches
Kévin Gameiro\Kevin-Gameiro,fr FRA,FW,Atlético Madrid,30,1987,25,11,1133,12.6,7,2,5,2,2,0,0,0.56,0.16,0.71,0.4,0.56,5.6,4,1.2,5.2,0.45,0.1,0.54,0.32,0.42,Matches
Ganso\Ganso,br BRA,MF,Sevilla,27,1989,8,7,515,5.7,2,1,2,0,0,0,0,0.35,0.17,0.52,0.35,0.52,1.1,1.1,0.7,1.8,0.19,0.12,0.31,0.19,0.31,Matches
Ezequiel Garay\Ezequiel-Garay,ar ARG,DF,Valencia,30,1986,24,23,2026,22.5,0,0,0,0,0,5,0,0,0,0,0,0,0.2,0.2,0.6,0.8,0.01,0.03,0.04,0.01,0.04,Matches
Aleix García\Aleix-Garcia,es ESP,MF,Girona,20,1997,20,7,863,9.6,1,0,1,0,0,3,0,0.1,0,0.1,0.1,0.1,0.4,0.4,1.1,1.5,0.04,0.12,0.16,0.04,0.16,Matches
Borja García\Borja-Garcia,es ESP,MFFW,Girona,26,1990,37,34,2785,30.9,2,5,2,0,0,2,0,0.06,0.16,0.23,0.06,0.23,2.3,2.3,4,6.2,0.07,0.13,0.2,0.07,0.2,Matches
Dani García\Dani-Garcia,es ESP,MF,Eibar,27,1990,32,32,2769,30.8,0,1,0,0,0,14,0,0,0.03,0.03,0,0.03,0.5,0.5,1.3,1.8,0.02,0.04,0.06,0.02,0.06,Matches
David García\David-Garcia,es ESP,DF,Las Palmas,35,1982,11,9,861,9.6,1,0,1,0,0,2,0,0.1,0,0.1,0.1,0.1,0.3,0.3,0.3,0.6,0.03,0.03,0.06,0.03,0.06,Matches
Javi García\Javi-Garcia,es ESP,MFDF,Betis,30,1987,32,27,2405,26.7,1,0,1,0,0,7,0,0.04,0,0.04,0.04,0.04,1.2,1.2,0.3,1.5,0.04,0.01,0.06,0.04,0.06,Matches
Manu García\Manu-Garcia,es ESP,MF,Alavés,31,1986,30,27,2438,27.1,3,0,3,0,2,9,0,0.11,0,0.11,0.11,0.11,3.1,1.6,1.4,3,0.11,0.05,0.17,0.06,0.11,Matches
Raúl García\Raul-Garcia,es ESP,MFFW,Athletic Club,31,1986,34,30,2617,29.1,10,1,7,3,3,10,0,0.34,0.03,0.38,0.24,0.28,9.1,6.8,3.8,10.6,0.31,0.13,0.44,0.23,0.36,Matches
Raúl García\Raul-Garcia,es ESP,DF,Leganés,28,1989,19,15,1394,15.5,0,1,0,0,0,1,0,0,0.06,0.06,0,0.06,0.4,0.4,1.5,1.8,0.02,0.09,0.12,0.02,0.12,Matches
Samu García\Samu-Garcia,es ESP,MFFW,Levante,27,1990,11,2,196,2.2,0,0,0,0,0,1,0,0,0,0,0,0,0,0,0.1,0.1,0,0.07,0.07,0,0.07,Matches
Samu García\Samu-Garcia,es ESP,MFFW,Málaga,27,1990,7,2,180,2,0,1,0,0,0,1,1,0,0.5,0.5,0,0.5,0,0,0.2,0.3,0.03,0.13,0.16,0.03,0.16,Matches
Sergio García\Sergio-Garcia,es ESP,FWMF,Espanyol,34,1983,33,14,1647,18.3,2,5,2,0,0,4,0,0.11,0.27,0.38,0.11,0.38,4.4,4.4,2.8,7.3,0.24,0.16,0.4,0.24,0.4,Matches
Mario Gaspar\Mario-Gaspar,es ESP,DF,Villarreal,26,1990,32,31,2806,31.2,2,3,2,0,0,6,0,0.06,0.1,0.16,0.06,0.16,1,1,2,3,0.03,0.06,0.1,0.03,0.1,Matches
Johannes Geis\Johannes-Geis,de GER,DFMF,Sevilla,23,1993,14,7,680,7.6,0,1,0,0,0,0,0,0,0.13,0.13,0,0.13,0.2,0.2,0.4,0.6,0.02,0.05,0.08,0.02,0.08,Matches
Carles Gil\Carles-Gil,es ESP,FWMF,La Coruña,24,1992,10,6,476,5.3,0,2,0,0,0,0,0,0,0.38,0.38,0,0.38,0.4,0.4,1,1.4,0.07,0.2,0.27,0.07,0.27,Matches
Nacho Gil\Nacho-Gil,es ESP,FWMF,Las Palmas,21,1995,14,8,731,8.1,0,1,0,0,0,1,0,0,0.12,0.12,0,0.12,0.5,0.5,0.8,1.3,0.06,0.1,0.16,0.06,0.16,Matches
Nacho Gil\Nacho-Gil,es ESP,MFFW,Valencia,21,1995,6,2,230,2.6,0,0,0,0,0,0,0,0,0,0,0,0,0.2,0.2,1.1,1.2,0.06,0.43,0.49,0.06,0.49,Matches
Dani Giménez\Dani-Gimenez,es ESP,GK,Betis,34,1983,4,4,308,3.4,0,0,0,0,0,0,0,0,0,0,0,0,0,0,0.1,0.1,0,0.02,0.02,0,0.02,Matches
Diego Godín\Diego-Godin,uy URU,DF,Atlético Madrid,31,1986,30,28,2554,28.4,0,0,0,0,0,6,0,0,0,0,0,0,1.5,1.5,0.1,1.6,0.05,0,0.06,0.05,0.06,Matches
André Gomes\Andre-Gomes,pt POR,MFFW,Barcelona,24,1993,16,6,640,7.1,0,0,0,0,0,1,0,0,0,0,0,0,0.6,0.6,0.2,0.8,0.09,0.02,0.12,0.09,0.12,Matches
Ibai Gómez\Ibai-Gomez,es ESP,MFFW,Alavés,27,1989,34,26,2315,25.7,7,6,6,1,1,1,0,0.27,0.23,0.51,0.23,0.47,5.5,4.7,4.7,9.5,0.21,0.18,0.4,0.18,0.37,Matches
Maxi Gómez\Maxi-Gomez,uy URU,FW,Celta Vigo,20,1996,36,35,3056,34,17,4,17,0,0,12,0,0.5,0.12,0.62,0.5,0.62,13.4,13.4,4.7,18.1,0.39,0.14,0.53,0.39,0.53,Matches
Sergi Gómez\Sergi-Gomez,es ESP,DF,Celta Vigo,25,1992,33,31,2680,29.8,1,0,1,0,0,3,0,0.03,0,0.03,0.03,0.03,1.4,1.4,0.3,1.7,0.05,0.01,0.06,0.05,0.06,Matches
Vicente Gómez\Vicente-Gomez,es ESP,MF,Las Palmas,28,1988,25,17,1523,16.9,0,1,0,0,0,3,0,0,0.06,0.06,0,0.06,0.9,0.9,0.5,1.4,0.05,0.03,0.08,0.05,0.08,Matches
Adrián González\Adrian-Gonzalez,es ESP,MF,Málaga,29,1988,29,27,2340,26,3,0,2,1,1,9,1,0.12,0,0.12,0.08,0.08,2.8,2.1,1,3.1,0.11,0.04,0.15,0.08,0.12,Matches
Álvaro González\Alvaro-Gonzalez,es ESP,DF,Villarreal,27,1990,33,32,2899,32.2,0,2,0,0,0,14,2,0,0.06,0.06,0,0.06,1.7,1.7,0.4,2.1,0.05,0.01,0.07,0.05,0.07,Matches
Bruno González\Bruno-Gonzalez,es ESP,DF,Getafe,27,1990,20,17,1543,17.1,0,2,0,0,0,5,0,0,0.12,0.12,0,0.12,0.4,0.4,0.2,0.5,0.02,0.01,0.03,0.02,0.03,Matches
Diego González\Diego-Gonzalez,es ESP,DF,Málaga,22,1995,18,17,1427,15.9,1,0,1,0,0,5,0,0.06,0,0.06,0.06,0.06,0.4,0.4,0.8,1.2,0.03,0.05,0.08,0.03,0.08,Matches
Fabio González\Fabio-Gonzalez,es ESP,MF,Las Palmas,20,1997,1,1,63,0.7,0,0,0,0,0,1,0,0,0,0,0,0,0,0,0,0,0,0.02,0.02,0,0.02,Matches
Mario González\Mario-Gonzalez,es ESP,FW,Villarreal,21,1996,2,0,20,0.2,0,0,0,0,0,0,0,0,0,0,0,0,0.1,0.1,0.1,0.2,0.3,0.8,1.1,0.3,1.1,Matches
Andoni Gorosabel\Andoni-Gorosabel,es ESP,DF,Real Sociedad,20,1996,2,1,76,0.8,0,0,0,0,0,0,0,0,0,0,0,0,0,0,0,0,0,0,0,0,0,Matches
Julio Gracia\Julio-Gracia,es ESP,FWMF,Betis,19,1998,2,0,24,0.3,0,0,0,0,0,0,0,0,0,0,0,0,0,0,0,0,0.16,0,0.16,0.16,0.16,Matches
Álex Granell\Alex-Granell,es ESP,MF,Girona,28,1988,34,33,2841,31.6,1,5,1,0,1,11,0,0.03,0.16,0.19,0.03,0.19,2.8,2,5.8,7.8,0.09,0.18,0.27,0.06,0.25,Matches
Esteban Granero\Esteban-Granero,es ESP,MFFW,Espanyol,30,1987,25,11,1237,13.7,1,3,1,0,0,5,0,0.07,0.22,0.29,0.07,0.29,0.6,0.6,1.4,2,0.05,0.1,0.15,0.05,0.15,Matches
Antoine Griezmann\Antoine-Griezmann,fr FRA,FW,Atlético Madrid,26,1991,32,30,2509,27.9,19,9,17,2,2,7,1,0.68,0.32,1,0.61,0.93,12.6,11.1,5.3,16.4,0.45,0.19,0.64,0.4,0.59,Matches
Vicente Guaita\Vicente-Guaita,es ESP,GK,Getafe,30,1987,33,33,2970,33,0,0,0,0,0,1,0,0,0,0,0,0,0,0,0.3,0.3,0,0.01,0.01,0,0.01,Matches
Andrés Guardado\Andres-Guardado,mx MEX,MF,Betis,30,1986,29,25,2270,25.2,2,8,1,1,1,7,0,0.08,0.32,0.4,0.04,0.36,2.7,1.9,4.3,6.2,0.11,0.17,0.28,0.08,0.25,Matches
Gonçalo Guedes\Goncalo-Guedes,pt POR,MFFW,Valencia,20,1996,33,27,2435,27.1,5,7,5,0,0,2,0,0.18,0.26,0.44,0.18,0.44,4.1,4.1,6.4,10.5,0.15,0.23,0.39,0.15,0.39,Matches
Ramiro Guerra\Ramiro-Guerra,uy URU,MF,Villarreal,20,1997,4,0,74,0.8,0,0,0,0,0,1,0,0,0,0,0,0,0,0,0.1,0.1,0,0.16,0.16,0,0.16,Matches
Francis Guerrero\Francis-Guerrero,es ESP,DFMF,Betis,21,1996,14,10,992,11,1,0,1,0,0,2,0,0.09,0,0.09,0.09,0.09,0.2,0.2,0.7,0.9,0.02,0.06,0.08,0.02,0.08,Matches
John Guidetti\John-Guidetti,se SWE,FW,Celta Vigo,25,1992,8,0,119,1.3,0,0,0,0,0,0,0,0,0,0,0,0,0.7,0.7,0.4,1.1,0.59,0.34,0.93,0.59,0.93,Matches
John Guidetti\John-Guidetti,se SWE,FW,Alavés,25,1992,17,15,1210,13.4,3,2,3,0,0,3,0,0.22,0.15,0.37,0.22,0.37,3.4,3.4,2,5.4,0.25,0.15,0.39,0.25,0.39,Matches
Guilherme\Guilherme,br BRA,MF,La Coruña,26,1991,31,31,2637,29.3,0,0,0,0,0,11,0,0,0,0,0,0,1.8,1.8,1.4,3.2,0.06,0.05,0.11,0.06,0.11,Matches
Gerard Gumbau\Gerard-Gumbau,es ESP,MF,Leganés,22,1994,25,16,1441,16,1,0,1,0,0,8,0,0.06,0,0.06,0.06,0.06,0.7,0.7,0.3,1.1,0.05,0.02,0.07,0.05,0.07,Matches
Jon Guridi\Jon-Guridi,es ESP,MFFW,Real Sociedad,22,1995,4,0,55,0.6,0,0,0,0,0,0,0,0,0,0,0,0,0,0,0,0,0,0,0,0,0,Matches
Alejandro Gutiérrez Mozo\Alejandro-Gutierrez-Mozo,es ESP,MF,Leganés,22,1995,1,0,45,0.5,0,0,0,0,0,0,0,0,0,0,0,0,0,0,0,0,0,0,0,0,0,Matches
Hacen\Hacen,mr MTN,MF,Levante,19,1997,2,1,80,0.9,0,0,0,0,0,0,0,0,0,0,0,0,0,0,0,0,0,0,0,0,0,Matches
Munir El Haddadi\Munir-El-Haddadi,ma MAR,FW,Alavés,21,1995,33,28,2436,27.1,10,6,10,0,0,8,2,0.37,0.22,0.59,0.37,0.59,8.8,8.8,3.6,12.4,0.32,0.13,0.45,0.32,0.45,Matches
Achraf Hakimi\Achraf-Hakimi,ma MAR,DF,Real Madrid,18,1998,9,8,758,8.4,2,1,2,0,0,0,0,0.24,0.12,0.36,0.24,0.36,0.5,0.5,0.4,0.9,0.06,0.04,0.1,0.06,0.1,Matches
Alen Halilovi?\Alen-Halilovic,hr CRO,FWMF,Las Palmas,21,1996,20,16,1305,14.5,2,1,2,0,0,1,1,0.14,0.07,0.21,0.14,0.21,1.8,1.8,1.8,3.5,0.12,0.12,0.24,0.12,0.24,Matches
Mario Hermoso\Mario-Hermoso,es ESP,DF,Espanyol,22,1995,22,22,1928,21.4,1,0,1,0,0,6,2,0.05,0,0.05,0.05,0.05,1,1,0.3,1.3,0.05,0.01,0.06,0.05,0.06,Matches
Hernán\Hernan,es ESP,MF,Las Palmas,26,1990,7,4,351,3.9,0,0,0,0,0,1,0,0,0,0,0,0,0.7,0.7,0,0.7,0.17,0,0.18,0.17,0.18,Matches
Héctor Hernández\Hector-Hernandez,es ESP,MF,Alavés,26,1991,1,0,16,0.2,0,0,0,0,0,0,0,0,0,0,0,0,0,0,0,0,0,0,0,0,0,Matches
Lucas Hernández\Lucas-Hernandez,fr FRA,DF,Atlético Madrid,21,1996,27,24,2122,23.6,0,1,0,0,0,7,2,0,0.04,0.04,0,0.04,0.8,0.8,0.5,1.3,0.03,0.02,0.05,0.03,0.05,Matches
Luis Hernández\Luis-Hernandez,es ESP,DF,Málaga,28,1989,36,36,3240,36,0,2,0,0,0,8,0,0,0.06,0.06,0,0.06,0.4,0.4,0.5,1,0.01,0.02,0.03,0.01,0.03,Matches
Pablo Hernández\Pablo-Hernandez,cl CHI,MF,Celta Vigo,30,1986,30,18,1826,20.3,3,2,3,0,0,5,0,0.15,0.1,0.25,0.15,0.25,1.9,1.9,1.3,3.2,0.09,0.07,0.16,0.09,0.16,Matches
Theo Hernández\Theo-Hernandez,fr FRA,DF,Real Madrid,19,1997,13,10,962,10.7,0,1,0,0,0,1,0,0,0.09,0.09,0,0.09,0.4,0.4,0.6,1,0.04,0.06,0.1,0.04,0.1,Matches
Borja Herrera\Borja-Herrera,es ESP,DF,Las Palmas,24,1993,3,3,240,2.7,0,0,0,0,0,0,0,0,0,0,0,0,0,0,0,0.1,0,0.01,0.02,0,0.02,Matches
Iago Herrerín\Iago-Herrerin,es ESP,GK,Athletic Club,29,1988,8,8,720,8,0,0,0,0,0,0,0,0,0,0,0,0,0,0,0,0,0,0,0,0,0,Matches
Andrew Hjulsager\Andrew-Hjulsager,dk DEN,DFMF,Celta Vigo,22,1995,2,0,15,0.2,0,0,0,0,0,0,0,0,0,0,0,0,0,0,0,0,0.19,0,0.19,0.19,0.19,Matches
Brown Ideye\Brown-Ideye,ng NGA,FW,Málaga,28,1988,13,8,736,8.2,1,0,1,0,0,2,0,0.12,0,0.12,0.12,0.12,1.4,1.4,0.4,1.8,0.17,0.05,0.22,0.17,0.22,Matches
Asier Illarramendi\Asier-Illarramendi,es ESP,MF,Real Sociedad,27,1990,36,35,3163,35.1,7,5,7,0,0,9,2,0.2,0.14,0.34,0.2,0.34,3.2,3.2,2.5,5.7,0.09,0.07,0.16,0.09,0.16,Matches
Andrés Iniesta\Andres-Iniesta,es ESP,MFFW,Barcelona,33,1984,30,25,1862,20.7,1,2,1,0,0,1,0,0.05,0.1,0.15,0.05,0.15,0.9,0.9,1.6,2.5,0.04,0.08,0.12,0.04,0.12,Matches
Takashi Inui\Takashi-Inui,jp JPN,MFFW,Eibar,29,1988,34,31,2622,29.1,5,3,5,0,0,4,0,0.17,0.1,0.27,0.17,0.27,4.7,4.7,1.7,6.4,0.16,0.06,0.22,0.16,0.22,Matches
Gorka Iraizoz\Gorka-Iraizoz,es ESP,GK,Girona,36,1981,9,8,765,8.5,0,0,0,0,0,1,0,0,0,0,0,0,0,0,0,0,0,0,0,0,0,Matches
Carlos Isaac\Carlos-Isaac,es ESP,DF,Atlético Madrid,19,1998,1,1,62,0.7,0,0,0,0,0,1,0,0,0,0,0,0,0,0,0,0,0.03,0,0.03,0.03,0.03,Matches
Isco\Isco,es ESP,MFFW,Real Madrid,25,1992,30,21,1766,19.6,7,5,7,0,0,1,0,0.36,0.25,0.61,0.36,0.61,5,5,5.8,10.8,0.25,0.29,0.54,0.25,0.54,Matches
Manuel Iturra\Manuel-Iturra,cl CHI,MF,Málaga,33,1984,20,18,1583,17.6,0,1,0,0,0,6,0,0,0.06,0.06,0,0.06,0.5,0.5,0.7,1.2,0.03,0.04,0.07,0.03,0.07,Matches
Ander Iturraspe\Ander-Iturraspe,es ESP,MF,Athletic Club,28,1989,30,20,1904,21.2,0,0,0,0,0,7,0,0,0,0,0,0,0.2,0.2,2,2.3,0.01,0.1,0.11,0.01,0.11,Matches
Ivi\Ivi,es ESP,MFFW,Levante,23,1994,29,17,1762,19.6,4,3,3,1,1,3,0,0.2,0.15,0.36,0.15,0.31,3.3,2.5,2.4,4.9,0.17,0.12,0.29,0.13,0.25,Matches
Adnan Januzaj\Adnan-Januzaj,be BEL,FWMF,Real Sociedad,22,1995,28,18,1566,17.4,3,5,3,0,0,4,0,0.17,0.29,0.46,0.17,0.46,5.8,5.8,4,9.8,0.33,0.23,0.56,0.33,0.56,Matches
Jason\Jason,es ESP,MFFW,Levante,23,1994,27,22,1784,19.8,1,2,1,0,0,2,0,0.05,0.1,0.15,0.05,0.15,2.7,2.7,3,5.7,0.14,0.15,0.29,0.14,0.29,Matches
Álvaro Jiménez\Alvaro-Jimenez,es ESP,MFFW,Getafe,22,1995,13,5,536,6,1,1,1,0,0,4,2,0.17,0.17,0.34,0.17,0.34,0.2,0.2,0.7,1,0.04,0.13,0.17,0.04,0.17,Matches
Joaquín\Joaquin,es ESP,FWMF,Betis,36,1981,35,29,2476,27.5,4,7,4,0,0,7,0,0.15,0.25,0.4,0.15,0.4,2.7,2.7,5,7.7,0.1,0.18,0.28,0.1,0.28,Matches
Jony\Jony,es ESP,MFFW,Málaga,26,1991,5,1,220,2.4,0,0,0,0,0,1,0,0,0,0,0,0,0.2,0.2,0.3,0.5,0.07,0.13,0.2,0.07,0.2,Matches
Joan Jordán\Joan-Jordan,es ESP,MF,Eibar,23,1994,35,25,2435,27.1,6,3,5,1,2,2,2,0.22,0.11,0.33,0.18,0.3,4.3,2.8,2.9,5.7,0.16,0.11,0.27,0.1,0.21,Matches
Willian José\Willian-Jose,br BRA,FW,Real Sociedad,25,1991,34,32,2763,30.7,15,4,12,3,4,4,0,0.49,0.13,0.62,0.39,0.52,11.3,8.2,4.6,12.8,0.37,0.15,0.51,0.27,0.42,Matches
Jozabed\Jozabed,es ESP,MF,Celta Vigo,26,1991,24,18,1465,16.3,0,4,0,0,0,7,0,0,0.25,0.25,0,0.25,2,2,1.9,4,0.12,0.12,0.24,0.12,0.24,Matches
Juanfran\Juanfran,es ESP,DF,Atlético Madrid,32,1985,17,15,1306,14.5,0,0,0,0,0,3,0,0,0,0,0,0,0.1,0.1,0.8,0.8,0,0.05,0.06,0,0.06,Matches
Juanfran\Juanfran,es ESP,DF,La Coruña,28,1988,35,34,3055,33.9,0,1,0,0,0,3,0,0,0.03,0.03,0,0.03,1.2,1.2,3.5,4.7,0.04,0.1,0.14,0.04,0.14,Matches
Juankar\Juankar,es ESP,DF,Málaga,27,1990,10,9,784,8.7,0,0,0,0,0,2,0,0,0,0,0,0,0,0,0.7,0.8,0.01,0.08,0.09,0.01,0.09,Matches
Juanmi\Juanmi,es ESP,FWMF,Real Sociedad,24,1993,30,18,1489,16.5,8,2,8,0,0,3,0,0.48,0.12,0.6,0.48,0.6,5.5,5.5,1.7,7.3,0.33,0.11,0.44,0.33,0.44,Matches
Juanpe\Juanpe,es ESP,DF,Girona,26,1991,35,34,3066,34.1,5,1,5,0,0,7,0,0.15,0.03,0.18,0.15,0.18,1.7,1.7,1.4,3.1,0.05,0.04,0.09,0.05,0.09,Matches
Juanpi\Juanpi,ve VEN,MFFW,Málaga,23,1994,16,5,615,6.8,0,2,0,0,0,1,0,0,0.29,0.29,0,0.29,0.9,0.9,0.8,1.7,0.14,0.12,0.26,0.14,0.26,Matches
David Juncà\David-Junca,es ESP,DF,Eibar,23,1993,15,10,900,10,0,3,0,0,0,3,0,0,0.3,0.3,0,0.3,0,0,1.4,1.5,0,0.14,0.15,0,0.15,Matches
Aleksandar Katai\Aleksandar-Katai,rs SRB,FWMF,Alavés,26,1991,3,0,57,0.6,0,0,0,0,0,0,0,0,0,0,0,0,0.2,0.2,0,0.2,0.37,0,0.37,0.37,0.37,Matches
Olarenwaju Kayode\Olarenwaju-Kayode,ng NGA,FWMF,Girona,24,1993,12,2,397,4.4,0,0,0,0,0,2,0,0,0,0,0,0,1.3,1.3,0.9,2.2,0.32,0.2,0.52,0.32,0.52,Matches
Keko\Keko,es ESP,MFFW,Málaga,25,1991,21,15,1203,13.4,0,2,0,0,0,3,0,0,0.15,0.15,0,0.15,1.5,1.5,1.2,2.8,0.11,0.09,0.2,0.11,0.2,Matches
Kike\Kike,es ESP,FW,Eibar,27,1989,35,28,2458,27.3,8,1,8,0,0,5,0,0.29,0.04,0.33,0.29,0.33,10,10,1,10.9,0.36,0.04,0.4,0.36,0.4,Matches
Simon Kjær\Simon-Kjaer,dk DEN,DF,Sevilla,28,1989,20,18,1571,17.5,2,1,2,0,0,3,0,0.11,0.06,0.17,0.11,0.17,1.3,1.3,0,1.3,0.08,0,0.08,0.08,0.08,Matches
Koke\Koke,es ESP,MFFW,Atlético Madrid,25,1992,35,33,2753,30.6,4,3,4,0,0,3,0,0.13,0.1,0.23,0.13,0.23,2.9,2.9,7.3,10.2,0.1,0.24,0.33,0.1,0.33,Matches
Geoffrey Kondogbia\Geoffrey-Kondogbia,cf CTA,MF,Valencia,24,1993,31,30,2614,29,4,3,4,0,0,12,2,0.14,0.1,0.24,0.14,0.24,2.5,2.5,2.2,4.7,0.08,0.08,0.16,0.08,0.16,Matches
Mateo Kova?i?\Mateo-Kovacic,hr CRO,MF,Real Madrid,23,1994,21,10,994,11,0,1,0,0,0,2,0,0,0.09,0.09,0,0.09,0.3,0.3,1,1.3,0.03,0.09,0.12,0.03,0.12,Matches
Maksym Koval\Maksym-Koval,ua UKR,GKMF,La Coruña,24,1992,2,2,121,1.3,0,0,0,0,0,0,1,0,0,0,0,0,0,0,0,0,0,0,0,0,0,Matches
Bojan Krki?\Bojan-Krkic,es ESP,FWMF,Alavés,26,1990,13,4,445,4.9,0,0,0,0,0,0,0,0,0,0,0,0,0.9,0.9,0.1,1.1,0.19,0.03,0.22,0.19,0.22,Matches
Michael Krohn-Dehli\Michael-Krohn-Dehli,dk DEN,MF,La Coruña,34,1983,11,10,726,8.1,0,0,0,0,0,2,0,0,0,0,0,0,0.2,0.2,0.1,0.3,0.02,0.01,0.04,0.02,0.04,Matches
Michael Krohn-Dehli\Michael-Krohn-Dehli,dk DEN,MFFW,Sevilla,34,1983,13,5,540,6,1,0,1,0,0,0,0,0.17,0,0.17,0.17,0.17,0.2,0.2,1,1.2,0.03,0.17,0.2,0.03,0.2,Matches
Toni Kroos\Toni-Kroos,de GER,MF,Real Madrid,27,1990,27,26,2261,25.1,5,5,5,0,0,4,0,0.2,0.2,0.4,0.2,0.4,2.5,2.5,5.6,8.2,0.1,0.22,0.32,0.1,0.32,Matches
Zdravko Kuzmanovi?\Zdravko-Kuzmanovic,rs SRB,MF,Málaga,29,1987,8,6,480,5.3,0,1,0,0,0,2,4,0,0.19,0.19,0,0.19,0.1,0.1,0.4,0.5,0.02,0.07,0.09,0.02,0.09,Matches
Alberto de la Bella\Alberto-de-la-Bella,es ESP,DF,Real Sociedad,31,1985,17,17,1526,17,0,1,0,0,0,4,0,0,0.06,0.06,0,0.06,0.2,0.2,2.1,2.3,0.01,0.12,0.14,0.01,0.14,Matches
Mehdi Lacen\Mehdi-Lacen,dz ALG,MF,Getafe,33,1984,4,0,68,0.8,0,0,0,0,0,1,0,0,0,0,0,0,0.1,0.1,0,0.1,0.15,0,0.15,0.15,0.15,Matches
Mehdi Lacen\Mehdi-Lacen,dz ALG,MF,Málaga,33,1984,15,12,1054,11.7,0,0,0,0,0,2,0,0,0,0,0,0,0.3,0.3,0.2,0.6,0.03,0.02,0.05,0.03,0.05,Matches
Víctor Laguardia\Victor-Laguardia,es ESP,DF,Alavés,27,1989,17,17,1530,17,2,0,2,0,0,3,0,0.12,0,0.12,0.12,0.12,0.8,0.8,0.2,0.9,0.04,0.01,0.05,0.04,0.05,Matches
Aymeric Laporte\Aymeric-Laporte,fr FRA,DF,Athletic Club,23,1994,19,19,1710,19,0,0,0,0,0,5,0,0,0,0,0,0,0.6,0.6,0.5,1.2,0.03,0.03,0.06,0.03,0.06,Matches
Borja Lasso\Borja-Lasso,es ESP,MF,Sevilla,23,1994,1,1,53,0.6,0,0,0,0,0,0,0,0,0,0,0,0,0,0,0.1,0.1,0,0.21,0.21,0,0.21,Matches
Toni Lato\Toni-Lato,es ESP,DF,Valencia,19,1997,16,9,798,8.9,0,1,0,0,0,4,0,0,0.11,0.11,0,0.11,0.1,0.1,0.8,0.9,0.01,0.09,0.1,0.01,0.1,Matches
Miguel Layún\Miguel-Layun,mx MEX,DF,Sevilla,29,1988,16,11,1187,13.2,2,0,2,0,0,4,0,0.15,0,0.15,0.15,0.15,1.3,1.3,1.8,3.1,0.1,0.13,0.23,0.1,0.23,Matches
Iñigo Lekue\Inigo-Lekue,es ESP,DFFW,Athletic Club,24,1993,32,22,2115,23.5,0,1,0,0,0,3,0,0,0.04,0.04,0,0.04,0.8,0.8,1.7,2.5,0.03,0.07,0.11,0.03,0.11,Matches
Mauricio Lemos\Mauricio-Lemos,uy URU,DFMF,Las Palmas,21,1995,16,14,1260,14,0,0,0,0,0,6,0,0,0,0,0,0,0.8,0.8,0.3,1.1,0.06,0.02,0.08,0.06,0.08,Matches
Clément Lenglet\Clement-Lenglet,fr FRA,DF,Sevilla,22,1995,35,33,3000,33.3,3,1,3,0,0,9,0,0.09,0.03,0.12,0.09,0.12,2,2,0.5,2.5,0.06,0.02,0.08,0.06,0.08,Matches
Pedro León\Pedro-Leon,es ESP,FWMF,Eibar,30,1986,12,10,930,10.3,0,4,0,0,0,1,0,0,0.39,0.39,0,0.39,1.3,1.3,2,3.3,0.12,0.2,0.32,0.12,0.32,Matches
Sergio León\Sergio-Leon,es ESP,FW,Betis,28,1989,31,23,1974,21.9,11,1,11,0,1,5,0,0.5,0.05,0.55,0.5,0.55,9.2,8.4,1.7,10.1,0.42,0.08,0.5,0.38,0.46,Matches
Jefferson Lerma\Jefferson-Lerma,co COL,MF,Levante,22,1994,26,25,2135,23.7,0,1,0,0,0,16,0,0,0.04,0.04,0,0.04,1.6,1.6,1,2.5,0.07,0.04,0.11,0.07,0.11,Matches
Maxime Lestienne\Maxime-Lestienne,be BEL,MFFW,Málaga,25,1992,12,8,667,7.4,0,1,0,0,0,1,0,0,0.13,0.13,0,0.13,1.1,1.1,0.6,1.6,0.14,0.08,0.22,0.14,0.22,Matches
Raúl Lizoain\Raul-Lizoain,es ESP,GK,Las Palmas,26,1991,11,11,990,11,0,0,0,0,0,0,0,0,0,0,0,0,0,0,0,0,0,0,0,0,0,Matches
Diego Llorente\Diego-Llorente,es ESP,DF,Real Sociedad,23,1993,27,26,2324,25.8,3,1,3,0,0,8,2,0.12,0.04,0.15,0.12,0.15,2.5,2.5,0.1,2.6,0.1,0,0.1,0.1,0.1,Matches
Marcos Llorente\Marcos-Llorente,es ESP,MF,Real Madrid,22,1995,13,5,554,6.2,0,0,0,0,0,1,0,0,0,0,0,0,0.2,0.2,0.2,0.4,0.04,0.03,0.07,0.04,0.07,Matches
Stanislav Lobotka\Stanislav-Lobotka,sk SVK,MF,Celta Vigo,22,1994,38,34,3062,34,0,0,0,0,0,2,0,0,0,0,0,0,0.3,0.3,0.5,0.8,0.01,0.01,0.02,0.01,0.02,Matches
David Lombán\David-Lomban,es ESP,DF,Eibar,30,1987,13,11,995,11.1,1,0,1,0,0,3,0,0.09,0,0.09,0.09,0.09,0.2,0.2,0,0.2,0.02,0,0.02,0.02,0.02,Matches
Pedro López Muñoz\Pedro-Lopez-Munoz,es ESP,DF,Levante,33,1983,21,18,1591,17.7,0,0,0,0,0,3,0,0,0,0,0,0,0.1,0.1,0.6,0.7,0,0.03,0.04,0,0.04,Matches
Adrián López\Adrian-Lopez,es ESP,FWMF,La Coruña,29,1988,30,26,2343,26,9,6,9,0,0,1,0,0.35,0.23,0.58,0.35,0.58,7.6,7.6,5.2,12.8,0.29,0.2,0.49,0.29,0.49,Matches
Alberto López\Alberto-Lopez,es ESP,DF,Málaga,22,1995,1,0,45,0.5,0,0,0,0,0,0,0,0,0,0,0,0,0,0,0,0,0,0,0,0,0,Matches
Andoni López\Andoni-Lopez,es ESP,DF,Athletic Club,21,1996,1,1,90,1,0,0,0,0,0,0,0,0,0,0,0,0,0,0,0,0,0.02,0,0.02,0.02,0.02,Matches
David López\David-Lopez,es ESP,DFMF,Espanyol,27,1989,37,37,3330,37,1,0,1,0,0,7,0,0.03,0,0.03,0.03,0.03,1.4,1.4,0.5,1.8,0.04,0.01,0.05,0.04,0.05,Matches
Diego López\Diego-Lopez,es ESP,GK,Espanyol,35,1981,11,11,942,10.5,0,0,0,0,0,1,0,0,0,0,0,0,0,0,0,0,0,0,0,0,0,Matches
Iván López\Ivan-Lopez,es ESP,DF,Levante,23,1993,3,3,172,1.9,0,1,0,0,0,0,0,0,0.52,0.52,0,0.52,0,0,0.3,0.3,0.01,0.15,0.16,0.01,0.16,Matches
Javi López\Javi-Lopez,es ESP,DF,Espanyol,31,1986,14,12,965,10.7,0,0,0,0,0,4,0,0,0,0,0,0,0.1,0.1,0.6,0.7,0.01,0.05,0.06,0.01,0.06,Matches
Pau López\Pau-Lopez,es ESP,GK,Espanyol,22,1994,28,27,2478,27.5,0,0,0,0,0,2,0,0,0,0,0,0,0,0,0.1,0.1,0,0.01,0.01,0,0.01,Matches
Pedro López\Pedro-Lopez,es ESP,GK,Betis,22,1995,5,4,412,4.6,0,0,0,0,0,0,0,0,0,0,0,0,0,0,0,0,0,0,0,0,0,Matches
Víctor López\Victor-Lopez,es ESP,MFFW,Alavés,20,1997,1,1,59,0.7,0,0,0,0,0,0,0,0,0,0,0,0,0.1,0.1,0.3,0.3,0.09,0.37,0.47,0.09,0.47,Matches
Anthony Lozano\Anthony-Lozano,hn HON,FWMF,Girona,24,1993,14,4,477,5.3,1,0,1,0,0,0,0,0.19,0,0.19,0.19,0.19,1.8,1.8,0.7,2.4,0.34,0.13,0.47,0.34,0.47,Matches
José Luis Gayà\Jose-Luis-Gaya,es ESP,DF,Valencia,22,1995,34,33,2915,32.4,0,2,0,0,0,11,0,0,0.06,0.06,0,0.06,0.7,0.7,4,4.7,0.02,0.12,0.15,0.02,0.15,Matches
José Luis Morales\Jose-Luis-Morales,es ESP,MFFW,Levante,30,1987,35,35,3053,33.9,10,8,7,3,3,7,2,0.29,0.24,0.53,0.21,0.44,8.7,6.4,5.6,12,0.26,0.17,0.42,0.19,0.35,Matches
Filipe Luís\Filipe-Luis,br BRA,DF,Atlético Madrid,31,1985,20,19,1656,18.4,1,2,1,0,0,4,0,0.05,0.11,0.16,0.05,0.16,0.2,0.2,1.5,1.8,0.01,0.08,0.1,0.01,0.1,Matches
Luisinho\Luisinho,pt POR,DF,La Coruña,32,1985,30,29,2621,29.1,1,1,1,0,1,12,0,0.03,0.03,0.07,0.03,0.07,1.4,0.7,2.1,2.7,0.05,0.07,0.12,0.02,0.09,Matches
Douglas Luiz\Douglas-Luiz,br BRA,MFFW,Girona,19,1998,15,1,322,3.6,0,0,0,0,0,4,0,0,0,0,0,0,0.5,0.5,0.5,1,0.16,0.15,0.31,0.16,0.31,Matches
Saša Luki?\Sasa-Lukic,rs SRB,MF,Levante,20,1996,16,12,992,11,0,2,0,0,0,4,0,0,0.18,0.18,0,0.18,0.1,0.1,2,2.1,0.01,0.18,0.19,0.01,0.19,Matches
Antonio Luna\Antonio-Luna,es ESP,DF,Levante,26,1991,23,22,2021,22.5,0,2,0,0,0,5,0,0,0.09,0.09,0,0.09,0.2,0.2,2.2,2.4,0.01,0.1,0.11,0.01,0.11,Matches
Pablo Maffeo\Pablo-Maffeo,es ESP,MFDF,Girona,20,1997,33,32,2645,29.4,0,0,0,0,0,11,0,0,0,0,0,0,1.1,1.1,1.9,3,0.04,0.06,0.1,0.04,0.1,Matches
Nemanja Maksimovi?\Nemanja-Maksimovic,rs SRB,MFFW,Valencia,22,1995,14,6,560,6.2,0,0,0,0,0,1,0,0,0,0,0,0,0.6,0.6,0.5,1,0.09,0.08,0.17,0.09,0.17,Matches
Hugo Mallo\Hugo-Mallo,es ESP,DF,Celta Vigo,26,1991,34,34,2998,33.3,0,5,0,0,0,12,0,0,0.15,0.15,0,0.15,1.3,1.3,4.6,5.9,0.04,0.14,0.18,0.04,0.18,Matches
Aïssa Mandi\Aissa-Mandi,dz ALG,DF,Betis,25,1991,34,34,3024,33.6,1,0,1,0,0,9,1,0.03,0,0.03,0.03,0.03,1.4,1.4,0.3,1.6,0.04,0.01,0.05,0.04,0.05,Matches
Martín Mantovani\Martin-Mantovani,ar ARG,DF,Leganés,33,1984,13,10,1021,11.3,1,0,1,0,0,3,0,0.09,0,0.09,0.09,0.09,0.9,0.9,0.1,1,0.08,0.01,0.09,0.08,0.09,Matches
José Manuel Jurado\Jose-Manuel-Jurado,es ESP,MFFW,Espanyol,31,1986,29,20,1499,16.7,0,3,0,0,0,1,0,0,0.18,0.18,0,0.18,0.8,0.8,1.3,2.1,0.05,0.08,0.13,0.05,0.13,Matches
Marcelo\Marcelo,br BRA,DF,Real Madrid,29,1988,28,26,2262,25.1,2,6,2,0,0,3,1,0.08,0.24,0.32,0.08,0.32,1.6,1.6,7.2,8.7,0.06,0.28,0.35,0.06,0.35,Matches
Óscar de Marcos\Oscar-de-Marcos,es ESP,DFMF,Athletic Club,28,1989,21,20,1654,18.4,1,3,1,0,0,5,0,0.05,0.16,0.22,0.05,0.22,1.6,1.6,1.8,3.4,0.08,0.1,0.18,0.08,0.18,Matches
José María Giménez\Jose-Maria-Gimenez,uy URU,DF,Atlético Madrid,22,1995,23,17,1696,18.8,1,1,1,0,0,6,0,0.05,0.05,0.11,0.05,0.11,1.5,1.5,0.1,1.6,0.08,0.01,0.09,0.08,0.09,Matches
Adrián Marín\Adrian-Marin,es ESP,DF,Villarreal,20,1997,3,2,233,2.6,0,0,0,0,0,1,0,0,0,0,0,0,0,0,0,0,0,0.01,0.01,0,0.01,Matches
Guillermo Maripán\Guillermo-Maripan,cl CHI,DF,Alavés,23,1994,19,17,1531,17,0,0,0,0,0,4,0,0,0,0,0,0,0.6,0.6,0,0.6,0.03,0,0.03,0.03,0.03,Matches
Roger Martí\Roger-Marti,es ESP,FW,Levante,26,1991,17,10,960,10.7,3,2,2,1,1,4,0,0.28,0.19,0.47,0.19,0.37,3.7,2.9,1.3,4.2,0.35,0.12,0.46,0.27,0.39,Matches
Aarón Martín\Aaron-Martin,es ESP,DF,Espanyol,20,1997,32,31,2816,31.3,0,0,0,0,0,6,0,0,0,0,0,0,0.2,0.2,4,4.1,0.01,0.13,0.13,0.01,0.13,Matches
Carlos Martínez\Carlos-Martinez,es ESP,DF,Real Sociedad,31,1986,1,0,3,0,0,0,0,0,0,0,0,0,0,0,0,0,0,0,0,0,0,0,0,0,0,Matches
Emiliano Martínez\Emiliano-Martinez,ar ARG,GK,Getafe,24,1992,5,5,450,5,0,0,0,0,0,0,0,0,0,0,0,0,0,0,0,0,0,0,0,0,0,Matches
Iñigo Martínez\Inigo-Martinez,es ESP,DF,Athletic Club,26,1991,16,16,1440,16,0,0,0,0,0,5,0,0,0,0,0,0,0.4,0.4,0.4,0.8,0.02,0.02,0.05,0.02,0.05,Matches
Iñigo Martínez\Inigo-Martinez,es ESP,DF,Real Sociedad,26,1991,12,12,1055,11.7,1,0,1,0,0,0,0,0.09,0,0.09,0.09,0.09,0.9,0.9,0.8,1.6,0.07,0.06,0.14,0.07,0.14,Matches
Roger Martínez\Roger-Martinez,co COL,FW,Villarreal,23,1994,8,2,235,2.6,1,0,1,0,0,1,0,0.38,0,0.38,0.38,0.38,0.7,0.7,0.1,0.8,0.27,0.05,0.31,0.27,0.31,Matches
Javier Mascherano\Javier-Mascherano,ar ARG,DF,Barcelona,33,1984,7,6,542,6,0,0,0,0,0,0,0,0,0,0,0,0,0,0,0.6,0.6,0,0.1,0.1,0,0.1,Matches
Borja Mayoral\Borja-Mayoral,es ESP,FW,Real Madrid,20,1997,14,3,349,3.9,3,1,3,0,0,0,0,0.77,0.26,1.03,0.77,1.03,3.4,3.4,0.2,3.6,0.92,0.05,0.97,0.92,0.97,Matches
Róbert Mazá?\Robert-Mazan,sk SVK,DF,Celta Vigo,23,1994,2,1,82,0.9,0,0,0,0,0,0,0,0,0,0,0,0,0.2,0.2,0,0.2,0.18,0.05,0.22,0.18,0.22,Matches
Álvaro Medrán\Alvaro-Medran,es ESP,MF,Valencia,23,1994,1,1,72,0.8,0,0,0,0,0,0,0,0,0,0,0,0,0,0,0,0,0.02,0.03,0.05,0.02,0.05,Matches
Álvaro Medrán\Alvaro-Medran,es ESP,MFFW,Alavés,23,1994,17,9,953,10.6,2,0,2,0,0,2,0,0.19,0,0.19,0.19,0.19,0.7,0.7,1.2,1.9,0.07,0.11,0.18,0.07,0.18,Matches
Óscar Melendo\Oscar-Melendo,es ESP,MFFW,Espanyol,19,1997,18,6,693,7.7,0,1,0,0,0,1,0,0,0.13,0.13,0,0.13,0.5,0.5,0.8,1.3,0.07,0.1,0.17,0.07,0.17,Matches
Brais Méndez\Brais-Mendez,es ESP,MFFW,Celta Vigo,20,1997,20,12,951,10.6,1,2,1,0,0,0,0,0.09,0.19,0.28,0.09,0.28,1.9,1.9,1.3,3.3,0.18,0.13,0.31,0.18,0.31,Matches
Gabriel Mercado\Gabriel-Mercado,ar ARG,DF,Sevilla,30,1987,26,25,2116,23.5,0,1,0,0,0,9,0,0,0.04,0.04,0,0.04,1.5,1.5,0.8,2.3,0.07,0.03,0.1,0.07,0.1,Matches
Sabin Merino\Sabin-Merino,es ESP,FWMF,Athletic Club,25,1992,13,4,376,4.2,0,0,0,0,0,1,0,0,0,0,0,0,1.5,1.5,0.2,1.7,0.38,0.04,0.42,0.38,0.42,Matches
Roque Mesa\Roque-Mesa,es ESP,MF,Sevilla,28,1989,7,4,344,3.8,0,0,0,0,0,2,0,0,0,0,0,0,0,0,0.3,0.4,0.01,0.08,0.1,0.01,0.1,Matches
Lionel Messi\Lionel-Messi,ar ARG,FWMF,Barcelona,30,1987,36,32,3002,33.4,34,12,32,2,4,3,0,1.02,0.36,1.38,0.96,1.32,25.3,22.3,13.6,35.9,0.76,0.41,1.17,0.67,1.08,Matches
Michel\Michel,br BRA,DF,Las Palmas,27,1990,28,26,2151,23.9,0,1,0,0,0,5,2,0,0.04,0.04,0,0.04,0.4,0.4,2,2.4,0.02,0.08,0.1,0.02,0.1,Matches
Santi Mina\Santi-Mina,es ESP,FW,Valencia,21,1995,32,17,1560,17.3,12,2,11,1,1,4,0,0.69,0.12,0.81,0.63,0.75,9.1,8.3,1.9,10.2,0.53,0.11,0.64,0.48,0.6,Matches
Yerry Mina\Yerry-Mina,co COL,DF,Barcelona,22,1994,5,4,372,4.1,0,0,0,0,0,2,0,0,0,0,0,0,0.2,0.2,0.1,0.3,0.06,0.02,0.08,0.06,0.08,Matches
Ignasi Miquel\Ignasi-Miquel,es ESP,DF,Málaga,24,1992,20,20,1772,19.7,0,0,0,0,0,5,1,0,0,0,0,0,0.5,0.5,0.1,0.6,0.02,0.01,0.03,0.02,0.03,Matches
Luka Modri?\Luka-Modric,hr CRO,MF,Real Madrid,31,1985,26,23,1966,21.8,1,5,1,0,0,3,0,0.05,0.23,0.27,0.05,0.27,2.2,2.2,4.6,6.8,0.1,0.21,0.31,0.1,0.31,Matches
Johan Mojica\Johan-Mojica,co COL,MFDF,Girona,24,1992,30,22,2137,23.7,0,4,0,0,0,6,0,0,0.17,0.17,0,0.17,0.9,0.9,2.4,3.3,0.04,0.1,0.14,0.04,0.14,Matches
Jorge Molina\Jorge-Molina,es ESP,FW,Getafe,35,1982,36,31,2779,30.9,7,3,4,3,6,10,0,0.23,0.1,0.32,0.13,0.23,14.7,10.2,3.9,14,0.47,0.12,0.6,0.33,0.45,Matches
Francisco Molinero\Francisco-Molinero,es ESP,DF,Getafe,32,1985,10,5,583,6.5,0,0,0,0,0,5,0,0,0,0,0,0,0.1,0.1,0.2,0.2,0.01,0.02,0.04,0.01,0.04,Matches
Momo\Momo,es ESP,FWMF,Las Palmas,35,1982,13,8,672,7.5,0,1,0,0,0,3,0,0,0.13,0.13,0,0.13,0.5,0.5,1.2,1.7,0.06,0.16,0.23,0.06,0.23,Matches
Jefferson Montero\Jefferson-Montero,ec ECU,FWMF,Getafe,27,1989,4,0,61,0.7,0,0,0,0,0,0,0,0,0,0,0,0,0,0,0,0,0,0,0,0,0,Matches
Martín Montoya\Martin-Montoya,es ESP,DF,Valencia,26,1991,25,24,2152,23.9,0,4,0,0,0,7,0,0,0.17,0.17,0,0.17,0.2,0.2,2,2.2,0.01,0.08,0.09,0.01,0.09,Matches
Walter Montoya\Walter-Montoya,ar ARG,FW,Sevilla,24,1993,1,1,75,0.8,0,0,0,0,0,0,0,0,0,0,0,0,0,0,0,0,0.04,0,0.04,0.04,0.04,Matches
Shaquell Moore\Shaquell-Moore,us USA,DF,Levante,20,1996,6,5,425,4.7,0,0,0,0,0,0,0,0,0,0,0,0,0.5,0.5,0.1,0.5,0.1,0.01,0.12,0.1,0.12,Matches
Emre Mor\Emre-Mor,tr TUR,FWMF,Celta Vigo,20,1997,23,4,679,7.5,1,1,1,0,0,4,0,0.13,0.13,0.27,0.13,0.27,0.6,0.6,2,2.6,0.08,0.28,0.36,0.08,0.36,Matches
Sergio Mora\Sergio-Mora,es ESP,MF,Getafe,37,1979,26,6,826,9.2,0,0,0,0,0,5,0,0,0,0,0,0,0.3,0.3,0.2,0.5,0.03,0.02,0.05,0.03,0.05,Matches
Erik Morán\Erik-Moran,es ESP,MF,Leganés,26,1991,6,2,231,2.6,0,0,0,0,0,2,0,0,0,0,0,0,0,0,0,0,0,0,0,0,0,Matches
Gerard Moreno\Gerard-Moreno,es ESP,FW,Espanyol,25,1992,38,38,3411,37.9,16,1,15,1,2,4,0,0.42,0.03,0.45,0.4,0.42,16,14.4,3.7,18.1,0.42,0.1,0.52,0.38,0.48,Matches
Héctor Moreno\Hector-Moreno,mx MEX,DF,Real Sociedad,29,1988,8,8,720,8,1,0,1,0,0,1,0,0.12,0,0.12,0.12,0.12,1,1,0.1,1.1,0.13,0.01,0.14,0.13,0.14,Matches
Marlos Moreno\Marlos-Moreno,co COL,MF,Girona,20,1996,2,0,33,0.4,0,0,0,0,0,0,0,0,0,0,0,0,0,0,0.1,0.1,0,0.21,0.21,0,0.21,Matches
Loren Morón\Loren-Moron,es ESP,FW,Betis,23,1993,15,12,1061,11.8,7,0,7,0,0,3,0,0.59,0,0.59,0.59,0.59,3.6,3.6,1.4,5,0.3,0.12,0.42,0.3,0.42,Matches
Pedro Mosquera\Pedro-Mosquera,es ESP,MF,La Coruña,29,1988,23,16,1395,15.5,0,2,0,0,0,7,0,0,0.13,0.13,0,0.13,1.5,1.5,0.5,2,0.1,0.03,0.13,0.1,0.13,Matches
Toni Moya\Toni-Moya,es ESP,DF,Atlético Madrid,19,1998,1,0,4,0,0,0,0,0,0,0,0,0,0,0,0,0,0,0,0,0,0,0,0,0,0,Matches
Álex Mula\Alex-Mula,es ESP,MFFW,Málaga,21,1996,11,7,560,6.2,0,0,0,0,0,1,0,0,0,0,0,0,,,,,,,,,,Matches
Iker Muniain\Iker-Muniain,es ESP,MFFW,Athletic Club,24,1992,14,7,784,8.7,4,2,4,0,0,1,0,0.46,0.23,0.69,0.46,0.69,2,2,1.2,3.1,0.23,0.13,0.36,0.23,0.36,Matches
Marc Muniesa\Marc-Muniesa,es ESP,DF,Girona,25,1992,13,13,1125,12.5,0,1,0,0,0,2,0,0,0.08,0.08,0,0.08,0.4,0.4,0,0.4,0.03,0,0.03,0.03,0.03,Matches
Ezequiel Muñoz\Ezequiel-Munoz,ar ARG,DF,Leganés,26,1990,19,17,1406,15.6,0,1,0,0,0,2,0,0,0.06,0.06,0,0.06,0.4,0.4,0.6,1.1,0.03,0.04,0.07,0.03,0.07,Matches
Sulley Muntari\Sulley-Muntari,gh GHA,MF,La Coruña,32,1984,8,6,402,4.5,0,0,0,0,0,3,0,0,0,0,0,0,0.2,0.2,0.2,0.4,0.04,0.05,0.08,0.04,0.08,Matches
Luis Muriel\Luis-Muriel,co COL,FW,Sevilla,26,1991,29,17,1610,17.9,7,2,7,0,0,4,0,0.39,0.11,0.5,0.39,0.5,7.4,7.4,2.2,9.5,0.41,0.12,0.54,0.41,0.54,Matches
Jeison Murillo\Jeison-Murillo,co COL,DF,Valencia,25,1992,17,15,1374,15.3,0,0,0,0,0,4,0,0,0,0,0,0,0.1,0.1,0,0.1,0.01,0,0.01,0.01,0.01,Matches
Fahad Al-Muwallad\Fahad-Al-Muwallad,sa KSA,FWMF,Levante,20,1996,2,0,29,0.3,0,0,0,0,0,0,0,0,0,0,0,0,,,,,,,,,,Matches
Alfred N'Diaye\Alfred-NDiaye,sn SEN,DFMF,Villarreal,27,1990,2,1,102,1.1,0,0,0,0,0,0,0,0,0,0,0,0,0,0,0,0,0,0,0,0,0,Matches
Nacho\Nacho,es ESP,DF,Real Madrid,27,1990,27,22,2075,23.1,3,0,3,0,0,7,0,0.13,0,0.13,0.13,0.13,1.7,1.7,0.3,2,0.07,0.01,0.09,0.07,0.09,Matches
Matías Nahuel\Matias-Nahuel,es ESP,FWMF,Betis,20,1996,7,3,252,2.8,0,0,0,0,0,2,0,0,0,0,0,0,0.1,0.1,0.1,0.2,0.04,0.04,0.08,0.04,0.08,Matches
Naldo\Naldo,br BRA,DF,Espanyol,28,1988,11,10,920,10.2,0,0,0,0,0,2,0,0,0,0,0,0,0.1,0.1,0.1,0.2,0.01,0.01,0.02,0.01,0.02,Matches
Nano\Nano,es ESP,FW,Levante,22,1995,9,2,282,3.1,0,0,0,0,0,1,0,0,0,0,0,0,1,1,0,1,0.32,0.01,0.32,0.32,0.32,Matches
Naranjo\Naranjo,es ESP,FWMF,Leganés,23,1994,16,6,567,6.3,1,1,1,0,0,2,0,0.16,0.16,0.32,0.16,0.32,0.9,0.9,0.5,1.4,0.15,0.07,0.22,0.15,0.22,Matches
Juanjo Narváez\Juanjo-Narvaez,co COL,MF,Betis,22,1995,7,4,303,3.4,0,0,0,0,0,0,0,0,0,0,0,0,0.1,0.1,0.1,0.2,0.02,0.03,0.05,0.02,0.05,Matches
Fernando Navarro\Fernando-Navarro,es ESP,DF,La Coruña,35,1982,15,11,1049,11.7,0,0,0,0,0,4,0,0,0,0,0,0,0,0,0.3,0.3,0,0.03,0.03,0,0.03,Matches
Marc Navarro\Marc-Navarro,es ESP,DF,Espanyol,22,1995,19,10,1110,12.3,1,1,1,0,0,3,0,0.08,0.08,0.16,0.08,0.16,1,1,0.9,1.9,0.08,0.07,0.15,0.08,0.15,Matches
Rafa Navarro\Rafa-Navarro,es ESP,DF,Betis,23,1994,3,1,135,1.5,0,0,0,0,0,0,0,0,0,0,0,0,0,0,0.1,0.1,0.02,0.06,0.08,0.02,0.08,Matches
Ximo Navarro\Ximo-Navarro,es ESP,DF,Las Palmas,27,1990,31,29,2610,29,0,1,0,0,0,12,0,0,0.03,0.03,0,0.03,0.1,0.1,0.3,0.4,0,0.01,0.01,0,0.01,Matches
Jesús Navas\Jesus-Navas,es ESP,FWDF,Sevilla,31,1985,26,20,1765,19.6,1,1,1,0,0,2,0,0.05,0.05,0.1,0.05,0.1,1.4,1.4,3.5,4.8,0.07,0.18,0.25,0.07,0.25,Matches
Keylor Navas\Keylor-Navas,cr CRC,GK,Real Madrid,30,1986,27,27,2430,27,0,0,0,0,0,1,0,0,0,0,0,0,0,0,0,0,0,0,0,0,0,Matches
Raúl Navas\Raul-Navas,es ESP,DF,Real Sociedad,29,1988,20,20,1790,19.9,0,2,0,0,0,4,0,0,0.1,0.1,0,0.1,0.7,0.7,0.3,1,0.04,0.02,0.05,0.04,0.05,Matches
Merveille Ndockyt\Merveille-Ndockyt,cg CGO,MF,Getafe,19,1998,6,0,71,0.8,0,0,0,0,0,1,0,0,0,0,0,0,0,0,0,0,0,0,0,0,0,Matches
Neto\Neto,br BRA,GK,Valencia,28,1989,33,33,2970,33,0,0,0,0,0,2,0,0,0,0,0,0,0.2,0.2,0,0.2,0,0,0,0,0,Matches
Saúl Ñíguez\Saul-Niguez,es ESP,MF,Atlético Madrid,22,1994,36,35,3155,35.1,2,4,2,0,0,9,0,0.06,0.11,0.17,0.06,0.17,3.2,3.2,2.9,6.1,0.09,0.08,0.18,0.09,0.18,Matches
Nolito\Nolito,es ESP,FWMF,Sevilla,30,1986,30,17,1599,17.8,4,5,4,0,1,4,0,0.23,0.28,0.51,0.23,0.51,4.6,3.9,3.9,7.9,0.26,0.22,0.48,0.22,0.44,Matches
Unai Núñez\Unai-Nunez,es ESP,DF,Athletic Club,20,1997,32,32,2850,31.7,1,0,1,0,0,11,0,0.03,0,0.03,0.03,0.03,3,3,0.3,3.3,0.09,0.01,0.1,0.09,0.1,Matches
Steven Nzonzi\Steven-Nzonzi,fr FRA,MF,Sevilla,28,1988,27,26,2216,24.6,1,1,1,0,0,2,0,0.04,0.04,0.08,0.04,0.08,1.9,1.9,1.6,3.5,0.08,0.06,0.14,0.08,0.14,Matches
Jan Oblak\Jan-Oblak,si SVN,GK,Atlético Madrid,24,1993,37,37,3330,37,0,0,0,0,0,1,0,0,0,0,0,0,0,0,0,0,0,0,0,0,0,Matches
Álvaro Odriozola\Alvaro-Odriozola,es ESP,DF,Real Sociedad,21,1995,35,32,2920,32.4,0,4,0,0,0,3,2,0,0.12,0.12,0,0.12,0.8,0.8,3.8,4.6,0.02,0.12,0.14,0.02,0.14,Matches
Oier Olazábal\Oier-Olazabal,es ESP,GK,Levante,27,1989,26,26,2340,26,0,0,0,0,0,2,0,0,0,0,0,0,0,0,0,0,0,0,0,0,0,Matches
Paulo Oliveira\Paulo-Oliveira,pt POR,DF,Eibar,25,1992,26,25,2212,24.6,0,0,0,0,0,3,0,0,0,0,0,0,0.7,0.7,0.2,0.9,0.03,0.01,0.04,0.03,0.04,Matches
Mathías Olivera\Mathias-Olivera,uy URU,FWMF,Getafe,19,1997,3,1,105,1.2,1,0,1,0,0,0,0,0.86,0,0.86,0.86,0.86,0.1,0.1,0.1,0.2,0.1,0.07,0.17,0.1,0.17,Matches
Michael Olunga\Michael-Olunga,ke KEN,FW,Girona,23,1994,14,4,439,4.9,3,0,3,0,0,0,0,0.62,0,0.62,0.62,0.62,3.1,3.1,0.7,3.8,0.65,0.15,0.8,0.65,0.8,Matches
Javier Ontiveros\Javier-Ontiveros,es ESP,MFFW,Málaga,19,1997,12,1,398,4.4,0,1,0,0,0,4,0,0,0.23,0.23,0,0.23,0.2,0.2,0.7,0.9,0.05,0.17,0.22,0.05,0.22,Matches
Fabián Orellana\Fabian-Orellana,cl CHI,MFFW,Eibar,31,1986,17,13,1178,13.1,3,2,3,0,0,5,2,0.23,0.15,0.38,0.23,0.38,2.5,2.5,3.6,6,0.19,0.27,0.46,0.19,0.46,Matches
Mikel Oyarzabal\Mikel-Oyarzabal,es ESP,FWMF,Real Sociedad,20,1997,35,31,2767,30.7,12,5,12,0,0,4,0,0.39,0.16,0.55,0.39,0.55,8.3,8.3,3.7,12,0.27,0.12,0.39,0.27,0.39,Matches
Daniel Pacheco\Daniel-Pacheco,es ESP,MFFW,Getafe,26,1991,11,0,186,2.1,0,0,0,0,0,0,0,0,0,0,0,0,0.1,0.1,0.8,0.9,0.04,0.44,0.48,0.04,0.48,Matches
Fernando Pacheco\Fernando-Pacheco,es ESP,GK,Alavés,25,1992,38,37,3360,37.3,0,0,0,0,0,2,0,0,0,0,0,0,0,0,0,0,0,0,0,0,0,Matches
Costel Pantilimon\Costel-Pantilimon,ro ROU,GK,La Coruña,30,1987,6,6,540,6,0,0,0,0,0,0,0,0,0,0,0,0,0,0,0,0,0,0,0,0,0,Matches
Rubén Pardo\Ruben-Pardo,es ESP,MF,Real Sociedad,24,1992,6,3,222,2.5,0,1,0,0,0,0,1,0,0.41,0.41,0,0.41,0,0,0.5,0.5,0.01,0.18,0.19,0.01,0.19,Matches
Nicolás Pareja\Nicolas-Pareja,ar ARG,DF,Sevilla,33,1984,5,5,405,4.5,0,0,0,0,0,2,0,0,0,0,0,0,0.1,0.1,0,0.2,0.03,0.01,0.04,0.03,0.04,Matches
Daniel Parejo\Daniel-Parejo,es ESP,MF,Valencia,28,1989,34,34,2998,33.3,7,8,1,6,6,15,1,0.21,0.24,0.45,0.03,0.27,6.9,2.4,4.9,7.3,0.21,0.15,0.36,0.07,0.22,Matches
Thomas Partey\Thomas-Partey,gh GHA,MFDF,Atlético Madrid,24,1993,33,28,2373,26.4,3,0,3,0,0,6,0,0.11,0,0.11,0.11,0.11,1.5,1.5,0.5,2.1,0.06,0.02,0.08,0.06,0.08,Matches
Paulinho\Paulinho,br BRA,MF,Barcelona,29,1988,34,21,1948,21.6,9,2,9,0,0,2,0,0.42,0.09,0.51,0.42,0.51,8.9,8.9,2,11,0.42,0.09,0.51,0.42,0.51,Matches
Gabriel Paulista\Gabriel-Paulista,br BRA,DF,Valencia,26,1990,30,29,2586,28.7,0,0,0,0,0,6,2,0,0,0,0,0,0.9,0.9,0.1,1,0.03,0,0.03,0.03,0.03,Matches
Giampaolo Pazzini\Giampaolo-Pazzini,it ITA,FW,Levante,32,1984,9,5,446,5,1,0,1,0,0,1,0,0.2,0,0.2,0.2,0.2,0.9,0.9,0,0.9,0.19,0,0.19,0.19,0.19,Matches
Alfonso Pedraza\Alfonso-Pedraza,es ESP,MFDF,Alavés,21,1996,33,27,2440,27.1,3,5,3,0,0,5,0,0.11,0.18,0.3,0.11,0.3,3.5,3.5,3.7,7.2,0.13,0.14,0.26,0.13,0.26,Matches
Rubén Peña\Ruben-Pena,es ESP,DFFW,Eibar,26,1991,28,18,1733,19.3,1,1,1,0,0,1,0,0.05,0.05,0.1,0.05,0.1,0.6,0.6,1,1.6,0.03,0.05,0.08,0.03,0.08,Matches
Gabriel Peñalba\Gabriel-Penalba,ar ARG,MF,Las Palmas,32,1984,7,7,570,6.3,0,1,0,0,0,3,0,0,0.16,0.16,0,0.16,0.2,0.2,0,0.2,0.03,0,0.03,0.03,0.03,Matches
Adalberto Peñaranda\Adalberto-Penaranda,ve VEN,FWMF,Málaga,20,1997,13,11,798,8.9,0,0,0,0,0,3,0,0,0,0,0,0,1,1,0.2,1.2,0.11,0.03,0.14,0.11,0.14,Matches
Andreas Pereira\Andreas-Pereira,br BRA,MFFW,Valencia,21,1996,23,12,1083,12,1,3,1,0,0,5,0,0.08,0.25,0.33,0.08,0.33,0.7,0.7,2.1,2.8,0.06,0.18,0.24,0.06,0.24,Matches
Hernán Pérez\Hernan-Perez,py PAR,MF,Espanyol,28,1989,4,1,141,1.6,0,0,0,0,0,1,0,0,0,0,0,0,0.1,0.1,0,0.1,0.04,0,0.04,0.04,0.04,Matches
Hernán Pérez\Hernan-Perez,py PAR,MFFW,Alavés,28,1989,10,4,375,4.2,0,0,0,0,0,2,0,0,0,0,0,0,0.4,0.4,0.6,1,0.1,0.15,0.25,0.1,0.25,Matches
Lucas Pérez\Lucas-Perez,es ESP,FW,La Coruña,28,1988,35,31,2797,31.1,8,6,5,3,4,3,0,0.26,0.19,0.45,0.16,0.35,9.1,6,7.9,14,0.29,0.26,0.55,0.19,0.45,Matches
Rubén Pérez\Ruben-Perez,es ESP,MF,Leganés,28,1989,31,29,2513,27.9,0,0,0,0,0,13,0,0,0,0,0,0,0.3,0.3,1.1,1.3,0.01,0.04,0.05,0.01,0.05,Matches
Pablo Piatti\Pablo-Piatti,ar ARG,MFFW,Espanyol,28,1989,30,22,1733,19.3,2,4,1,1,1,0,0,0.1,0.21,0.31,0.05,0.26,3.5,2.7,3.5,6.2,0.18,0.18,0.36,0.14,0.32,Matches
Tomás Pina Isla\Tomas-Pina-Isla,es ESP,MF,Alavés,29,1987,30,28,2384,26.5,1,0,1,0,0,8,0,0.04,0,0.04,0.04,0.04,0.9,0.9,1.1,1.9,0.03,0.04,0.07,0.03,0.07,Matches
Gerard Piqué\Gerard-Pique,es ESP,DF,Barcelona,30,1987,30,29,2631,29.2,2,0,2,0,0,8,0,0.07,0,0.07,0.07,0.07,3,3,0.9,3.8,0.1,0.03,0.13,0.1,0.13,Matches
Guido Pizarro\Guido-Pizarro,ar ARG,MF,Sevilla,27,1990,24,19,1755,19.5,1,0,1,0,0,9,0,0.05,0,0.05,0.05,0.05,0.6,0.6,0.8,1.3,0.03,0.04,0.07,0.03,0.07,Matches
Carles Planas\Carles-Planas,es ESP,DFMF,Girona,26,1991,5,2,193,2.1,0,0,0,0,0,0,0,0,0,0,0,0,0.1,0.1,0.5,0.6,0.03,0.23,0.27,0.03,0.27,Matches
Pere Pons\Pere-Pons,es ESP,MF,Girona,24,1993,31,30,2555,28.4,0,1,0,0,0,8,0,0,0.04,0.04,0,0.04,1.1,1.1,1.7,2.9,0.04,0.06,0.1,0.04,0.1,Matches
Francisco Portillo\Francisco-Portillo,es ESP,MFFW,Getafe,27,1990,33,28,2449,27.2,2,3,1,1,2,6,0,0.07,0.11,0.18,0.04,0.15,2.7,1.1,2.9,4,0.1,0.11,0.21,0.04,0.15,Matches
Portu\Portu,es ESP,FWMF,Girona,25,1992,37,35,2981,33.1,11,4,11,0,0,5,0,0.33,0.12,0.45,0.33,0.45,6.9,6.9,5.9,12.8,0.21,0.18,0.38,0.21,0.38,Matches
Sergio Postigo\Sergio-Postigo,es ESP,DF,Levante,28,1988,30,27,2424,26.9,1,0,1,0,0,6,0,0.04,0,0.04,0.04,0.04,0.3,0.3,0.6,0.9,0.01,0.02,0.04,0.01,0.04,Matches
Darío Poveda\Dario-Poveda,es ESP,FW,Villarreal,20,1997,1,0,3,0,0,0,0,0,0,0,0,0,0,0,0,0,0,0,0,0,3.18,0,3.18,3.18,3.18,Matches
Andrés Prieto\Andres-Prieto,es ESP,GK,Málaga,23,1993,4,4,360,4,0,0,0,0,0,0,0,0,0,0,0,0,0,0,0,0,0,0,0,0,0,Matches
Xabi Prieto\Xabi-Prieto,es ESP,MF,Real Sociedad,33,1983,25,24,1914,21.3,3,5,2,1,1,1,0,0.14,0.24,0.38,0.09,0.33,2.7,2,4.5,6.5,0.13,0.21,0.33,0.09,0.3,Matches
Dani Raba\Dani-Raba,es ESP,MFFW,Villarreal,21,1995,21,14,1110,12.3,2,4,2,0,0,3,1,0.16,0.32,0.49,0.16,0.49,2.1,2.1,3.5,5.6,0.17,0.29,0.46,0.17,0.46,Matches
Nemanja Radoja\Nemanja-Radoja,rs SRB,MF,Celta Vigo,24,1993,26,11,1111,12.3,0,0,0,0,0,3,0,0,0,0,0,0,0.7,0.7,0.6,1.3,0.06,0.05,0.11,0.06,0.11,Matches
Ivan Rakiti?\Ivan-Rakitic,hr CRO,MF,Barcelona,29,1988,35,31,2831,31.5,1,3,1,0,0,4,0,0.03,0.1,0.13,0.03,0.13,1.9,1.9,4,5.9,0.06,0.13,0.19,0.06,0.19,Matches
Jonás Ramalho\Jonas-Ramalho,es ESP,DF,Girona,24,1993,26,25,2299,25.5,0,0,0,0,0,3,0,0,0,0,0,0,1.6,1.6,0.1,1.6,0.06,0,0.06,0.06,0.06,Matches
Benito Ramírez\Benito-Ramirez,es ESP,FWMF,Las Palmas,22,1995,4,1,167,1.9,0,0,0,0,0,0,0,0,0,0,0,0,0,0,0,0.1,0.01,0.02,0.03,0.01,0.03,Matches
Sandro Ramírez\Sandro-Ramirez,es ESP,FWMF,Sevilla,22,1995,13,7,721,8,0,1,0,0,0,0,0,0,0.12,0.12,0,0.12,2.3,2.3,0.5,2.8,0.29,0.06,0.35,0.29,0.35,Matches
Toño Ramírez\Tono-Ramirez,es ESP,GK,Real Sociedad,30,1986,4,3,317,3.5,0,0,0,0,0,0,0,0,0,0,0,0,0,0,0,0,0,0,0,0,0,Matches
Iván Ramis\Ivan-Ramis,es ESP,DF,Eibar,32,1984,16,15,1302,14.5,3,0,3,0,0,4,0,0.21,0,0.21,0.21,0.21,0.9,0.9,0,0.9,0.06,0,0.06,0.06,0.06,Matches
Omar Ramos\Omar-Ramos,es ESP,FWMF,Leganés,29,1988,23,18,1421,15.8,0,1,0,0,0,3,0,0,0.06,0.06,0,0.06,0.5,0.5,1.9,2.4,0.03,0.12,0.15,0.03,0.15,Matches
Sergio Ramos\Sergio-Ramos,es ESP,DF,Real Madrid,31,1986,26,26,2290,25.4,4,1,2,2,3,9,4,0.16,0.04,0.2,0.08,0.12,6,3.7,1,4.8,0.24,0.04,0.28,0.15,0.19,Matches
Recio\Recio,es ESP,MF,Málaga,26,1991,22,21,1835,20.4,1,2,0,1,1,10,2,0.05,0.1,0.15,0,0.1,1.7,0.9,1.6,2.5,0.08,0.08,0.16,0.05,0.12,Matches
Alberto Redondo\Alberto-Redondo,es ESP,DF,Getafe,20,1997,1,1,90,1,0,0,0,0,0,0,0,0,0,0,0,0,0,0,0,0,0,0,0,0,0,Matches
Loïc Rémy\Loic-Remy,fr FRA,FWMF,Getafe,30,1987,11,6,456,5.1,3,0,2,1,1,3,2,0.59,0,0.59,0.39,0.39,1.7,0.9,0.3,1.2,0.33,0.05,0.39,0.18,0.24,Matches
Loïc Rémy\Loic-Remy,fr FRA,FW,Las Palmas,30,1987,12,6,768,8.5,5,0,5,0,0,1,0,0.59,0,0.59,0.59,0.59,3.9,3.9,0.2,4.1,0.47,0.02,0.49,0.47,0.49,Matches
Federico Ricca\Federico-Ricca,uy URU,DF,Málaga,22,1994,14,13,1107,12.3,0,1,0,0,0,4,0,0,0.08,0.08,0,0.08,0.1,0.1,0.2,0.3,0.01,0.02,0.02,0.01,0.02,Matches
Diego Rico\Diego-Rico,es ESP,DF,Leganés,24,1993,26,26,2228,24.8,2,2,2,0,0,9,2,0.08,0.08,0.16,0.08,0.16,1.7,1.7,3.6,5.3,0.07,0.15,0.22,0.07,0.22,Matches
Mikel Rico\Mikel-Rico,es ESP,MF,Athletic Club,32,1984,17,13,1173,13,0,0,0,0,0,2,0,0,0,0,0,0,0.8,0.8,0.8,1.6,0.06,0.06,0.12,0.06,0.12,Matches
Sergio Rico\Sergio-Rico,es ESP,GK,Sevilla,23,1993,24,23,2157,24,0,0,0,0,0,2,0,0,0,0,0,0,0,0,0,0,0,0,0,0,0,Matches
Asier Riesgo\Asier-Riesgo,es ESP,GK,Eibar,33,1983,1,1,90,1,0,0,0,0,0,0,0,0,0,0,0,0,0,0,0,0,0,0,0,0,0,Matches
Cristian Rivera\Cristian-Rivera,es ESP,MF,Eibar,20,1997,7,2,247,2.7,0,0,0,0,0,0,0,0,0,0,0,0,0,0,0.1,0.1,0.01,0.03,0.05,0.01,0.05,Matches
Rober\Rober,es ESP,DFMF,Levante,22,1995,25,19,1912,21.2,0,0,0,0,0,4,0,0,0,0,0,0,0.4,0.4,0,0.4,0.02,0,0.02,0.02,0.02,Matches
Roberto\Roberto,es ESP,GK,Málaga,31,1986,34,34,3060,34,0,0,0,0,0,0,0,0,0,0,0,0,0.1,0.1,0.1,0.1,0,0,0,0,0,Matches
Sergi Roberto\Sergi-Roberto,es ESP,DF,Barcelona,25,1992,30,24,2221,24.7,1,7,1,0,0,3,2,0.04,0.28,0.32,0.04,0.32,0.9,0.9,3,4,0.04,0.12,0.16,0.04,0.16,Matches
Álex Robles\Alex-Robles,es ESP,DF,Málaga,18,1999,1,1,90,1,0,0,0,0,0,0,0,0,0,0,0,0,0,0,0,0,0,0,0,0,0,Matches
Marc Roca\Marc-Roca,es ESP,MF,Espanyol,20,1996,8,2,269,3,0,0,0,0,0,0,0,0,0,0,0,0,0.1,0.1,0,0.2,0.04,0.01,0.06,0.04,0.06,Matches
Rubén Rochina\Ruben-Rochina,es ESP,MF,Levante,26,1991,5,1,154,1.7,1,0,1,0,0,0,0,0.58,0,0.58,0.58,0.58,1.1,1.1,0,1.1,0.67,0.02,0.69,0.67,0.69,Matches
Rodri\Rodri,es ESP,MF,Villarreal,21,1996,37,36,3227,35.9,1,3,1,0,0,8,0,0.03,0.08,0.11,0.03,0.11,1.6,1.6,1.8,3.5,0.05,0.05,0.1,0.05,0.1,Matches
Rodrigo\Rodrigo,es ESP,FW,Valencia,26,1991,37,31,2670,29.7,16,4,15,1,1,4,0,0.54,0.13,0.67,0.51,0.64,13.7,13,3.7,16.6,0.46,0.12,0.58,0.43,0.56,Matches
Kévin Rodrigues\Kevin-Rodrigues,pt POR,DF,Real Sociedad,23,1994,20,18,1638,18.2,1,2,1,0,0,2,0,0.05,0.11,0.16,0.05,0.16,0.4,0.4,1,1.4,0.02,0.06,0.08,0.02,0.08,Matches
Ángel Rodríguez\Angel-Rodriguez,es ESP,FW,Getafe,30,1987,33,26,2288,25.4,13,3,13,0,1,6,0,0.51,0.12,0.63,0.51,0.63,10,9.3,3.8,13,0.39,0.15,0.54,0.36,0.51,Matches
Iván Rodríguez\Ivan-Rodriguez,es ESP,DF,Málaga,21,1996,1,0,21,0.2,0,0,0,0,0,1,0,0,0,0,0,0,0,0,0,0,0,0,0,0,0,Matches
Diego Rolán\Diego-Rolan,uy URU,FWMF,Málaga,24,1993,26,21,1947,21.6,5,0,5,0,0,0,0,0.23,0,0.23,0.23,0.23,4.9,4.9,1,5.9,0.23,0.05,0.27,0.23,0.27,Matches
Esteban Rolón\Esteban-Rolon,ar ARG,MF,Málaga,22,1995,8,6,415,4.6,0,0,0,0,0,1,0,0,0,0,0,0,0.1,0.1,0,0.1,0.01,0,0.02,0.01,0.02,Matches
Óscar Romero\Oscar-Romero,py PAR,MFFW,Alavés,25,1992,5,2,253,2.8,0,0,0,0,0,0,0,0,0,0,0,0,0.2,0.2,0.1,0.3,0.08,0.04,0.13,0.08,0.13,Matches
Cristiano Ronaldo\Cristiano-Ronaldo,pt POR,FW,Real Madrid,32,1985,27,27,2288,25.4,26,5,23,3,4,1,0,1.02,0.2,1.22,0.9,1.1,24.2,21,4.3,25.3,0.95,0.17,1.12,0.83,0.99,Matches
Facundo Roncaglia\Facundo-Roncaglia,ar ARG,DF,Celta Vigo,30,1987,21,17,1511,16.8,0,0,0,0,0,2,0,0,0,0,0,0,0.5,0.5,0,0.5,0.03,0,0.03,0.03,0.03,Matches
Roberto Rosales\Roberto-Rosales,ve VEN,DF,Málaga,28,1988,35,35,3122,34.7,1,0,1,0,0,10,0,0.03,0,0.03,0.03,0.03,0.5,0.5,3.3,3.9,0.02,0.1,0.11,0.02,0.11,Matches
Rubén\Ruben,es ESP,GK,La Coruña,33,1984,28,27,2480,27.6,0,0,0,0,0,3,0,0,0,0,0,0,0,0,0,0,0,0,0,0,0,Matches
Aitor Ruibal\Aitor-Ruibal,es ESP,FW,Betis,21,1996,2,0,10,0.1,0,0,0,0,0,0,0,0,0,0,0,0,0,0,0,0,0,0,0,0,0,Matches
Fabián Ruiz Peña\Fabian-Ruiz-Pena,es ESP,MF,Betis,21,1996,34,30,2656,29.5,3,6,3,0,0,3,0,0.1,0.2,0.3,0.1,0.3,2,2,2.2,4.2,0.07,0.07,0.14,0.07,0.14,Matches
Víctor Ruiz\Victor-Ruiz,es ESP,DF,Villarreal,28,1989,27,27,2416,26.8,2,0,2,0,0,10,2,0.07,0,0.07,0.07,0.07,0.6,0.6,0.2,0.8,0.02,0.01,0.03,0.02,0.03,Matches
Antonio Rukavina\Antonio-Rukavina,rs SRB,DF,Villarreal,33,1984,17,14,1275,14.2,0,0,0,0,0,5,0,0,0,0,0,0,0,0,0.9,0.9,0,0.06,0.07,0,0.07,Matches
Gerónimo Rulli\Geronimo-Rulli,ar ARG,GK,Real Sociedad,25,1992,26,26,2340,26,0,0,0,0,0,3,0,0,0,0,0,0,0,0,0,0,0,0,0,0,0,Matches
Enric Saborit\Enric-Saborit,es ESP,DF,Athletic Club,25,1992,19,16,1433,15.9,0,1,0,0,0,5,0,0,0.06,0.06,0,0.06,0.3,0.3,0.6,0.9,0.02,0.04,0.06,0.02,0.06,Matches
Mujaid Sadick\Mujaid-Sadick,es ESP,DF,La Coruña,17,2000,2,1,107,1.2,0,0,0,0,0,0,0,0,0,0,0,0,0,0,0,0,0,0,0,0,0,Matches
Armando Sadiku\Armando-Sadiku,al ALB,FW,Levante,26,1991,6,4,268,3,0,0,0,0,0,1,0,0,0,0,0,0,0.3,0.3,0,0.3,0.1,0.02,0.12,0.1,0.12,Matches
Sergi Samper\Sergi-Samper,es ESP,MF,Las Palmas,22,1995,2,2,142,1.6,0,0,0,0,0,0,0,0,0,0,0,0,0,0,0,0,0,0,0,0,0,Matches
Jairo Samperio\Jairo-Samperio,es ESP,FWDF,Las Palmas,24,1993,11,6,555,6.2,0,0,0,0,0,1,0,0,0,0,0,0,0.6,0.6,0.4,0.9,0.09,0.06,0.15,0.09,0.15,Matches
Mikel San José\Mikel-San-Jose,es ESP,MF,Athletic Club,28,1989,26,24,2153,23.9,1,1,1,0,0,5,0,0.04,0.04,0.08,0.04,0.08,1.3,1.3,1.2,2.5,0.05,0.05,0.11,0.05,0.11,Matches
Antonio Sanabria\Antonio-Sanabria,py PAR,FW,Betis,21,1996,17,8,854,9.5,8,0,8,0,0,0,0,0.84,0,0.84,0.84,0.84,5.1,5.1,0.1,5.2,0.54,0.01,0.55,0.54,0.55,Matches
Carlos Sánchez\Carlos-Sanchez,co COL,MF,Espanyol,31,1986,14,13,1122,12.5,0,0,0,0,0,3,0,0,0,0,0,0,0.1,0.1,0.5,0.5,0.01,0.04,0.04,0.01,0.04,Matches
Sergio Sánchez\Sergio-Sanchez,es ESP,DF,Espanyol,31,1986,2,1,102,1.1,0,0,0,0,0,1,0,0,0,0,0,0,0.1,0.1,0,0.1,0.05,0,0.05,0.05,0.05,Matches
Víctor Sánchez\Victor-Sanchez,es ESP,DFMF,Espanyol,29,1987,30,29,2452,27.2,0,2,0,0,0,13,0,0,0.07,0.07,0,0.07,0.6,0.6,0.5,1.2,0.02,0.02,0.04,0.02,0.04,Matches
Arona Sané\Arona-Sane,sn SEN,MF,Atlético Madrid,22,1995,1,0,66,0.7,0,0,0,0,0,0,0,0,0,0,0,0,0,0,0,0,0.03,0,0.03,0.03,0.03,Matches
Nicola Sansone\Nicola-Sansone,it ITA,FWMF,Villarreal,25,1991,18,5,649,7.2,5,1,4,1,1,1,0,0.69,0.14,0.83,0.55,0.69,2.7,2,1.5,3.5,0.39,0.21,0.61,0.29,0.5,Matches
Christian Santos\Christian-Santos,ve VEN,FW,Alavés,29,1988,10,5,438,4.9,2,0,2,0,0,3,2,0.41,0,0.41,0.41,0.41,1.3,1.3,0.2,1.5,0.27,0.04,0.31,0.27,0.31,Matches
Pablo Sarabia\Pablo-Sarabia,es ESP,FWMF,Sevilla,25,1992,34,27,2394,26.6,6,5,6,0,0,8,2,0.23,0.19,0.41,0.23,0.41,6.6,6.6,5.8,12.5,0.25,0.22,0.47,0.25,0.47,Matches
Imanol Sarriegi\Imanol-Sarriegi,es ESP,MFFW,Eibar,22,1995,3,0,43,0.5,0,0,0,0,0,1,0,0,0,0,0,0,0,0,0,0,0,0,0,0,0,Matches
Stefan Savi?\Stefan-Savic,me MNE,DF,Atlético Madrid,26,1991,27,26,2299,25.5,0,0,0,0,0,6,0,0,0,0,0,0,0.2,0.2,0.2,0.4,0.01,0.01,0.01,0.01,0.01,Matches
Fabian Schär\Fabian-Schar,ch SUI,DF,La Coruña,25,1991,25,25,2219,24.7,2,2,2,0,0,10,0,0.08,0.08,0.16,0.08,0.16,3.5,3.5,0.3,3.8,0.14,0.01,0.15,0.14,0.15,Matches
Nélson Semedo\Nelson-Semedo,pt POR,DF,Barcelona,23,1993,24,17,1500,16.7,0,0,0,0,0,1,0,0,0,0,0,0,0.2,0.2,1.2,1.4,0.01,0.07,0.09,0.01,0.09,Matches
Rúben Semedo\Ruben-Semedo,pt POR,DFMF,Villarreal,23,1994,4,3,229,2.5,0,0,0,0,0,0,0,0,0,0,0,0,0,0,0,0,0.01,0,0.01,0.01,0.01,Matches
Gaku Shibasaki\Gaku-Shibasaki,jp JPN,MFFW,Getafe,25,1992,22,12,994,11,1,0,1,0,0,2,0,0.09,0,0.09,0.09,0.09,0.5,0.5,0.9,1.4,0.04,0.08,0.12,0.04,0.12,Matches
Sidnei\Sidnei,br BRA,DF,La Coruña,27,1989,21,21,1778,19.8,1,1,1,0,0,4,0,0.05,0.05,0.1,0.05,0.1,0.6,0.6,0.4,1,0.03,0.02,0.05,0.03,0.05,Matches
Jaime Sierra Mateos\Jaime-Sierra-Mateos,es ESP,FWMF,Leganés,19,1998,2,0,29,0.3,0,0,0,0,0,0,0,0,0,0,0,0,0,0,0,0,0,0,0,0,0,Matches
David Simón\David-Simon,es ESP,DF,Las Palmas,28,1988,11,6,723,8,0,0,0,0,0,3,0,0,0,0,0,0,0.2,0.2,1.2,1.4,0.02,0.15,0.17,0.02,0.17,Matches
Dimitris Siovas\Dimitris-Siovas,gr GRE,DF,Leganés,28,1988,24,24,2051,22.8,1,1,1,0,0,9,2,0.04,0.04,0.09,0.04,0.09,1.5,1.5,0.7,2.1,0.06,0.03,0.09,0.06,0.09,Matches
Pione Sisto\Pione-Sisto,dk DEN,FWMF,Celta Vigo,22,1995,34,31,2500,27.8,5,7,5,0,0,2,0,0.18,0.25,0.43,0.18,0.43,3.8,3.8,4.6,8.3,0.13,0.16,0.3,0.13,0.3,Matches
Antonio Sivera\Antonio-Sivera,es ESP,GK,Alavés,20,1996,1,1,60,0.7,0,0,0,0,0,0,0,0,0,0,0,0,0,0,0,0,0,0,0,0,0,Matches
Rubén Sobrino\Ruben-Sobrino,es ESP,FWMF,Alavés,25,1992,28,15,1474,16.4,3,3,3,0,0,5,0,0.18,0.18,0.37,0.18,0.37,3.1,3.1,1.1,4.2,0.19,0.07,0.26,0.19,0.26,Matches
Carlos Soler\Carlos-Soler,es ESP,MFFW,Valencia,20,1997,33,27,2357,26.2,1,4,1,0,0,4,0,0.04,0.15,0.19,0.04,0.19,4,4,2.9,6.9,0.15,0.11,0.26,0.15,0.26,Matches
Kévin Soni\Kevin-Soni,cm CMR,MF,Girona,19,1998,2,0,20,0.2,0,0,0,0,0,0,0,0,0,0,0,0,0,0,0,0,0,0,0,0,0,Matches
David Soria\David-Soria,es ESP,GK,Sevilla,24,1993,15,15,1263,14,0,0,0,0,0,1,0,0,0,0,0,0,0,0,0,0,0,0,0,0,0,Matches
Roberto Soriano\Roberto-Soriano,it ITA,MFFW,Villarreal,26,1991,22,11,1140,12.7,0,0,0,0,0,3,0,0,0,0,0,0,2,2,0.6,2.5,0.16,0.04,0.2,0.16,0.2,Matches
Cristhian Stuani\Cristhian-Stuani,uy URU,FW,Girona,30,1986,33,32,2688,29.9,21,0,16,5,5,8,0,0.7,0,0.7,0.54,0.54,17.3,13.5,0.5,14.1,0.57,0.02,0.59,0.45,0.46,Matches
Damián Suárez\Damian-Suarez,uy URU,DF,Getafe,29,1988,33,33,2879,32,1,4,1,0,0,14,1,0.03,0.13,0.16,0.03,0.16,0.3,0.3,3.1,3.4,0.01,0.1,0.11,0.01,0.11,Matches
Denis Suárez\Denis-Suarez,es ESP,MFFW,Barcelona,23,1994,18,4,602,6.7,2,2,2,0,0,1,0,0.3,0.3,0.6,0.3,0.6,1.8,1.8,2.2,4,0.27,0.34,0.61,0.27,0.61,Matches
Leonardo Suárez\Leonardo-Suarez,ar ARG,MF,Villarreal,21,1996,1,0,30,0.3,0,0,0,0,0,0,0,0,0,0,0,0,0,0,0,0,0.06,0,0.06,0.06,0.06,Matches
Luis Suárez\Luis-Suarez,uy URU,FW,Barcelona,30,1987,33,32,2897,32.2,25,7,24,1,1,9,0,0.78,0.22,0.99,0.75,0.96,21.7,21,9.7,30.7,0.67,0.3,0.98,0.65,0.95,Matches
Isaac Success\Isaac-Success,ng NGA,MFFW,Málaga,21,1996,9,7,490,5.4,0,1,0,0,0,0,0,0,0.18,0.18,0,0.18,0.7,0.7,1.3,1.9,0.12,0.23,0.35,0.12,0.35,Matches
Markel Susaeta\Markel-Susaeta,es ESP,FWMF,Athletic Club,29,1987,34,26,2261,25.1,3,2,3,0,0,2,0,0.12,0.08,0.2,0.12,0.2,2.1,2.1,4.3,6.3,0.08,0.17,0.25,0.08,0.25,Matches
Tana\Tana,es ESP,MFFW,Las Palmas,26,1990,24,16,1543,17.1,1,1,1,0,0,2,0,0.06,0.06,0.12,0.06,0.12,1.5,1.5,1.3,2.8,0.09,0.08,0.16,0.09,0.16,Matches
Oussama Tannane\Oussama-Tannane,ma MAR,FWMF,Las Palmas,23,1994,10,7,549,6.1,0,2,0,0,0,1,0,0,0.33,0.33,0,0.33,0.7,0.7,0.7,1.3,0.1,0.11,0.21,0.1,0.21,Matches
Cristian Tello\Cristian-Tello,es ESP,FWMF,Betis,25,1991,32,16,1699,18.9,4,1,4,0,0,2,0,0.21,0.05,0.26,0.21,0.26,2.8,2.8,2.7,5.5,0.15,0.15,0.3,0.15,0.3,Matches
Marc-André ter Stegen\Marc-Andre-ter-Stegen,de GER,GK,Barcelona,25,1992,37,37,3330,37,0,0,0,0,0,0,0,0,0,0,0,0,0,0,0,0,0,0,0,0,0,Matches
David Timor\David-Timor,es ESP,MFDF,Girona,27,1989,17,10,930,10.3,2,0,2,0,0,8,0,0.19,0,0.19,0.19,0.19,0.9,0.9,0.3,1.1,0.09,0.03,0.11,0.09,0.11,Matches
Tito\Tito,es ESP,DF,Leganés,32,1985,9,6,613,6.8,0,0,0,0,0,0,0,0,0,0,0,0,0,0,0.2,0.2,0,0.03,0.04,0,0.04,Matches
Hernán Toledo\Hernan-Toledo,ar ARG,FWMF,Las Palmas,21,1996,15,6,629,7,0,1,0,0,0,2,0,0,0.14,0.14,0,0.14,0.1,0.1,0.6,0.8,0.02,0.09,0.11,0.02,0.11,Matches
Toño\Tono,es ESP,DF,Levante,27,1989,12,12,1080,12,0,1,0,0,0,2,0,0,0.08,0.08,0,0.08,0.1,0.1,0.5,0.6,0.01,0.04,0.05,0.01,0.05,Matches
Daniel Torres\Daniel-Torres,co COL,MF,Alavés,27,1989,18,14,1216,13.5,0,0,0,0,0,2,0,0,0,0,0,0,0.2,0.2,0.3,0.5,0.01,0.03,0.04,0.01,0.04,Matches
Fernando Torres\Fernando-Torres,es ESP,FW,Atlético Madrid,33,1984,27,7,996,11.1,5,1,5,0,1,2,0,0.45,0.09,0.54,0.45,0.54,4.9,4.1,0.3,4.4,0.45,0.03,0.48,0.38,0.41,Matches
Ferrán Torres\Ferran-Torres,es ESP,MFFW,Valencia,17,2000,13,2,320,3.6,0,2,0,0,0,0,0,0,0.56,0.56,0,0.56,0.4,0.4,0.8,1.2,0.12,0.25,0.36,0.12,0.36,Matches
Miguel Torres\Miguel-Torres,es ESP,DF,Málaga,31,1986,8,8,672,7.5,0,0,0,0,0,3,0,0,0,0,0,0,0.2,0.2,0,0.2,0.02,0.01,0.03,0.02,0.03,Matches
Pau Torres\Pau-Torres,es ESP,DFMF,Villarreal,20,1997,2,0,53,0.6,0,0,0,0,0,0,0,0,0,0,0,0,0,0,0,0,0,0,0,0,0,Matches
Alin To?ca\Alin-Tosca,ro ROU,DF,Betis,25,1992,6,5,423,4.7,0,0,0,0,0,0,0,0,0,0,0,0,0.1,0.1,0.1,0.1,0.01,0.01,0.03,0.01,0.03,Matches
Manu Trigueros\Manu-Trigueros,es ESP,MF,Villarreal,25,1991,34,32,2690,29.9,3,4,2,1,2,10,2,0.1,0.13,0.23,0.07,0.2,2.9,1.4,4.1,5.5,0.1,0.14,0.23,0.05,0.18,Matches
Przemys?aw Tyto?\Przemyslaw-Tyton,pl POL,GK,La Coruña,30,1987,2,1,98,1.1,0,0,0,0,0,0,0,0,0,0,0,0,0,0,0,0,0,0,0,0,0,Matches
Samuel Umtiti\Samuel-Umtiti,fr FRA,DF,Barcelona,23,1993,25,24,2189,24.3,1,0,1,0,0,7,0,0.04,0,0.04,0.04,0.04,1.1,1.1,0,1.1,0.05,0,0.05,0.05,0.05,Matches
Enes Ünal\Enes-Unal,tr TUR,FW,Levante,20,1997,7,7,595,6.6,1,1,1,0,0,0,0,0.15,0.15,0.3,0.15,0.3,1.9,1.9,0.8,2.7,0.29,0.11,0.4,0.29,0.4,Matches
Enes Ünal\Enes-Unal,tr TUR,FW,Villarreal,20,1997,23,11,1134,12.6,5,1,5,0,0,1,0,0.4,0.08,0.48,0.4,0.48,5,5,1.4,6.3,0.4,0.11,0.51,0.4,0.51,Matches
Francis Uzoho\Francis-Uzoho,ng NGA,GK,La Coruña,18,1998,2,2,180,2,0,0,0,0,0,0,0,0,0,0,0,0,0,0,0,0,0,0,0,0,0,Matches
Gerard Valentín\Gerard-Valentin,es ESP,DFFW,La Coruña,24,1993,3,2,158,1.8,0,0,0,0,0,0,0,0,0,0,0,0,0.1,0.1,0,0.1,0.03,0,0.03,0.03,0.03,Matches
Borja Valle\Borja-Valle,es ESP,FWMF,La Coruña,25,1992,17,3,497,5.5,3,2,3,0,0,1,0,0.54,0.36,0.91,0.54,0.91,2.9,2.9,1.2,4.1,0.56,0.23,0.79,0.56,0.79,Matches
Jesús Vallejo\Jesus-Vallejo,es ESP,DF,Real Madrid,20,1997,7,7,630,7,0,0,0,0,0,0,0,0,0,0,0,0,0,0,0,0,0,0,0,0,0,Matches
Federico Valverde\Federico-Valverde,uy URU,MFFW,La Coruña,19,1998,24,12,1232,13.7,0,0,0,0,0,0,0,0,0,0,0,0,0.8,0.8,0.8,1.6,0.06,0.06,0.12,0.06,0.12,Matches
Raphaël Varane\Raphael-Varane,fr FRA,DF,Real Madrid,24,1993,27,27,2320,25.8,0,1,0,0,0,3,0,0,0.04,0.04,0,0.04,0.9,0.9,0.9,1.9,0.04,0.04,0.07,0.04,0.07,Matches
Franco Vázquez\Franco-Vazquez,ar ARG,MF,Sevilla,28,1989,30,22,1831,20.3,4,4,4,0,0,5,0,0.2,0.2,0.39,0.2,0.39,6.1,6.1,4.9,10.9,0.3,0.24,0.53,0.3,0.53,Matches
Lucas Vázquez\Lucas-Vazquez,es ESP,MFFW,Real Madrid,26,1991,33,16,1688,18.8,4,7,4,0,0,3,0,0.21,0.37,0.59,0.21,0.59,4.1,4.1,6,10.1,0.22,0.33,0.55,0.22,0.55,Matches
Koke Vegas\Koke-Vegas,es ESP,GK,Levante,21,1995,1,1,90,1,0,0,0,0,0,0,1,0,0,0,0,0,0,0,0,0,0,0,0,0,0,Matches
Carlos Vela\Carlos-Vela,mx MEX,FWMF,Real Sociedad,28,1989,13,2,393,4.4,1,0,1,0,0,0,0,0.23,0,0.23,0.23,0.23,1.6,1.6,1.3,2.9,0.39,0.31,0.7,0.39,0.7,Matches
Thomas Vermaelen\Thomas-Vermaelen,be BEL,DF,Barcelona,31,1985,14,12,1018,11.3,0,1,0,0,0,3,0,0,0.09,0.09,0,0.09,0.3,0.3,0.4,0.7,0.03,0.03,0.06,0.03,0.06,Matches
Mikel Vesga\Mikel-Vesga,es ESP,MF,Athletic Club,24,1993,12,11,804,8.9,1,1,1,0,0,6,0,0.11,0.11,0.22,0.11,0.22,0.8,0.8,0.3,1.1,0.09,0.04,0.13,0.09,0.13,Matches
Rúben Vezo\Ruben-Vezo,pt POR,DF,Valencia,23,1994,19,17,1558,17.3,0,0,0,0,0,2,2,0,0,0,0,0,0.2,0.2,0.3,0.5,0.01,0.02,0.03,0.01,0.03,Matches
Aleix Vidal\Aleix-Vidal,es ESP,MFFW,Barcelona,27,1989,15,4,468,5.2,1,1,1,0,0,0,0,0.19,0.19,0.38,0.19,0.38,1.2,1.2,1,2.2,0.24,0.2,0.45,0.24,0.45,Matches
Nacho Vidal\Nacho-Vidal,es ESP,DF,Valencia,22,1995,7,5,447,5,1,0,1,0,0,1,0,0.2,0,0.2,0.2,0.2,0.2,0.2,0.2,0.3,0.03,0.03,0.07,0.03,0.07,Matches
Jonathan Viera\Jonathan-Viera,es ESP,MF,Las Palmas,27,1989,23,23,1993,22.1,4,5,3,1,3,3,0,0.18,0.23,0.41,0.14,0.36,5.4,3.1,5.2,8.3,0.24,0.23,0.48,0.14,0.37,Matches
Luciano Vietto\Luciano-Vietto,ar ARG,FW,Atlético Madrid,23,1993,6,4,264,2.9,0,0,0,0,0,1,0,0,0,0,0,0,0.9,0.9,0,0.9,0.3,0,0.3,0.3,0.3,Matches
Luciano Vietto\Luciano-Vietto,ar ARG,FW,Valencia,23,1993,14,5,535,5.9,2,1,2,0,0,1,0,0.34,0.17,0.5,0.34,0.5,1.1,1.1,1.3,2.4,0.18,0.23,0.41,0.18,0.41,Matches
Carlos Vigaray\Carlos-Vigaray,es ESP,DFMF,Alavés,22,1994,12,9,897,10,0,0,0,0,0,6,0,0,0,0,0,0,0.4,0.4,0.1,0.4,0.04,0.01,0.05,0.04,0.05,Matches
Dídac Vilà\Didac-Vila,es ESP,DFMF,Espanyol,28,1989,14,7,735,8.2,0,0,0,0,0,3,0,0,0,0,0,0,0.5,0.5,1.7,2.1,0.06,0.21,0.27,0.06,0.27,Matches
Asier Villalibre\Asier-Villalibre,es ESP,FW,Athletic Club,19,1997,1,1,90,1,0,0,0,0,0,0,0,0,0,0,0,0,,,,,,,,,,Matches
Vitolo\Vitolo,es ESP,FWMF,Las Palmas,27,1989,9,8,690,7.7,1,1,1,0,0,0,0,0.13,0.13,0.26,0.13,0.26,0.8,0.8,1.1,1.9,0.11,0.14,0.25,0.11,0.25,Matches
Vitolo\Vitolo,es ESP,MFFW,Atlético Madrid,27,1989,14,8,616,6.8,1,1,1,0,0,1,1,0.15,0.15,0.29,0.15,0.29,0.8,0.8,0.7,1.5,0.12,0.09,0.22,0.12,0.22,Matches
Šime Vrsaljko\Sime-Vrsaljko,hr CRO,DFMF,Atlético Madrid,25,1992,21,19,1697,18.9,0,4,0,0,0,7,0,0,0.21,0.21,0,0.21,0.2,0.2,1.7,1.9,0.01,0.09,0.1,0.01,0.1,Matches
Wakaso\Wakaso,gh GHA,MFFW,Alavés,27,1990,21,12,1099,12.2,0,1,0,0,0,7,0,0,0.08,0.08,0,0.08,1.1,1.1,0.5,1.6,0.09,0.04,0.13,0.09,0.13,Matches
Daniel Wass\Daniel-Wass,dk DEN,MFFW,Celta Vigo,28,1989,35,34,2920,32.4,4,8,4,0,0,3,0,0.12,0.25,0.37,0.12,0.37,4.4,4.4,5,9.4,0.13,0.15,0.29,0.13,0.29,Matches
Axel Werner\Axel-Werner,ar ARG,GK,Atlético Madrid,21,1996,1,1,90,1,0,0,0,0,0,0,0,0,0,0,0,0,0,0,0,0,0,0,0,0,0,Matches
Iñaki Williams\Inaki-Williams,es ESP,FWMF,Athletic Club,23,1994,38,31,2853,31.7,7,4,7,0,0,3,0,0.22,0.13,0.35,0.22,0.35,8.8,8.8,4.7,13.6,0.28,0.15,0.43,0.28,0.43,Matches
Yoel\Yoel,es ESP,GK,Eibar,28,1988,1,1,90,1,0,0,0,0,0,0,0,0,0,0,0,0,0,0,0,0,0,0,0,0,0,Matches
Joseba Zaldúa\Joseba-Zaldua,es ESP,DF,Leganés,25,1992,30,29,2556,28.4,1,0,1,0,0,9,1,0.04,0,0.04,0.04,0.04,0.9,0.9,1.4,2.3,0.03,0.05,0.08,0.03,0.08,Matches
Simone Zaza\Simone-Zaza,it ITA,FW,Valencia,26,1991,33,23,2074,23,13,2,13,0,0,9,2,0.56,0.09,0.65,0.56,0.65,10.1,10.1,2.1,12.2,0.44,0.09,0.53,0.44,0.53,Matches
Nabil El Zhar\Nabil-El-Zhar,ma MAR,FWMF,Leganés,30,1986,30,20,2005,22.3,2,1,2,0,0,2,0,0.09,0.04,0.13,0.09,0.13,3.2,3.2,2.3,5.4,0.14,0.1,0.25,0.14,0.25,Matches
Luca Zidane\Luca-Zidane,fr FRA,GK,Real Madrid,19,1998,1,1,90,1,0,0,0,0,0,0,0,0,0,0,0,0,0,0,0,0,0,0,0,0,0,Matches
Igor Zubeldia\Igor-Zubeldia,es ESP,MF,Real Sociedad,20,1997,25,16,1589,17.7,1,2,1,0,0,4,2,0.06,0.11,0.17,0.06,0.17,0.5,0.5,0.2,0.7,0.03,0.01,0.04,0.03,0.04,Matches
David Zurutuza\David-Zurutuza,es ESP,MF,Real Sociedad,31,1986,31,26,2236,24.8,0,2,0,0,0,2,0,0,0.08,0.08,0,0.08,2.3,2.3,1.1,3.4,0.09,0.04,0.14,0.09,0.14,Matches
