Player,Nation,Pos,Squad,Age,Born,MP,Min,90s,Gls,Ast,G-PK,PK,PKatt,CrdY,CrdR,Gls,Ast,G+A,G-PK,G+A-PK,Matches
Issah Abbas\Issah-Abbas,gh GHA,DFFW,Mainz 05,22-215,1998,2,18,0.2,0,0,0,0,0,0,0,0,0,0,0,0,Matches
David Abraham\David-Abraham,ar ARG,DF,Eint Frankfurt,34-288,1986,14,1222,13.6,1,0,1,0,0,5,1,0.07,0,0.07,0.07,0.07,Matches
Amir Abrashi\Amir-Abrashi,al ALB,MF,Freiburg,31-033,1990,5,60,0.7,0,0,0,0,0,0,0,0,0,0,0,0,Matches
Ragnar Ache\Ragnar-Ache,de GER,FWMF,Eint Frankfurt,22-275,1998,5,83,0.9,0,0,0,0,0,0,0,0,0,0,0,0,Matches
Tyler Adams\Tyler-Adams,us USA,DFMF,RB Leipzig,22-074,1999,27,1850,20.6,1,1,1,0,0,3,0,0.05,0.05,0.1,0.05,0.1,Matches
Sargis Adamyan\Sargis-Adamyan,am ARM,FWMF,Hoffenheim,27-341,1993,15,262,2.9,1,2,1,0,0,0,0,0.34,0.69,1.03,0.34,1.03,Matches
Felix Agu\Felix-Agu,de GER,DF,Werder Bremen,21-214,1999,14,689,7.7,1,0,1,0,0,0,0,0.13,0,0.13,0.13,0.13,Matches
Naouirou Ahamada\Naouirou-Ahamada,fr FRA,MF,Stuttgart,19-031,2002,5,220,2.4,0,0,0,0,0,1,1,0,0,0,0,0,Matches
Manuel Akanji\Manuel-Akanji,ch SUI,DF,Dortmund,25-284,1995,25,2108,23.4,2,0,2,0,0,4,0,0.09,0,0.09,0.09,0.09,Matches
Kevin Akpoguma\Kevin-Akpoguma,ng NGA,DF,Hoffenheim,26-010,1995,14,1029,11.4,0,0,0,0,0,1,0,0,0,0,0,0,Matches
David Alaba\David-Alaba,at AUT,DFMF,Bayern Munich,28-309,1992,29,2454,27.3,2,2,2,0,0,3,0,0.07,0.07,0.15,0.07,0.15,Matches
Lucas Alario\Lucas-Alario,ar ARG,FW,Leverkusen,28-203,1992,25,1245,13.8,11,2,9,2,2,2,0,0.8,0.14,0.94,0.65,0.8,Matches
Omar Alderete\Omar-Alderete,py PAR,DF,Hertha BSC,24-124,1996,14,1029,11.4,0,0,0,0,0,1,0,0,0,0,0,0,Matches
Nadiem Amiri\Nadiem-Amiri,de GER,MF,Leverkusen,24-184,1996,27,1813,20.1,2,6,2,0,0,4,0,0.1,0.3,0.4,0.1,0.4,Matches
Sebastian Andersson\Sebastian-Andersson,se SWE,FW,Köln,29-288,1991,13,906,10.1,2,0,1,1,1,0,0,0.2,0,0.2,0.1,0.1,Matches
Robert Andrich\Robert-Andrich,de GER,MF,Union Berlin,26-219,1994,28,2436,27.1,5,2,5,0,0,4,1,0.18,0.07,0.26,0.18,0.26,Matches
Angeliño\Angelino,es ESP,DFFW,RB Leipzig,24-115,1997,24,2042,22.7,4,4,4,0,0,2,0,0.18,0.18,0.35,0.18,0.35,Matches
Waldemar Anton\Waldemar-Anton,de GER,DF,Stuttgart,24-283,1996,28,2441,27.1,0,1,0,0,0,3,0,0,0.04,0.04,0,0.04,Matches
Charles Aránguiz\Charles-Aranguiz,cl CHI,MF,Leverkusen,32-012,1989,19,1491,16.6,0,0,0,0,0,4,0,0,0,0,0,0,Matches
Santiago Arias\Santiago-Arias,co COL,DF,Leverkusen,29-106,1992,1,90,1,0,0,0,0,0,0,0,0,0,0,0,0,Matches
Maximilian Arnold\Maximilian-Arnold,de GER,MF,Wolfsburg,26-337,1994,27,2315,25.7,3,5,3,0,0,5,1,0.12,0.19,0.31,0.12,0.31,Matches
Toluwalas Arokodare\Toluwalas-Arokodare,ng NGA,FW,Köln,20-157,2000,10,112,1.2,0,0,0,0,0,0,0,0,0,0,0,0,Matches
Santiago Ascacíbar\Santiago-Ascacibar,ar ARG,MF,Hertha BSC,24-063,1997,7,383,4.3,1,0,1,0,0,1,0,0.23,0,0.23,0.23,0.23,Matches
Ludwig Augustinsson\Ludwig-Augustinsson,se SWE,DF,Werder Bremen,27-008,1994,21,1777,19.7,0,4,0,0,0,4,0,0,0.2,0.2,0,0.2,Matches
Taiwo Awoniyi\Taiwo-Awoniyi,ng NGA,FW,Union Berlin,23-260,1997,19,1290,14.3,5,2,5,0,0,0,0,0.35,0.14,0.49,0.35,0.49,Matches
Mehmet-Can Aydin\Mehmet-Can-Aydin,de GER,DF,Schalke 04,19-079,2002,4,344,3.8,0,0,0,0,0,0,0,0,0,0,0,0,Matches
Leon Bailey\Leon-Bailey,jm JAM,FWMF,Leverkusen,23-263,1997,29,2096,23.3,9,8,9,0,0,6,0,0.39,0.34,0.73,0.39,0.73,Matches
Ridle Baku\Ridle-Baku,de GER,FWDF,Wolfsburg,23-021,1998,29,2409,26.8,6,4,6,0,0,0,0,0.22,0.15,0.37,0.22,0.37,Matches
Ridle Baku\Ridle-Baku,de GER,DF,Mainz 05,23-021,1998,2,180,2,0,0,0,0,0,0,0,0,0,0,0,0,Matches
Philipp Bargfrede\Philipp-Bargfrede,de GER,MF,Werder Bremen,32-057,1989,1,27,0.3,0,0,0,0,0,0,0,0,0,0,0,0,Matches
Aymen Barkok\Aymen-Barkok,ma MAR,FWMF,Eint Frankfurt,22-343,1998,25,931,10.3,2,3,2,0,0,5,0,0.19,0.29,0.48,0.19,0.48,Matches
Leandro Barreiro Martins\Leandro-Barreiro-Martins,lu LUX,MF,Mainz 05,21-116,2000,25,2004,22.3,2,2,2,0,0,3,0,0.09,0.09,0.18,0.09,0.18,Matches
Jacob Barrett Laursen\Jacob-Barrett-Laursen,dk DEN,DF,Arminia,26-163,1994,15,1053,11.7,0,1,0,0,0,1,0,0,0.09,0.09,0,0.09,Matches
Oliver Baumann\Oliver-Baumann,de GER,GK,Hoffenheim,30-331,1990,30,2700,30,0,0,0,0,0,1,0,0,0,0,0,0,Matches
Julian Baumgartlinger\Julian-Baumgartlinger,at AUT,MF,Leverkusen,33-117,1988,16,1070,11.9,2,0,2,0,0,1,0,0.17,0,0.17,0.17,0.17,Matches
Christoph Baumgartner\Christoph-Baumgartner,at AUT,MFFW,Hoffenheim,21-271,1999,30,2281,25.3,5,3,5,0,0,6,0,0.2,0.12,0.32,0.2,0.32,Matches
Noah Joel Sarenren Bazee\Noah-Joel-Sarenren-Bazee,ng NGA,FWMF,Augsburg,24-251,1996,5,36,0.4,0,1,0,0,0,1,0,0,2.5,2.5,0,2.5,Matches
Ihlas Bebou\Ihlas-Bebou,tg TOG,FW,Hoffenheim,27-006,1994,29,1938,21.5,8,6,8,0,0,3,0,0.37,0.28,0.65,0.37,0.65,Matches
Sheraldo Becker\Sheraldo-Becker,nl NED,FWMF,Union Berlin,26-079,1995,16,1072,11.9,3,2,3,0,0,2,0,0.25,0.17,0.42,0.25,0.42,Matches
Timo Becker\Timo-Becker,de GER,DF,Schalke 04,24-035,1997,16,1282,14.2,0,0,0,0,0,1,0,0,0,0,0,0,Matches
Brian Behrendt\Brian-Behrendt,de GER,DF,Arminia,29-187,1991,3,79,0.9,0,0,0,0,0,0,0,0,0,0,0,0,Matches
Maximilian Beier\Maximilian-Beier,de GER,FWDF,Hoffenheim,18-194,2002,2,2,0,0,0,0,0,0,0,0,0,0,0,0,0,Matches
Ishak Belfodil\Ishak-Belfodil,dz ALG,FW,Hoffenheim,29-107,1992,14,596,6.6,0,1,0,0,0,0,0,0,0.15,0.15,0,0.15,Matches
Stefan Bell\Stefan-Bell,de GER,DF,Mainz 05,29-248,1991,14,1140,12.7,0,1,0,0,0,4,0,0,0.08,0.08,0,0.08,Matches
Karim Bellarabi\Karim-Bellarabi,de GER,MFFW,Leverkusen,31-021,1990,19,642,7.1,0,0,0,0,0,2,0,0,0,0,0,0,Matches
Jude Bellingham\Jude-Bellingham,eng ENG,MF,Dortmund,17-304,2003,27,1565,17.4,1,3,1,0,0,6,1,0.06,0.17,0.23,0.06,0.23,Matches
Lars Bender\Lars-Bender,de GER,DF,Leverkusen,32-002,1989,13,934,10.4,0,2,0,0,0,2,0,0,0.19,0.19,0,0.19,Matches
Sven Bender\Sven-Bender,de GER,DF,Leverkusen,32-002,1989,15,1064,11.8,0,0,0,0,0,1,0,0,0,0,0,0,Matches
László Bénes\Laszlo-Benes,sk SVK,MFFW,Augsburg,23-232,1997,9,535,5.9,1,0,1,0,0,3,0,0.17,0,0.17,0.17,0.17,Matches
László Bénes\Laszlo-Benes,sk SVK,MF,M'Gladbach,23-232,1997,7,150,1.7,0,1,0,0,0,0,0,0,0.6,0.6,0,0.6,Matches
Ramy Bensebaini\Ramy-Bensebaini,dz ALG,DF,M'Gladbach,26-013,1995,22,1570,17.4,3,0,2,1,1,6,0,0.17,0,0.17,0.11,0.11,Matches
Nabil Bentaleb\Nabil-Bentaleb,dz ALG,MF,Schalke 04,26-156,1994,9,548,6.1,0,0,0,0,1,2,0,0,0,0,0,0,Matches
Louis Beyer\Louis-Beyer,de GER,DF,M'Gladbach,20-345,2000,4,188,2.1,0,0,0,0,0,0,0,0,0,0,0,0,Matches
Bartosz Bialek\Bartosz-Bialek,pl POL,FWMF,Wolfsburg,19-169,2001,19,270,3,2,0,2,0,0,1,0,0.67,0,0.67,0.67,0.67,Matches
Ermin Bi?ak?i?\Ermin-Bicakcic,ba BIH,DF,Hoffenheim,31-095,1990,2,128,1.4,1,0,1,0,0,1,0,0.7,0,0.7,0.7,0.7,Matches
Leonardo Bittencourt\Leonardo-Bittencourt,de GER,MFFW,Werder Bremen,27-131,1993,24,1300,14.4,4,1,3,1,1,3,0,0.28,0.07,0.35,0.21,0.28,Matches
Jérôme Boateng\Jerome-Boateng,de GER,DF,Bayern Munich,32-238,1988,26,2148,23.9,1,1,1,0,0,6,0,0.04,0.04,0.08,0.04,0.08,Matches
Jean-Paul Boëtius\Jean-Paul-Boetius,nl NED,MFFW,Mainz 05,27-038,1994,27,1796,20,1,4,1,0,0,4,0,0.05,0.2,0.25,0.05,0.25,Matches
Melayro Bogarde\Melayro-Bogarde,nl NED,DFMF,Hoffenheim,18-336,2002,9,277,3.1,0,1,0,0,0,1,0,0,0.32,0.32,0,0.32,Matches
Dennis Borkowski\Dennis-Borkowski,de GER,MF,RB Leipzig,19-093,2002,2,11,0.1,0,0,0,0,0,0,0,0,0,0,0,0,Matches
Sebastiaan Bornauw\Sebastiaan-Bornauw,be BEL,DF,Köln,22-038,1999,21,1813,20.1,0,1,0,0,0,2,0,0,0.05,0.05,0,0.05,Matches
Nassim Boujellab\Nassim-Boujellab,ma MAR,MFFW,Schalke 04,21-313,1999,12,605,6.7,1,0,1,0,0,2,0,0.15,0,0.15,0.15,0.15,Matches
Dedryck Boyata\Dedryck-Boyata,be BEL,DF,Hertha BSC,30-152,1990,13,1153,12.8,0,0,0,0,0,1,0,0,0,0,0,0,Matches
Can Bozdogan\Can-Bozdogan,de GER,MF,Schalke 04,20-024,2001,13,628,7,0,2,0,0,0,0,0,0,0.29,0.29,0,0.29,Matches
Julian Brandt\Julian-Brandt,de GER,FWMF,Dortmund,24-362,1996,28,1371,15.2,2,2,2,0,0,0,0,0.13,0.13,0.26,0.13,0.26,Matches
Josip Brekalo\Josip-Brekalo,hr CRO,FW,Wolfsburg,22-310,1998,27,1657,18.4,4,3,4,0,0,1,0,0.22,0.16,0.38,0.22,0.38,Matches
Joshua Brenet\Joshua-Brenet,nl NED,DF,Hoffenheim,27-040,1994,1,1,0,0,0,0,0,0,0,0,0,0,0,0,0,Matches
John Brooks\John-Brooks,us USA,DF,Wolfsburg,28-091,1993,29,2538,28.2,2,0,2,0,0,5,0,0.07,0,0.07,0.07,0.07,Matches
Daniel Brosinski\Daniel-Brosinski,de GER,DF,Mainz 05,32-286,1988,18,1263,14,2,1,0,2,2,0,0,0.14,0.07,0.21,0,0.07,Matches
Cédric Brunner\Cedric-Brunner,ch SUI,DF,Arminia,27-071,1994,28,2385,26.5,0,1,0,0,0,5,0,0,0.04,0.04,0,0.04,Matches
Jacob Bruun Larsen\Jacob-Bruun-Larsen,dk DEN,FW,Hoffenheim,22-222,1998,2,89,1,0,0,0,0,0,0,0,0,0,0,0,0,Matches
Marius Bülter\Marius-Bulter,de GER,FWMF,Union Berlin,28-031,1993,23,920,10.2,1,0,1,0,0,1,0,0.1,0,0.1,0.1,0.1,Matches
Jonathan Burkardt\Jonathan-Burkardt,de GER,FWDF,Mainz 05,20-292,2000,28,1297,14.4,2,0,2,0,0,0,0,0.14,0,0.14,0.14,0.14,Matches
Nishan Burkart\Nishan-Burkart,ch SUI,MF,Freiburg,21-088,2000,1,15,0.2,0,0,0,0,0,0,0,0,0,0,0,0,Matches
Roman Bürki\Roman-Burki,ch SUI,GK,Dortmund,30-166,1990,16,1440,16,0,0,0,0,0,0,0,0,0,0,0,0,Matches
Kerim Calhanoglu\Kerim-Calhanoglu,de GER,DF,Schalke 04,18-246,2002,4,296,3.3,0,0,0,0,0,0,0,0,0,0,0,0,Matches
Daniel Caligiuri\Daniel-Caligiuri,it ITA,MFDF,Augsburg,33-104,1988,30,2577,28.6,5,4,4,1,1,5,0,0.17,0.14,0.31,0.14,0.28,Matches
Emre Can\Emre-Can,de GER,DFMF,Dortmund,27-107,1994,26,1953,21.7,1,4,1,0,0,5,0,0.05,0.18,0.23,0.05,0.23,Matches
Koen Casteels\Koen-Casteels,be BEL,GK,Wolfsburg,28-308,1992,30,2700,30,0,0,0,0,0,0,0,0,0,0,0,0,Matches
Gonzalo Castro\Gonzalo-Castro,de GER,MFFW,Stuttgart,33-322,1987,24,1623,18,4,2,4,0,0,8,0,0.22,0.11,0.33,0.22,0.33,Matches
Sava Cestic\Sava-Cestic,de GER,DF,Köln,20-069,2001,11,899,10,0,0,0,0,0,3,0,0,0,0,0,0,Matches
Timothy Chandler\Timothy-Chandler,us USA,DF,Eint Frankfurt,31-031,1990,12,235,2.6,1,0,1,0,0,1,0,0.38,0,0.38,0.38,0.38,Matches
Kwon Chang-hoon\Kwon-Chang-hoon,kr KOR,MFFW,Freiburg,26-303,1994,11,215,2.4,0,0,0,0,0,2,0,0,0,0,0,0,Matches
Tahith Chong\Tahith-Chong,nl NED,FWMF,Werder Bremen,21-146,1999,13,386,4.3,0,1,0,0,0,1,0,0,0.23,0.23,0,0.23,Matches
Darko Churlinov\Darko-Churlinov,mk MKD,DFFW,Stuttgart,20-292,2000,11,143,1.6,0,0,0,0,0,0,0,0,0,0,0,0,Matches
Tim Civeja\Tim-Civeja,de GER,MFDF,Augsburg,19-115,2002,3,34,0.4,0,0,0,0,0,0,0,0,0,0,0,0,Matches
Kingsley Coman\Kingsley-Coman,fr FRA,FWMF,Bayern Munich,24-320,1996,26,1614,17.9,3,9,3,0,0,1,0,0.17,0.5,0.67,0.17,0.67,Matches
Jhon Córdoba\Jhon-Cordoba,co COL,FW,Hertha BSC,27-353,1993,18,1339,14.9,7,1,7,0,0,3,0,0.47,0.07,0.54,0.47,0.54,Matches
Sergio Córdova\Sergio-Cordova,ve VEN,FWMF,Arminia,23-263,1997,23,1090,12.1,2,1,2,0,0,0,0,0.17,0.08,0.25,0.17,0.25,Matches
Danny da Costa\Danny-da-Costa,de GER,DF,Mainz 05,27-290,1993,12,910,10.1,0,1,0,0,0,2,0,0,0.1,0.1,0,0.1,Matches
Danny da Costa\Danny-da-Costa,de GER,DF,Eint Frankfurt,27-290,1993,6,110,1.2,0,0,0,0,0,0,0,0,0,0,0,0,Matches
Douglas Costa\Douglas-Costa,br BRA,FWMF,Bayern Munich,30-227,1990,11,320,3.6,1,1,1,0,0,0,0,0.28,0.28,0.56,0.28,0.56,Matches
Tanguy Coulibaly\Tanguy-Coulibaly,fr FRA,DFFW,Stuttgart,20-070,2001,30,1464,16.3,2,1,2,0,0,2,0,0.12,0.06,0.18,0.12,0.18,Matches
Mickaël Cuisance\Mickael-Cuisance,fr FRA,FW,Bayern Munich,21-256,1999,1,18,0.2,0,0,0,0,0,0,0,0,0,0,0,0,Matches
Matheus Cunha\Matheus-Cunha,br BRA,FWMF,Hertha BSC,21-337,1999,24,1991,22.1,7,4,5,2,3,8,0,0.32,0.18,0.5,0.23,0.41,Matches
Rafael Czichos\Rafael-Czichos,de GER,DF,Köln,30-350,1990,25,1989,22.1,1,0,1,0,0,7,0,0.05,0,0.05,0.05,0.05,Matches
Moanes Dabour\Moanes-Dabour,il ISR,FW,Hoffenheim,28-350,1992,22,999,11.1,4,0,4,0,1,2,0,0.36,0,0.36,0.36,0.36,Matches
Finn Dahmen\Finn-Dahmen,de GER,GK,Mainz 05,23-033,1998,1,90,1,0,0,0,0,0,0,0,0,0,0,0,0,Matches
Mahmoud Dahoud\Mahmoud-Dahoud,de GER,MF,Dortmund,25-118,1996,18,1065,11.8,1,1,1,0,0,2,0,0.08,0.08,0.17,0.08,0.17,Matches
Leon Dajaku\Leon-Dajaku,de GER,FW,Union Berlin,20-017,2001,2,37,0.4,0,0,0,0,0,0,0,0,0,0,0,0,Matches
Tiago Dantas\Tiago-Dantas,pt POR,MF,Bayern Munich,20-126,2000,2,69,0.8,0,0,0,0,0,0,0,0,0,0,0,0,Matches
Márton Dárdai\Marton-Dardai,de GER,DF,Hertha BSC,19-076,2002,8,548,6.1,0,0,0,0,0,0,0,0,0,0,0,0,Matches
Vladimír Darida\Vladimir-Darida,cz CZE,MF,Hertha BSC,30-264,1990,22,1634,18.2,0,6,0,0,0,2,1,0,0.33,0.33,0,0.33,Matches
Alphonso Davies\Alphonso-Davies,ca CAN,DF,Bayern Munich,20-178,2000,20,1493,16.6,1,2,1,0,0,1,1,0.06,0.12,0.18,0.06,0.18,Matches
Thomas Delaney\Thomas-Delaney,dk DEN,MF,Dortmund,29-238,1991,17,1161,12.9,1,1,1,0,0,6,0,0.08,0.08,0.16,0.08,0.16,Matches
Kerem Demirbay\Kerem-Demirbay,de GER,MF,Leverkusen,27-300,1993,26,1491,16.6,4,3,4,0,0,2,0,0.24,0.18,0.42,0.24,0.42,Matches
Ermedin Demirovi?\Ermedin-Demirovic,ba BIH,FW,Freiburg,23-035,1998,26,1280,14.2,4,6,4,0,0,5,0,0.28,0.42,0.7,0.28,0.7,Matches
Emmanuel Dennis\Emmanuel-Dennis,ng NGA,FW,Köln,23-165,1997,9,474,5.3,0,1,0,0,0,0,0,0,0.19,0.19,0,0.19,Matches
Mike van der Hoorn\Mike-van-der-Hoorn,nl NED,DF,Arminia,28-196,1992,20,1352,15,0,0,0,0,0,3,0,0,0,0,0,0,Matches
Moussa Diaby\Moussa-Diaby,fr FRA,FWMF,Leverkusen,21-296,1999,29,2251,25,4,11,4,0,0,5,0,0.16,0.44,0.6,0.16,0.6,Matches
Daniel Didavi\Daniel-Didavi,de GER,FWMF,Stuttgart,31-067,1990,20,867,9.6,4,3,4,0,0,2,0,0.42,0.31,0.73,0.42,0.73,Matches
Javairô Dilrosun\Javairo-Dilrosun,nl NED,FWMF,Hertha BSC,22-311,1998,8,296,3.3,0,1,0,0,0,0,0,0,0.3,0.3,0,0.3,Matches
Eren Dinkçi\Eren-Dinkci,de GER,FW,Werder Bremen,19-137,2001,7,102,1.1,1,0,1,0,0,0,0,0.88,0,0.88,0.88,0.88,Matches
Ritsu Doan\Ritsu-Doan,jp JPN,MFFW,Arminia,22-317,1998,31,2510,27.9,4,2,4,0,0,1,0,0.14,0.07,0.22,0.14,0.22,Matches
Ji Dong-won\Ji-Dong-won,kr KOR,FW,Mainz 05,29-336,1991,6,62,0.7,0,0,0,0,0,1,0,0,0,0,0,0,Matches
Bas Dost\Bas-Dost,nl NED,FW,Eint Frankfurt,31-333,1989,12,817,9.1,4,2,3,1,1,3,0,0.44,0.22,0.66,0.33,0.55,Matches
Aleksandar Dragovi?\Aleksandar-Dragovic,at AUT,DF,Leverkusen,30-054,1991,15,866,9.6,1,0,1,0,0,3,0,0.1,0,0.1,0.1,0.1,Matches
Dominick Drexler\Dominick-Drexler,de GER,MFFW,Köln,30-338,1990,24,1135,12.6,2,1,2,0,0,1,0,0.16,0.08,0.24,0.16,0.24,Matches
Ondrej Duda\Ondrej-Duda,sk SVK,FWMF,Köln,26-145,1994,29,2267,25.2,7,5,4,3,3,8,1,0.28,0.2,0.48,0.16,0.36,Matches
Erik Durm\Erik-Durm,de GER,DF,Eint Frankfurt,28-352,1992,19,1416,15.7,1,2,1,0,0,1,0,0.06,0.13,0.19,0.06,0.19,Matches
Johannes Eggestein\Johannes-Eggestein,de GER,FWMF,Werder Bremen,22-356,1998,2,33,0.4,0,0,0,0,0,0,0,0,0,0,0,0,Matches
Maximilian Eggestein\Maximilian-Eggestein,de GER,MF,Werder Bremen,24-142,1996,30,2673,29.7,2,5,2,0,0,5,0,0.07,0.17,0.24,0.07,0.24,Matches
Lilian Egloff\Lilian-Egloff,de GER,MF,Stuttgart,18-252,2002,2,16,0.2,0,0,0,0,0,0,0,0,0,0,0,0,Matches
Kingsley Ehizibue\Kingsley-Ehizibue,nl NED,DF,Köln,25-339,1995,19,1053,11.7,0,1,0,0,0,5,0,0,0.09,0.09,0,0.09,Matches
Nico Elvedi\Nico-Elvedi,ch SUI,DF,M'Gladbach,24-211,1996,26,2266,25.2,3,1,3,0,0,1,0,0.12,0.04,0.16,0.12,0.16,Matches
Breel Embolo\Breel-Embolo,ch SUI,FWMF,M'Gladbach,24-074,1997,28,1327,14.7,5,2,5,0,0,4,0,0.34,0.14,0.47,0.34,0.47,Matches
Keita Endo\Keita-Endo,jp JPN,FWMF,Union Berlin,23-158,1997,14,384,4.3,1,0,1,0,0,0,0,0.23,0,0.23,0.23,0.23,Matches
Wataru Endo\Wataru-Endo,jp JPN,MF,Stuttgart,28-079,1993,31,2775,30.8,2,3,2,0,0,4,0,0.06,0.1,0.16,0.06,0.16,Matches
Patrick Erras\Patrick-Erras,de GER,FWMF,Werder Bremen,26-098,1995,3,25,0.3,0,0,0,0,0,0,0,0,0,0,0,0,Matches
Ralf Fährmann\Ralf-Fahrmann,de GER,GK,Schalke 04,32-214,1988,18,1516,16.8,0,0,0,0,0,2,0,0,0,0,0,0,Matches
Ohis Felix Uduokhai\Ohis-Felix-Uduokhai,de GER,DF,Augsburg,23-232,1997,29,2610,29,1,0,1,0,0,5,0,0.03,0,0.03,0.03,0.03,Matches
Edimilson Fernandes\Edimilson-Fernandes,ch SUI,MFDF,Mainz 05,25-014,1996,12,776,8.6,0,0,0,0,0,1,0,0,0,0,0,0,Matches
Alfreð Finnbogason\Alfred-Finnbogason,is ISL,FW,Augsburg,32-087,1989,15,513,5.7,0,1,0,0,2,0,0,0,0.18,0.18,0,0.18,Matches
Emil Forsberg\Emil-Forsberg,se SWE,FWMF,RB Leipzig,29-188,1991,26,1337,14.9,7,3,5,2,3,0,0,0.47,0.2,0.67,0.34,0.54,Matches
Philipp Förster\Philipp-Forster,de GER,FWMF,Stuttgart,26-084,1995,22,1279,14.2,2,0,2,0,1,3,0,0.14,0,0.14,0.14,0.14,Matches
Timothy Fosu-Mensah\Timothy-Fosu-Mensah,nl NED,DF,Leverkusen,23-117,1998,6,409,4.5,0,0,0,0,0,2,0,0,0,0,0,0,Matches
Raphael Framberger\Raphael-Framberger,de GER,DF,Augsburg,25-235,1995,20,1494,16.6,0,1,0,0,0,6,1,0,0.06,0.06,0,0.06,Matches
Marco Friedl\Marco-Friedl,at AUT,DF,Werder Bremen,23-044,1998,30,2660,29.6,0,0,0,0,0,6,0,0,0,0,0,0,Matches
Marvin Friedrich\Marvin-Friedrich,de GER,DF,Union Berlin,25-137,1995,31,2790,31,4,2,4,0,0,1,0,0.13,0.06,0.19,0.13,0.19,Matches
Jeremie Frimpong\Jeremie-Frimpong,nl NED,DFFW,Leverkusen,20-140,2000,10,436,4.8,0,0,0,0,0,1,0,0,0,0,0,0,Matches
Niclas Füllkrug\Niclas-Fullkrug,de GER,FW,Werder Bremen,28-079,1993,16,707,7.9,5,0,3,2,2,1,0,0.64,0,0.64,0.38,0.38,Matches
Mijat Ga?inovi?\Mijat-Gacinovic,rs SRB,DFMF,Hoffenheim,26-080,1995,21,791,8.8,0,2,0,0,0,4,0,0,0.23,0.23,0,0.23,Matches
Christian Gebauer\Christian-Gebauer,at AUT,MFFW,Arminia,27-130,1993,21,677,7.5,1,1,1,0,0,0,0,0.13,0.13,0.27,0.13,0.27,Matches
Theodor Gebre Selassie\Theodor-Gebre-Selassie,cz CZE,DF,Werder Bremen,34-126,1986,31,2762,30.7,3,1,3,0,0,2,0,0.1,0.03,0.13,0.1,0.13,Matches
Dennis Geiger\Dennis-Geiger,de GER,MF,Hoffenheim,22-323,1998,9,658,7.3,1,1,1,0,0,4,1,0.14,0.14,0.27,0.14,0.27,Matches
Christian Gentner\Christian-Gentner,de GER,MF,Union Berlin,35-258,1985,19,797,8.9,0,0,0,0,0,0,0,0,0,0,0,0,Matches
Yannick Gerhardt\Yannick-Gerhardt,de GER,MFFW,Wolfsburg,27-047,1994,26,1817,20.2,2,4,2,0,0,3,0,0.1,0.2,0.3,0.1,0.3,Matches
Hamadi Al Ghaddioui\Hamadi-Al-Ghaddioui,ma MAR,MFFW,Stuttgart,30-219,1990,4,26,0.3,0,0,0,0,0,0,0,0,0,0,0,0,Matches
Niko Gießelmann\Niko-Giesselmann,de GER,DF,Union Berlin,29-215,1991,12,407,4.5,0,0,0,0,0,3,0,0,0,0,0,0,Matches
Rafa? Gikiewicz\Rafal-Gikiewicz,pl POL,GK,Augsburg,33-185,1987,31,2790,31,0,0,0,0,0,2,0,0,0,0,0,0,Matches
Daniel Ginczek\Daniel-Ginczek,de GER,FWMF,Wolfsburg,30-016,1991,10,193,2.1,0,0,0,0,0,0,0,0,0,0,0,0,Matches
Matthias Ginter\Matthias-Ginter,de GER,DF,M'Gladbach,27-100,1994,31,2790,31,2,1,2,0,0,2,0,0.06,0.03,0.1,0.06,0.1,Matches
Robert Glatzel\Robert-Glatzel,de GER,FW,Mainz 05,27-111,1994,10,282,3.1,2,1,2,0,0,0,0,0.64,0.32,0.96,0.64,0.96,Matches
Serge Gnabry\Serge-Gnabry,de GER,FWMF,Bayern Munich,25-289,1995,24,1464,16.3,9,1,9,0,0,4,0,0.55,0.06,0.61,0.55,0.61,Matches
Akaki Gogia\Akaki-Gogia,de GER,FW,Union Berlin,29-101,1992,7,140,1.6,0,1,0,0,0,1,0,0,0.64,0.64,0,0.64,Matches
Nicolás González\Nicolas-Gonzalez,ar ARG,FWDF,Stuttgart,23-023,1998,15,934,10.4,6,2,3,3,4,5,0,0.58,0.19,0.77,0.29,0.48,Matches
Leon Goretzka\Leon-Goretzka,de GER,MF,Bayern Munich,26-082,1995,23,1695,18.8,5,5,5,0,0,2,0,0.27,0.27,0.53,0.27,0.53,Matches
Jeffrey Gouweleeuw\Jeffrey-Gouweleeuw,nl NED,DF,Augsburg,29-293,1991,29,2565,28.5,1,0,1,0,0,9,0,0.04,0,0.04,0.04,0.04,Matches
Demarai Gray\Demarai-Gray,eng ENG,FW,Leverkusen,24-305,1996,7,300,3.3,1,2,1,0,0,0,0,0.3,0.6,0.9,0.3,0.9,Matches
Michael Gregoritsch\Michael-Gregoritsch,at AUT,FWMF,Augsburg,27-011,1994,22,826,9.2,1,2,1,0,0,1,0,0.11,0.22,0.33,0.11,0.33,Matches
Sebastian Griesbeck\Sebastian-Griesbeck,de GER,MF,Union Berlin,30-208,1990,22,793,8.8,0,0,0,0,0,3,0,0,0,0,0,0,Matches
Vincenzo Grifo\Vincenzo-Grifo,it ITA,MFFW,Freiburg,28-022,1993,27,1999,22.2,8,6,4,4,4,2,0,0.36,0.27,0.63,0.18,0.45,Matches
Lennart Grill\Lennart-Grill,de GER,GK,Leverkusen,22-094,1999,4,360,4,0,0,0,0,0,0,0,0,0,0,0,0,Matches
Florian Grillitsch\Florian-Grillitsch,at AUT,MFDF,Hoffenheim,25-265,1995,23,1609,17.9,2,0,2,0,0,6,1,0.11,0,0.11,0.11,0.11,Matches
Christian Groß\Christian-Gross,de GER,MFDF,Werder Bremen,32-080,1989,21,1338,14.9,0,1,0,0,0,5,0,0,0.07,0.07,0,0.07,Matches
Ilia Gruev\Ilia-Gruev,bg BUL,FW,Werder Bremen,20-358,2000,1,1,0,0,0,0,0,0,0,0,0,0,0,0,0,Matches
Carlos Gruezo\Carlos-Gruezo,ec ECU,MF,Augsburg,26-010,1995,27,1994,22.2,0,0,0,0,0,4,0,0,0,0,0,0,Matches
Mattéo Guendouzi\Matteo-Guendouzi,fr FRA,MF,Hertha BSC,22-015,1999,22,1690,18.8,2,1,2,0,0,4,0,0.11,0.05,0.16,0.11,0.16,Matches
Raphaël Guerreiro\Raphael-Guerreiro,pt POR,DF,Dortmund,27-128,1993,25,2045,22.7,4,8,4,0,0,1,0,0.18,0.35,0.53,0.18,0.53,Matches
Josuha Guilavogui\Josuha-Guilavogui,fr FRA,MFDF,Wolfsburg,30-222,1990,18,726,8.1,0,0,0,0,0,3,0,0,0,0,0,0,Matches
Péter Gulácsi\Peter-Gulacsi,hu HUN,GK,RB Leipzig,30-358,1990,31,2790,31,0,0,0,0,0,0,0,0,0,0,0,0,Matches
Manuel Gulde\Manuel-Gulde,de GER,DF,Freiburg,30-076,1991,23,1601,17.8,1,0,1,0,0,3,0,0.06,0,0.06,0.06,0.06,Matches
Robert Gumny\Robert-Gumny,pl POL,DF,Augsburg,22-329,1998,21,1107,12.3,1,0,1,0,0,4,0,0.08,0,0.08,0.08,0.08,Matches
Christian Günter\Christian-Gunter,de GER,DF,Freiburg,28-060,1993,30,2700,30,2,3,2,0,0,2,0,0.07,0.1,0.17,0.07,0.17,Matches
Erling Haaland\Erling-Haaland,no NOR,FW,Dortmund,20-282,2000,26,2227,24.7,25,5,23,2,4,2,0,1.01,0.2,1.21,0.93,1.13,Matches
Janik Haberer\Janik-Haberer,de GER,MFFW,Freiburg,27-027,1994,11,362,4,0,0,0,0,0,0,0,0,0,0,0,0,Matches
Alexander Hack\Alexander-Hack,de GER,DF,Mainz 05,27-233,1993,18,1136,12.6,1,0,1,0,0,2,0,0.08,0,0.08,0.08,0.08,Matches
André Hahn\Andre-Hahn,de GER,FWMF,Augsburg,30-259,1990,26,1780,19.8,7,2,7,0,0,3,0,0.35,0.1,0.46,0.35,0.46,Matches
Amadou Haidara\Amadou-Haidara,ml MLI,MFFW,RB Leipzig,23-088,1998,28,1754,19.5,3,1,3,0,0,3,0,0.15,0.05,0.21,0.15,0.21,Matches
Marcel Halstenberg\Marcel-Halstenberg,de GER,DF,RB Leipzig,29-214,1991,22,1552,17.2,2,2,1,1,1,2,0,0.12,0.12,0.23,0.06,0.17,Matches
Amine Harit\Amine-Harit,ma MAR,FWMF,Schalke 04,23-315,1997,24,1759,19.5,1,5,1,0,0,3,0,0.05,0.26,0.31,0.05,0.31,Matches
Marcel Hartel\Marcel-Hartel,de GER,MF,Arminia,25-100,1996,21,1669,18.5,0,0,0,0,0,1,0,0,0,0,0,0,Matches
Makoto Hasebe\Makoto-Hasebe,jp JPN,DFMF,Eint Frankfurt,37-101,1984,26,2018,22.4,0,0,0,0,0,5,0,0,0,0,0,0,Matches
Thorgan Hazard\Thorgan-Hazard,be BEL,FWMF,Dortmund,28-031,1993,14,576,6.4,1,2,1,0,0,0,0,0.16,0.31,0.47,0.16,0.47,Matches
Jonas Hector\Jonas-Hector,de GER,MF,Köln,30-337,1990,17,1110,12.3,3,1,3,0,0,2,0,0.24,0.08,0.32,0.24,0.32,Matches
Hwang Hee-chan\Hwang-Hee-chan,kr KOR,FWMF,RB Leipzig,25-093,1996,15,296,3.3,0,0,0,0,0,2,0,0,0,0,0,0,Matches
Dominique Heintz\Dominique-Heintz,de GER,DF,Freiburg,27-257,1993,21,1369,15.2,0,0,0,0,0,3,0,0,0,0,0,0,Matches
Benjamin Henrichs\Benjamin-Henrichs,de GER,DFMF,RB Leipzig,24-065,1997,11,432,4.8,0,1,0,0,0,2,0,0,0.21,0.21,0,0.21,Matches
Lucas Hernández\Lucas-Hernandez,fr FRA,DF,Bayern Munich,25-074,1996,20,1357,15.1,0,2,0,0,0,3,0,0,0.13,0.13,0,0.13,Matches
Patrick Herrmann\Patrick-Herrmann,de GER,FW,M'Gladbach,30-076,1991,25,862,9.6,0,3,0,0,0,3,0,0,0.31,0.31,0,0.31,Matches
Martin Hinteregger\Martin-Hinteregger,at AUT,DF,Eint Frankfurt,28-234,1992,26,2257,25.1,2,1,2,0,0,4,0,0.08,0.04,0.12,0.08,0.12,Matches
Marwin Hitz\Marwin-Hitz,ch SUI,GK,Dortmund,33-223,1987,15,1350,15,0,0,0,0,0,1,0,0,0,0,0,0,Matches
Nicolas Höfler\Nicolas-Hofler,de GER,MF,Freiburg,31-051,1990,27,2369,26.3,1,2,1,0,0,10,0,0.04,0.08,0.11,0.04,0.11,Matches
Jonas Hofmann\Jonas-Hofmann,de GER,FWMF,M'Gladbach,28-289,1992,21,1669,18.5,6,11,3,3,3,1,0,0.32,0.59,0.92,0.16,0.75,Matches
Marco Höger\Marco-Hoger,de GER,DF,Köln,31-225,1989,2,50,0.6,0,0,0,0,0,0,0,0,0,0,0,0,Matches
Lucas Höler\Lucas-Holer,de GER,FWMF,Freiburg,26-293,1994,29,1893,21,4,3,4,0,0,5,0,0.19,0.14,0.33,0.19,0.33,Matches
Matthew Hoppe\Matthew-Hoppe,us USA,FW,Schalke 04,20-047,2001,18,1076,12,5,0,5,0,0,3,0,0.42,0,0.42,0.42,0.42,Matches
Jannes Horn\Jannes-Horn,de GER,DF,Köln,24-082,1997,26,1644,18.3,0,1,0,0,0,5,0,0,0.05,0.05,0,0.05,Matches
Timo Horn\Timo-Horn,de GER,GK,Köln,27-352,1993,31,2739,30.4,0,0,0,0,0,0,0,0,0,0,0,0,Matches
Lukáš Hrádecký\Lukas-Hradecky,fi FIN,GK,Leverkusen,31-156,1989,26,2295,25.5,0,0,0,0,0,1,0,0,0,0,0,0,Matches
Ajdin Hrustic\Ajdin-Hrustic,au AUS,MFFW,Eint Frankfurt,24-298,1996,8,109,1.2,0,0,0,0,0,0,0,0,0,0,0,0,Matches
Florian Hübner\Florian-Hubner,de GER,DF,Union Berlin,30-059,1991,6,525,5.8,0,0,0,0,0,3,0,0,0,0,0,0,Matches
Mats Hummels\Mats-Hummels,de GER,DF,Dortmund,32-134,1988,30,2605,28.9,5,0,5,0,0,5,0,0.17,0,0.17,0.17,0.17,Matches
Klaas-Jan Huntelaar\Klaas-Jan-Huntelaar,nl NED,FW,Schalke 04,37-260,1983,6,374,4.2,1,0,1,0,0,2,0,0.24,0,0.24,0.24,0.24,Matches
Iago\Iago,br BRA,DF,Augsburg,24-037,1997,16,1388,15.4,1,1,1,0,0,2,0,0.06,0.06,0.13,0.06,0.13,Matches
Vedad Ibiševi?\Vedad-Ibisevic,ba BIH,FW,Schalke 04,36-266,1984,4,156,1.7,0,0,0,0,0,1,0,0,0,0,0,0,Matches
Stefan Ilsanker\Stefan-Ilsanker,at AUT,MFDF,Eint Frankfurt,31-346,1989,25,1461,16.2,1,0,1,0,0,4,0,0.06,0,0.06,0.06,0.06,Matches
Marcus Ingvartsen\Marcus-Ingvartsen,dk DEN,MFFW,Union Berlin,25-115,1996,27,1801,20,3,5,3,0,1,3,0,0.15,0.25,0.4,0.15,0.4,Matches
Ismail Jakobs\Ismail-Jakobs,de GER,DFMF,Köln,21-255,1999,21,1590,17.7,1,0,1,0,0,5,0,0.06,0,0.06,0.06,0.06,Matches
Tony Jantschke\Tony-Jantschke,de GER,DF,M'Gladbach,31-022,1990,7,262,2.9,0,0,0,0,0,1,0,0,0,0,0,0,Matches
Rune Jarstein\Rune-Jarstein,no NOR,GK,Hertha BSC,36-212,1984,8,720,8,0,0,0,0,0,0,0,0,0,0,0,0,Matches
Tin Jedvaj\Tin-Jedvaj,hr CRO,DF,Leverkusen,25-152,1995,3,152,1.7,0,0,0,0,0,0,0,0,0,0,0,0,Matches
Fredrik Jensen\Fredrik-Jensen,fi FIN,FWMF,Augsburg,23-232,1997,11,330,3.7,0,1,0,0,0,0,0,0,0.27,0.27,0,0.27,Matches
Marco John\Marco-John,de GER,DF,Hoffenheim,19-027,2002,12,946,10.5,0,0,0,0,0,1,0,0,0,0,0,0,Matches
Luka Jovi?\Luka-Jovic,rs SRB,FWMF,Eint Frankfurt,23-127,1997,16,779,8.7,4,1,4,0,0,2,0,0.46,0.12,0.58,0.46,0.58,Matches
Ozan Kabak\Ozan-Kabak,tr TUR,DF,Schalke 04,21-035,2000,14,1243,13.8,0,0,0,0,0,6,1,0,0,0,0,0,Matches
Pavel Kade?ábek\Pavel-Kaderabek,cz CZE,DF,Hoffenheim,29-004,1992,17,1318,14.6,0,4,0,0,0,3,0,0,0.27,0.27,0,0.27,Matches
Florian Kainz\Florian-Kainz,at AUT,FWMF,Köln,28-187,1992,5,268,3,1,0,1,0,0,0,0,0.34,0,0.34,0.34,0.34,Matches
Sasa Kalajdzic\Sasa-Kalajdzic,at AUT,FW,Stuttgart,23-296,1997,30,1874,20.8,14,4,14,0,0,1,0,0.67,0.19,0.86,0.67,0.86,Matches
Daichi Kamada\Daichi-Kamada,jp JPN,MFFW,Eint Frankfurt,24-267,1996,29,2141,23.8,5,11,5,0,0,3,0,0.21,0.46,0.67,0.21,0.67,Matches
Marcin Kami?ski\Marcin-Kaminski,pl POL,DF,Stuttgart,29-104,1992,4,207,2.3,0,0,0,0,0,0,0,0,0,0,0,0,Matches
Kevin Kampl\Kevin-Kampl,si SVN,MF,RB Leipzig,30-202,1990,24,1770,19.7,0,1,0,0,0,6,0,0,0.05,0.05,0,0.05,Matches
Atakan Karazor\Atakan-Karazor,de GER,DFMF,Stuttgart,24-198,1996,16,812,9,0,0,0,0,0,3,0,0,0,0,0,0,Matches
Loris Karius\Loris-Karius,de GER,GK,Union Berlin,27-311,1993,4,292,3.2,0,0,0,0,0,0,0,0,0,0,0,0,Matches
Noah Katterbach\Noah-Katterbach,de GER,DF,Köln,20-016,2001,20,1021,11.3,0,0,0,0,0,1,0,0,0,0,0,0,Matches
Yannik Keitel\Yannik-Keitel,de GER,MF,Freiburg,21-073,2000,8,347,3.9,0,0,0,0,0,1,0,0,0,0,0,0,Matches
Marc-Oliver Kempf\Marc-Oliver-Kempf,de GER,DF,Stuttgart,26-091,1995,29,2469,27.4,2,1,2,0,0,5,0,0.07,0.04,0.11,0.07,0.11,Matches
Rani Khedira\Rani-Khedira,de GER,MF,Augsburg,27-092,1994,25,1638,18.2,0,0,0,0,0,5,0,0,0,0,0,0,Matches
Sami Khedira\Sami-Khedira,de GER,MF,Hertha BSC,34-025,1987,6,209,2.3,0,1,0,0,0,1,0,0,0.43,0.43,0,0.43,Matches
Luca Kilian\Luca-Kilian,de GER,DF,Mainz 05,21-240,1999,6,381,4.2,0,0,0,0,0,1,0,0,0,0,0,0,Matches
Joshua Kimmich\Joshua-Kimmich,de GER,MF,Bayern Munich,26-080,1995,24,1924,21.4,3,10,3,0,0,4,0,0.14,0.47,0.61,0.14,0.61,Matches
Davy Klaassen\Davy-Klaassen,nl NED,MF,Werder Bremen,28-067,1993,3,222,2.5,0,0,0,0,0,1,0,0,0,0,0,0,Matches
Felix Klaus\Felix-Klaus,de GER,DFMF,Wolfsburg,28-228,1992,6,137,1.5,0,0,0,0,0,0,0,0,0,0,0,0,Matches
Klauss\Klauss,br BRA,FW,Hoffenheim,24-059,1997,4,51,0.6,0,0,0,0,0,0,0,0,0,0,0,0,Matches
Philipp Klement\Philipp-Klement,de GER,MFFW,Stuttgart,28-232,1992,16,279,3.1,1,2,1,0,0,0,0,0.32,0.65,0.97,0.32,0.97,Matches
Mateo Klimowicz\Mateo-Klimowicz,de GER,FWMF,Stuttgart,20-297,2000,25,1198,13.3,1,1,1,0,0,1,0,0.08,0.08,0.15,0.08,0.15,Matches
Fabian Klos\Fabian-Klos,de GER,FW,Arminia,33-148,1987,31,2449,27.2,4,2,4,0,1,4,0,0.15,0.07,0.22,0.15,0.22,Matches
Lukas Klostermann\Lukas-Klostermann,de GER,DF,RB Leipzig,24-331,1996,20,1191,13.2,0,0,0,0,0,2,0,0,0,0,0,0,Matches
Justin Kluivert\Justin-Kluivert,nl NED,FWMF,RB Leipzig,21-359,1999,16,650,7.2,1,1,1,0,0,2,0,0.14,0.14,0.28,0.14,0.28,Matches
Lukas Klünter\Lukas-Klunter,de GER,DF,Hertha BSC,24-338,1996,8,720,8,0,0,0,0,0,0,0,0,0,0,0,0,Matches
Ansgar Knauff\Ansgar-Knauff,de GER,MFFW,Dortmund,19-109,2002,3,62,0.7,1,1,1,0,0,0,0,1.45,1.45,2.9,1.45,2.9,Matches
Robin Knoche\Robin-Knoche,de GER,DF,Union Berlin,28-342,1992,31,2772,30.8,1,0,1,0,0,4,0,0.03,0,0.03,0.03,0.03,Matches
Gregor Kobel\Gregor-Kobel,ch SUI,GK,Stuttgart,23-144,1997,31,2790,31,0,0,0,0,0,0,0,0,0,0,0,0,Matches
Dominik Kohr\Dominik-Kohr,de GER,MFFW,Eint Frankfurt,27-088,1994,7,260,2.9,0,0,0,0,0,1,0,0,0,0,0,0,Matches
Dominik Kohr\Dominik-Kohr,de GER,MF,Mainz 05,27-088,1994,13,991,11,1,0,1,0,0,3,0,0.09,0,0.09,0.09,0.09,Matches
Sead Kolašinac\Sead-Kolasinac,ba BIH,DFMF,Schalke 04,27-313,1993,15,1246,13.8,1,0,1,0,0,4,0,0.07,0,0.07,0.07,0.07,Matches
Ibrahima Konaté\Ibrahima-Konate,fr FRA,DF,RB Leipzig,21-339,1999,13,633,7,1,0,1,0,0,1,0,0.14,0,0.14,0.14,0.14,Matches
Filip Kosti?\Filip-Kostic,rs SRB,DF,Eint Frankfurt,28-179,1992,27,2265,25.2,4,12,4,0,0,3,0,0.16,0.48,0.64,0.16,0.64,Matches
Nianzou Kouassi\Nianzou-Kouassi,fr FRA,DFMF,Bayern Munich,18-326,2002,5,113,1.3,0,0,0,0,0,1,0,0,0,0,0,0,Matches
Andrej Kramari?\Andrej-Kramaric,hr CRO,FWMF,Hoffenheim,29-314,1991,25,2109,23.4,17,3,12,5,5,2,0,0.73,0.13,0.85,0.51,0.64,Matches
Christoph Kramer\Christoph-Kramer,de GER,MF,M'Gladbach,30-069,1991,27,1950,21.7,0,1,0,0,0,5,0,0,0.05,0.05,0,0.05,Matches
Max Kruse\Max-Kruse,de GER,FWMF,Union Berlin,33-041,1988,19,1426,15.8,10,5,5,5,6,0,0,0.63,0.32,0.95,0.32,0.63,Matches
Lukas Kübler\Lukas-Kubler,de GER,DF,Freiburg,28-242,1992,16,690,7.7,0,1,0,0,0,2,0,0,0.13,0.13,0,0.13,Matches
Pierre Kunde\Pierre-Kunde,cm CMR,MF,Mainz 05,25-277,1995,11,513,5.7,0,0,0,0,0,1,0,0,0,0,0,0,Matches
Fabian Kunze\Fabian-Kunze,de GER,MF,Arminia,22-319,1998,23,1248,13.9,0,0,0,0,0,5,0,0,0,0,0,0,Matches
Ahmed Kutucu\Ahmed-Kutucu,tr TUR,FWMF,Schalke 04,21-059,2000,7,108,1.2,0,0,0,0,0,1,0,0,0,0,0,0,Matches
Maxence Lacroix\Maxence-Lacroix,fr FRA,DF,Wolfsburg,21-023,2000,27,2320,25.8,1,1,1,0,0,5,0,0.04,0.04,0.08,0.04,0.08,Matches
Stefan Lainer\Stefan-Lainer,at AUT,DF,M'Gladbach,28-245,1992,30,2498,27.8,2,1,2,0,0,2,0,0.07,0.04,0.11,0.07,0.11,Matches
Michael Langer\Michael-Langer,at AUT,GK,Schalke 04,36-113,1985,3,239,2.7,0,0,0,0,0,0,0,0,0,0,0,0,Matches
Danny Latza\Danny-Latza,de GER,MF,Mainz 05,31-143,1989,25,1649,18.3,0,2,0,0,0,8,0,0,0.11,0.11,0,0.11,Matches
Valentino Lazaro\Valentino-Lazaro,at AUT,DFFW,M'Gladbach,25-036,1996,19,1095,12.2,2,0,2,0,0,3,0,0.16,0,0.16,0.16,0.16,Matches
Mathew Leckie\Mathew-Leckie,au AUS,FWDF,Hertha BSC,30-084,1991,14,301,3.3,0,1,0,0,0,0,0,0,0.3,0.3,0,0.3,Matches
Christopher Lenz\Christopher-Lenz,de GER,DF,Union Berlin,26-219,1994,24,2035,22.6,0,3,0,0,0,3,0,0,0.13,0.13,0,0.13,Matches
Robert Lewandowski\Robert-Lewandowski,pl POL,FW,Bayern Munich,32-251,1988,26,2188,24.3,36,6,30,6,7,4,0,1.48,0.25,1.73,1.23,1.48,Matches
Philipp Lienhart\Philipp-Lienhart,at AUT,DF,Freiburg,24-292,1996,30,2633,29.3,4,0,4,0,0,3,0,0.14,0,0.14,0.14,0.14,Matches
Dimitris Limnios\Dimitris-Limnios,gr GRE,MFFW,Köln,22-337,1998,12,378,4.2,0,0,0,0,0,0,0,0,0,0,0,0,Matches
Niklas Lomb\Niklas-Lomb,de GER,GK,Leverkusen,27-275,1993,2,135,1.5,0,0,0,0,0,0,0,0,0,0,0,0,Matches
Eduard Löwen\Eduard-Lowen,de GER,MFDF,Hertha BSC,24-091,1997,6,41,0.5,0,0,0,0,0,0,0,0,0,0,0,0,Matches
Jan Luca Schuler\Jan-Luca-Schuler,de GER,FW,Schalke 04,22-038,1999,2,40,0.4,0,0,0,0,0,0,0,0,0,0,0,0,Matches
Anderson Lucoqui\Anderson-Lucoqui,ao ANG,DF,Arminia,23-297,1997,19,1424,15.8,0,0,0,0,0,3,0,0,0,0,0,0,Matches
Kilian Ludewig\Kilian-Ludewig,de GER,DF,Schalke 04,21-055,2000,6,520,5.8,0,0,0,0,0,1,0,0,0,0,0,0,Matches
Dodi Lukebakio\Dodi-Lukebakio,be BEL,FWMF,Hertha BSC,23-217,1997,27,1779,19.8,5,5,3,2,2,2,0,0.25,0.25,0.51,0.15,0.4,Matches
Andreas Luthe\Andreas-Luthe,de GER,GK,Union Berlin,34-050,1987,28,2498,27.8,0,0,0,0,0,1,0,0,0,0,0,0,Matches
Tim Maciejewski\Tim-Maciejewski,de GER,MF,Union Berlin,20-055,2001,1,8,0.1,0,0,0,0,0,0,0,0,0,0,0,0,Matches
Mikail Maden\Mikail-Maden,no NOR,FW,Schalke 04,19-102,2002,1,6,0.1,0,0,0,0,0,0,0,0,0,0,0,0,Matches
Arne Maier\Arne-Maier,de GER,MF,Hertha BSC,22-111,1999,2,30,0.3,0,0,0,0,0,0,0,0,0,0,0,0,Matches
Arne Maier\Arne-Maier,de GER,MFFW,Arminia,22-111,1999,13,767,8.5,0,0,0,0,0,0,0,0,0,0,0,0,Matches
Yunus Mall?\Yunus-Malli,tr TUR,MF,Wolfsburg,29-064,1992,1,58,0.6,0,0,0,0,0,0,0,0,0,0,0,0,Matches
Orel Mangala\Orel-Mangala,be BEL,MF,Stuttgart,23-042,1998,24,2109,23.4,1,3,1,0,0,4,0,0.04,0.13,0.17,0.04,0.17,Matches
Omar Marmoush\Omar-Marmoush,eg EGY,FW,Wolfsburg,22-081,1999,1,1,0,0,0,0,0,0,0,0,0,0,0,0,0,Matches
Aarón Martín\Aaron-Martin,es ESP,DF,Mainz 05,24-007,1997,5,262,2.9,0,0,0,0,0,0,0,0,0,0,0,0,Matches
Javi Martínez\Javi-Martinez,es ESP,MFDF,Bayern Munich,32-239,1988,17,416,4.6,0,0,0,0,0,0,0,0,0,0,0,0,Matches
Omar Mascarell\Omar-Mascarell,es ESP,MF,Schalke 04,28-086,1993,24,1762,19.6,1,1,1,0,0,6,0,0.05,0.05,0.1,0.05,0.1,Matches
Roberto Massimo\Roberto-Massimo,de GER,DFFW,Stuttgart,20-199,2000,15,574,6.4,0,0,0,0,0,1,0,0,0,0,0,0,Matches
Jean-Philippe Mateta\Jean-Philippe-Mateta,fr FRA,FW,Mainz 05,23-305,1997,15,997,11.1,7,1,6,1,1,2,0,0.63,0.09,0.72,0.54,0.63,Matches
Rabbi Matondo\Rabbi-Matondo,wal WAL,FWMF,Schalke 04,20-232,2000,3,220,2.4,0,0,0,0,0,0,0,0,0,0,0,0,Matches
Konstantinos Mavropanos\Konstantinos-Mavropanos,gr GRE,DF,Stuttgart,23-139,1997,19,1386,15.4,0,0,0,0,0,5,0,0,0,0,0,0,Matches
Eric Maxim Choupo-Moting\Eric-Maxim-Choupo-Moting,cm CMR,FWMF,Bayern Munich,32-037,1989,21,801,8.9,3,0,3,0,0,2,0,0.34,0,0.34,0.34,0.34,Matches
Kevin Mbabu\Kevin-Mbabu,ch SUI,DF,Wolfsburg,26-010,1995,19,1427,15.9,0,1,0,0,0,5,0,0,0.06,0.06,0,0.06,Matches
Jean-Manuel Mbom\Jean-Manuel-Mbom,de GER,MFDF,Werder Bremen,21-064,2000,20,1106,12.3,0,1,0,0,0,7,0,0,0.08,0.08,0,0.08,Matches
Nathan de Medina\Nathan-de-Medina,be BEL,DF,Arminia,23-203,1997,15,604,6.7,0,1,0,0,0,5,1,0,0.15,0.15,0,0.15,Matches
Joshua Mees\Joshua-Mees,de GER,FW,Union Berlin,25-014,1996,1,5,0.1,0,0,0,0,0,0,0,0,0,0,0,0,Matches
Admir Mehmedi\Admir-Mehmedi,ch SUI,MFFW,Wolfsburg,30-044,1991,18,820,9.1,0,2,0,0,0,0,0,0,0.22,0.22,0,0.22,Matches
Hamza Mendyl\Hamza-Mendyl,ma MAR,FW,Schalke 04,23-190,1997,3,95,1.1,0,0,0,0,0,1,0,0,0,0,0,0,Matches
Jorge Meré\Jorge-Mere,es ESP,DF,Köln,24-012,1997,16,1300,14.4,0,0,0,0,0,2,0,0,0,0,0,0,Matches
Thomas Meunier\Thomas-Meunier,be BEL,DF,Dortmund,29-229,1991,20,1382,15.4,1,1,1,0,0,3,0,0.07,0.07,0.13,0.07,0.13,Matches
Max Meyer\Max-Meyer,de GER,MF,Köln,25-223,1995,8,324,3.6,0,0,0,0,0,0,0,0,0,0,0,0,Matches
Maximilian Mittelstädt\Maximilian-Mittelstadt,de GER,DFMF,Hertha BSC,24-042,1997,25,1676,18.6,0,2,0,0,0,3,0,0,0.11,0.11,0,0.11,Matches
Anthony Modeste\Anthony-Modeste,fr FRA,FWMF,Köln,33-015,1988,8,221,2.5,0,0,0,0,1,1,0,0,0,0,0,0,Matches
Kevin Möhwald\Kevin-Mohwald,de GER,MF,Werder Bremen,27-300,1993,25,1535,17.1,5,0,5,0,0,4,1,0.29,0,0.29,0.29,0.29,Matches
Niklas Moisander\Niklas-Moisander,fi FIN,DF,Werder Bremen,35-212,1985,15,952,10.6,0,0,0,0,0,1,0,0,0,0,0,0,Matches
Alkhaly Momo Cissé\Alkhaly-Momo-Cisse,gn GUI,DFFW,Stuttgart,18-194,2002,5,38,0.4,0,0,0,0,0,1,0,0,0,0,0,0,Matches
Jan Morávek\Jan-Moravek,cz CZE,MF,Augsburg,31-179,1989,3,130,1.4,0,0,0,0,0,0,0,0,0,0,0,0,Matches
Mateu Morey\Mateu-Morey,es ESP,DF,Dortmund,21-058,2000,13,829,9.2,0,2,0,0,0,1,0,0,0.22,0.22,0,0.22,Matches
Youssoufa Moukoko\Youssoufa-Moukoko,de GER,FWMF,Dortmund,16-160,2004,14,422,4.7,3,0,3,0,0,0,0,0.64,0,0.64,0.64,0.64,Matches
Nordi Mukiele\Nordi-Mukiele,fr FRA,DF,RB Leipzig,23-179,1997,26,1644,18.3,3,1,3,0,0,5,0,0.16,0.05,0.22,0.16,0.22,Matches
Florian Müller\Florian-Muller,de GER,GK,Freiburg,23-167,1997,30,2700,30,0,0,0,0,0,0,0,0,0,0,0,0,Matches
Sebastian Müller\Sebastian-Muller,de GER,MFDF,Arminia,20-096,2001,2,4,0,0,0,0,0,0,0,0,0,0,0,0,0,Matches
Thomas Müller\Thomas-Muller,de GER,MF,Bayern Munich,31-228,1989,29,2453,27.3,10,17,9,1,1,0,0,0.37,0.62,0.99,0.33,0.95,Matches
Petar Musa\Petar-Musa,hr CRO,FW,Union Berlin,23-056,1998,11,537,6,1,3,1,0,0,2,0,0.17,0.5,0.67,0.17,0.67,Matches
Jamal Musiala\Jamal-Musiala,de GER,FWMF,Bayern Munich,18-062,2003,24,792,8.8,6,0,6,0,0,0,0,0.68,0,0.68,0.68,0.68,Matches
Shkodran Mustafi\Shkodran-Mustafi,de GER,DF,Schalke 04,29-012,1992,9,677,7.5,0,0,0,0,0,0,0,0,0,0,0,0,Matches
Phillipp Mwene\Phillipp-Mwene,at AUT,DF,Mainz 05,27-090,1994,17,1484,16.5,0,2,0,0,0,3,0,0,0.12,0.12,0,0.12,Matches
Obite N'Dicka\Obite-NDicka,fr FRA,DF,Eint Frankfurt,21-252,1999,21,1890,21,2,1,2,0,0,10,0,0.1,0.05,0.14,0.1,0.14,Matches
Matija Nastasi?\Matija-Nastasic,rs SRB,DF,Schalke 04,28-032,1993,15,1221,13.6,0,0,0,0,0,2,0,0,0,0,0,0,Matches
Paul Nebel\Paul-Nebel,de GER,MF,Mainz 05,18-201,2002,4,51,0.6,0,0,0,0,0,0,0,0,0,0,0,0,Matches
Luca Netz\Luca-Netz,de GER,DF,Hertha BSC,17-349,2003,11,309,3.4,1,0,1,0,0,0,0,0.29,0,0.29,0.29,0.29,Matches
Manuel Neuer\Manuel-Neuer,de GER,GK,Bayern Munich,35-033,1986,31,2790,31,0,0,0,0,0,1,0,0,0,0,0,0,Matches
Florian Neuhaus\Florian-Neuhaus,de GER,MF,M'Gladbach,24-044,1997,30,2365,26.3,5,5,5,0,0,8,0,0.19,0.19,0.38,0.19,0.38,Matches
Jessic Ngankam\Jessic-Ngankam,de GER,FW,Hertha BSC,20-283,2000,12,130,1.4,1,0,1,0,0,1,0,0.69,0,0.69,0.69,0.69,Matches
Moussa Niakhate\Moussa-Niakhate,fr FRA,DF,Mainz 05,25-052,1996,28,2506,27.8,3,1,2,1,1,10,1,0.11,0.04,0.14,0.07,0.11,Matches
Florian Niederlechner\Florian-Niederlechner,de GER,FW,Augsburg,30-187,1990,25,1498,16.6,3,4,3,0,0,3,1,0.18,0.24,0.42,0.18,0.42,Matches
Joakim Nilsson\Joakim-Nilsson,se SWE,DF,Arminia,27-082,1994,22,1892,21,0,0,0,0,0,1,0,0,0,0,0,0,Matches
Christopher Nkunku\Christopher-Nkunku,fr FRA,FWMF,RB Leipzig,23-166,1997,26,1765,19.6,6,5,6,0,0,2,0,0.31,0.25,0.56,0.31,0.56,Matches
Håvard Nordtveit\Havard-Nordtveit,no NOR,DF,Hoffenheim,30-312,1990,12,700,7.8,0,0,0,0,0,1,0,0,0,0,0,0,Matches
Kasim Nuhu\Kasim-Nuhu,gh GHA,DF,Hoffenheim,25-311,1995,12,987,11,0,0,0,0,0,0,0,0,0,0,0,0,Matches
Bastian Oczipka\Bastian-Oczipka,de GER,DF,Schalke 04,32-107,1989,23,1562,17.4,0,1,0,0,0,1,0,0,0.06,0.06,0,0.06,Matches
Masaya Okugawa\Masaya-Okugawa,jp JPN,MFFW,Arminia,25-015,1996,10,676,7.5,1,0,1,0,0,0,0,0.13,0,0.13,0.13,0.13,Matches
Dani Olmo\Dani-Olmo,es ESP,MFFW,RB Leipzig,22-357,1998,31,2104,23.4,4,9,3,1,1,1,0,0.17,0.38,0.56,0.13,0.51,Matches
Karim Onisiwo\Karim-Onisiwo,at AUT,FW,Mainz 05,29-043,1992,27,1522,16.9,3,0,3,0,0,2,0,0.18,0,0.18,0.18,0.18,Matches
Willi Orban\Willi-Orban,hu HUN,DF,RB Leipzig,28-177,1992,26,2093,23.3,4,1,4,0,0,4,0,0.17,0.04,0.22,0.17,0.22,Matches
Stefan Ortega\Stefan-Ortega,de GER,GK,Arminia,28-174,1992,31,2790,31,0,1,0,0,0,1,0,0,0.03,0.03,0,0.03,Matches
Yuya Osako\Yuya-Osako,jp JPN,FWMF,Werder Bremen,30-346,1990,21,682,7.6,0,1,0,0,0,3,0,0,0.13,0.13,0,0.13,Matches
Paulo Otávio\Paulo-Otavio,br BRA,DF,Wolfsburg,26-157,1994,20,1476,16.4,0,1,0,0,0,7,1,0,0.06,0.06,0,0.06,Matches
Reece Oxford\Reece-Oxford,eng ENG,DF,Augsburg,22-134,1998,21,1088,12.1,0,0,0,0,0,2,0,0,0,0,0,0,Matches
Salih Özcan\Salih-Ozcan,de GER,MFFW,Köln,23-108,1998,25,1258,14,0,1,0,0,0,3,0,0,0.07,0.07,0,0.07,Matches
Levin Öztunal?\Levin-Oztunali,de GER,DFFW,Mainz 05,25-045,1996,15,734,8.2,1,2,1,0,0,0,0,0.12,0.25,0.37,0.12,0.37,Matches
Gonçalo Paciência\Goncalo-Paciencia,pt POR,FW,Schalke 04,26-271,1994,12,639,7.1,1,0,1,0,0,2,0,0.14,0,0.14,0.14,0.14,Matches
Exequiel Palacios\Exequiel-Palacios,ar ARG,MF,Leverkusen,22-206,1998,8,492,5.5,0,0,0,0,0,1,0,0,0,0,0,0,Matches
Matondo-Merveille Papela\Matondo-Merveille-Papela,de GER,DF,Mainz 05,20-101,2001,1,2,0,0,0,0,0,0,0,0,0,0,0,0,0,Matches
Felix Passlack\Felix-Passlack,de GER,DF,Dortmund,22-335,1998,6,346,3.8,1,0,1,0,0,0,0,0.26,0,0.26,0.26,0.26,Matches
Benjamin Pavard\Benjamin-Pavard,fr FRA,DF,Bayern Munich,25-032,1996,22,1763,19.6,0,0,0,0,0,3,0,0,0,0,0,0,Matches
Ji?í Pavlenka\Jiri-Pavlenka,cz CZE,GK,Werder Bremen,29-015,1992,31,2790,31,0,0,0,0,0,2,0,0,0,0,0,0,Matches
Mads Pedersen\Mads-Pedersen,dk DEN,DF,Augsburg,24-240,1996,13,835,9.3,0,0,0,0,0,1,0,0,0,0,0,0,Matches
Peter Pekarík\Peter-Pekarik,sk SVK,DF,Hertha BSC,34-181,1986,20,1422,15.8,2,1,2,0,0,4,0,0.13,0.06,0.19,0.13,0.19,Matches
Philipp Pentke\Philipp-Pentke,de GER,GK,Hoffenheim,35-363,1985,1,90,1,0,0,0,0,0,0,0,0,0,0,0,0,Matches
Pavao Pervan\Pavao-Pervan,at AUT,GK,Wolfsburg,33-167,1987,1,90,1,0,0,0,0,0,0,0,0,0,0,0,0,Matches
Nils Petersen\Nils-Petersen,de GER,FW,Freiburg,32-144,1988,28,1087,12.1,7,0,6,1,1,0,0,0.58,0,0.58,0.5,0.5,Matches
Maximilian Philipp\Maximilian-Philipp,de GER,MF,Wolfsburg,27-059,1994,21,862,9.6,3,2,3,0,0,2,0,0.31,0.21,0.52,0.31,0.52,Matches
Krzysztof Pi?tek\Krzysztof-Piatek,pl POL,FW,Hertha BSC,25-302,1995,28,1429,15.9,6,1,6,0,1,4,0,0.38,0.06,0.44,0.38,0.44,Matches
Amos Pieper\Amos-Pieper,de GER,DF,Arminia,23-102,1998,27,2412,26.8,1,1,1,0,0,6,0,0.04,0.04,0.07,0.04,0.07,Matches
?ukasz Piszczek\Lukasz-Piszczek,pl POL,DF,Dortmund,35-330,1985,9,291,3.2,0,0,0,0,0,0,0,0,0,0,0,0,Matches
Marvin Plattenhardt\Marvin-Plattenhardt,de GER,DF,Hertha BSC,29-093,1992,13,845,9.4,0,0,0,0,0,1,0,0,0,0,0,0,Matches
Alassane Pléa\Alassane-Plea,fr FRA,FW,M'Gladbach,28-050,1993,27,1681,18.7,6,1,6,0,0,2,0,0.32,0.05,0.37,0.32,0.37,Matches
Joel Pohjanpalo\Joel-Pohjanpalo,fi FIN,MF,Leverkusen,26-228,1994,1,6,0.1,0,0,0,0,0,0,0,0,0,0,0,0,Matches
Joel Pohjanpalo\Joel-Pohjanpalo,fi FIN,FW,Union Berlin,26-228,1994,17,725,8.1,5,0,5,0,0,0,0,0.62,0,0.62,0.62,0.62,Matches
Marin Pongra?i?\Marin-Pongracic,hr CRO,DF,Wolfsburg,23-230,1997,10,575,6.4,0,0,0,0,0,2,1,0,0,0,0,0,Matches
Stefan Posch\Stefan-Posch,at AUT,DF,Hoffenheim,23-350,1997,23,1849,20.5,0,0,0,0,0,11,1,0,0,0,0,0,Matches
Yussuf Poulsen\Yussuf-Poulsen,dk DEN,FW,RB Leipzig,26-318,1994,25,1227,13.6,5,4,5,0,0,1,0,0.37,0.29,0.66,0.37,0.66,Matches
Manuel Prietl\Manuel-Prietl,at AUT,MF,Arminia,29-269,1991,25,2247,25,1,1,1,0,0,2,0,0.04,0.04,0.08,0.04,0.08,Matches
Grischa Prömel\Grischa-Promel,de GER,MF,Union Berlin,26-110,1995,24,1816,20.2,3,1,3,0,0,7,0,0.15,0.05,0.2,0.15,0.2,Matches
Robin Quaison\Robin-Quaison,se SWE,FWMF,Mainz 05,27-202,1993,24,1299,14.4,4,1,4,0,0,1,0,0.28,0.07,0.35,0.28,0.35,Matches
Nemanja Radonji?\Nemanja-Radonjic,rs SRB,FWDF,Hertha BSC,25-073,1996,6,200,2.2,0,0,0,0,0,0,0,0,0,0,0,0,Matches
Benito Raman\Benito-Raman,be BEL,FWMF,Schalke 04,26-173,1994,23,1213,13.5,2,0,2,0,0,2,0,0.15,0,0.15,0.15,0.15,Matches
Milot Rashica\Milot-Rashica,xk KVX,FWMF,Werder Bremen,24-305,1996,21,1369,15.2,2,2,1,1,1,0,0,0.13,0.13,0.26,0.07,0.2,Matches
Daishawn Redan\Daishawn-Redan,nl NED,MFFW,Hertha BSC,20-086,2001,6,70,0.8,0,0,0,0,0,0,0,0,0,0,0,0,Matches
Reinier\Reinier,br BRA,MFFW,Dortmund,19-100,2002,12,172,1.9,1,0,1,0,0,0,0,0.52,0,0.52,0.52,0.52,Matches
Rocco Reitz\Rocco-Reitz,de GER,MF,M'Gladbach,18-335,2002,2,60,0.7,0,0,0,0,0,1,0,0,0,0,0,0,Matches
Marco Reus\Marco-Reus,de GER,MFFW,Dortmund,31-333,1989,29,2044,22.7,5,6,5,0,2,1,0,0.22,0.26,0.48,0.22,0.48,Matches
Elvis Rexhbeçaj\Elvis-Rexhbecaj,de GER,MFFW,Köln,23-179,1997,29,1763,19.6,5,2,5,0,0,4,0,0.26,0.1,0.36,0.26,0.36,Matches
Gio Reyna\Gio-Reyna,us USA,FWMF,Dortmund,18-167,2002,29,1808,20.1,4,5,4,0,0,1,0,0.2,0.25,0.45,0.2,0.45,Matches
Chris Richards\Chris-Richards,us USA,DF,Bayern Munich,21-032,2000,3,89,1,0,1,0,0,0,0,0,0,1.01,1.01,0,1.01,Matches
Chris Richards\Chris-Richards,us USA,DF,Hoffenheim,21-032,2000,11,944,10.5,0,1,0,0,0,1,0,0,0.1,0.1,0,0.1,Matches
Marco Richter\Marco-Richter,de GER,FWMF,Augsburg,23-156,1997,26,1206,13.4,3,1,3,0,0,3,1,0.22,0.07,0.3,0.22,0.3,Matches
Marc Roca\Marc-Roca,es ESP,MF,Bayern Munich,24-154,1996,5,147,1.6,0,0,0,0,0,1,0,0,0,0,0,0,Matches
Sebastian Rode\Sebastian-Rode,de GER,MF,Eint Frankfurt,30-200,1990,25,1571,17.5,1,0,1,0,0,10,0,0.06,0,0.06,0.06,0.06,Matches
Jérôme Roussillon\Jerome-Roussillon,fr FRA,DF,Wolfsburg,28-113,1993,17,1219,13.5,0,2,0,0,0,0,0,0,0.15,0.15,0,0.15,Matches
Sebastian Rudy\Sebastian-Rudy,de GER,DF,Schalke 04,31-060,1990,2,180,2,0,0,0,0,0,0,0,0,0,0,0,0,Matches
Sebastian Rudy\Sebastian-Rudy,de GER,MFDF,Hoffenheim,31-060,1990,23,1643,18.3,1,3,1,0,0,4,0,0.05,0.16,0.22,0.05,0.22,Matches
Georginio Rutter\Georginio-Rutter,fr FRA,FWMF,Hoffenheim,19-009,2002,7,206,2.3,1,0,1,0,0,0,0,0.44,0,0.44,0.44,0.44,Matches
Julian Ryerson\Julian-Ryerson,no NOR,DF,Union Berlin,23-163,1997,22,972,10.8,0,2,0,0,0,2,0,0,0.19,0.19,0,0.19,Matches
Frederik Rønnow\Frederik-Ronnow,dk DEN,GK,Schalke 04,28-268,1992,11,945,10.5,0,0,0,0,0,0,0,0,0,0,0,0,Matches
João Victor Santos Sá\Joao-Victor-Santos-Sa,br BRA,FW,Wolfsburg,27-033,1994,19,434,4.8,0,1,0,0,0,0,0,0,0.21,0.21,0,0.21,Matches
Marcel Sabitzer\Marcel-Sabitzer,at AUT,MF,RB Leipzig,27-043,1994,24,1756,19.5,7,2,4,3,3,6,0,0.36,0.1,0.46,0.21,0.31,Matches
Roland Sallai\Roland-Sallai,hu HUN,MFFW,Freiburg,23-342,1997,25,1462,16.2,8,3,7,1,1,3,0,0.49,0.18,0.68,0.43,0.62,Matches
Lazar Samardzic\Lazar-Samardzic,de GER,MFFW,RB Leipzig,19-064,2002,7,200,2.2,0,1,0,0,0,0,0,0,0.45,0.45,0,0.45,Matches
Diadie Samassékou\Diadie-Samassekou,ml MLI,MF,Hoffenheim,25-108,1996,28,2328,25.9,0,2,0,0,0,3,0,0,0.08,0.08,0,0.08,Matches
Jadon Sancho\Jadon-Sancho,eng ENG,FWMF,Dortmund,21-035,2000,23,1861,20.7,6,9,5,1,1,0,0,0.29,0.44,0.73,0.24,0.68,Matches
Leroy Sané\Leroy-Sane,de GER,FWMF,Bayern Munich,25-108,1996,29,1672,18.6,4,9,4,0,0,2,0,0.22,0.48,0.7,0.22,0.7,Matches
Salif Sané\Salif-Sane,sn SEN,DF,Schalke 04,30-247,1990,11,801,8.9,0,0,0,0,0,5,0,0,0,0,0,0,Matches
Mohamed Sankoh\Mohamed-Sankoh,nl NED,FW,Stuttgart,17-195,2003,1,17,0.2,0,0,0,0,0,0,0,0,0,0,0,0,Matches
Baptiste Santamaria\Baptiste-Santamaria,fr FRA,MF,Freiburg,26-051,1995,26,2000,22.2,1,2,1,0,0,5,0,0.05,0.09,0.14,0.05,0.14,Matches
Josh Sargent\Josh-Sargent,us USA,FWMF,Werder Bremen,21-068,2000,29,2267,25.2,5,2,5,0,0,6,0,0.2,0.08,0.28,0.2,0.28,Matches
Bouna Sarr\Bouna-Sarr,gn GUI,DF,Bayern Munich,29-088,1992,7,433,4.8,0,1,0,0,0,1,0,0,0.21,0.21,0,0.21,Matches
Patrik Schick\Patrik-Schick,cz CZE,FW,Leverkusen,25-095,1996,26,1668,18.5,9,1,9,0,0,3,0,0.49,0.05,0.54,0.49,0.54,Matches
Sven Schipplock\Sven-Schipplock,de GER,FWMF,Arminia,32-172,1988,29,724,8,1,0,1,0,0,4,0,0.12,0,0.12,0.12,0.12,Matches
Xaver Schlager\Xaver-Schlager,at AUT,MF,Wolfsburg,23-213,1997,29,2364,26.3,2,4,2,0,0,6,0,0.08,0.15,0.23,0.08,0.23,Matches
Keven Schlotterbeck\Keven-Schlotterbeck,de GER,DF,Freiburg,24-001,1997,22,1602,17.8,0,0,0,0,0,3,0,0,0,0,0,0,Matches
Nico Schlotterbeck\Nico-Schlotterbeck,de GER,DF,Union Berlin,21-149,1999,13,1038,11.5,1,0,1,0,0,3,1,0.09,0,0.09,0.09,0.09,Matches
Jonathan Schmid\Jonathan-Schmid,fr FRA,DFMF,Freiburg,30-307,1990,27,2150,23.9,1,2,1,0,0,4,0,0.04,0.08,0.13,0.04,0.13,Matches
Romano Schmid\Romano-Schmid,at AUT,FWMF,Werder Bremen,21-092,2000,21,1087,12.1,0,2,0,0,0,2,0,0,0.17,0.17,0,0.17,Matches
Benno Schmitz\Benno-Schmitz,de GER,DF,Köln,26-163,1994,10,253,2.8,0,1,0,0,0,0,0,0,0.36,0.36,0,0.36,Matches
Alessandro Schöpf\Alessandro-Schopf,at AUT,FWMF,Schalke 04,27-081,1994,18,870,9.7,0,0,0,0,0,0,0,0,0,0,0,0,Matches
Nico Schulz\Nico-Schulz,de GER,DF,Dortmund,28-028,1993,11,513,5.7,0,0,0,0,0,1,0,0,0,0,0,0,Matches
Alexander Schwolow\Alexander-Schwolow,de GER,GK,Hertha BSC,28-331,1992,20,1800,20,0,0,0,0,0,0,0,0,0,0,0,0,Matches
Christopher Scott\Christopher-Scott,de GER,FWMF,Bayern Munich,18-326,2002,2,34,0.4,0,0,0,0,0,0,0,0,0,0,0,0,Matches
Davie Selke\Davie-Selke,de GER,FW,Werder Bremen,26-099,1995,20,602,6.7,3,1,2,1,1,4,0,0.45,0.15,0.6,0.3,0.45,Matches
Suat Serdar\Suat-Serdar,de GER,MF,Schalke 04,24-018,1997,24,1886,21,1,2,1,0,0,2,0,0.05,0.1,0.14,0.05,0.14,Matches
Ryan Sessegnon\Ryan-Sessegnon,eng ENG,DF,Hoffenheim,20-346,2000,20,1355,15.1,2,2,2,0,0,4,0,0.13,0.13,0.27,0.13,0.27,Matches
Nils Seufert\Nils-Seufert,de GER,MFFW,Arminia,24-085,1997,13,343,3.8,0,1,0,0,0,1,0,0,0.26,0.26,0,0.26,Matches
André Silva\Andre-Silva,pt POR,FW,Eint Frankfurt,25-174,1995,29,2490,27.7,25,6,19,6,6,1,0,0.9,0.22,1.12,0.69,0.9,Matches
Jóan Símun Edmundsson\Joan-Simun-Edmundsson,fo FRO,MFFW,Arminia,29-277,1991,5,58,0.6,1,0,1,0,0,0,0,1.55,0,1.55,1.55,1.55,Matches
Daley Sinkgraven\Daley-Sinkgraven,nl NED,DF,Leverkusen,25-299,1995,21,1525,16.9,0,0,0,0,0,3,0,0,0,0,0,0,Matches
Tobias Sippel\Tobias-Sippel,de GER,GK,M'Gladbach,33-038,1988,4,344,3.8,0,0,0,0,0,0,0,0,0,0,0,0,Matches
Ellyes Skhiri\Ellyes-Skhiri,tn TUN,MF,Köln,25-354,1995,30,2620,29.1,5,2,5,0,0,4,0,0.17,0.07,0.24,0.17,0.24,Matches
Robert Skov\Robert-Skov,dk DEN,FWDF,Hoffenheim,24-344,1996,20,995,11.1,1,0,1,0,0,0,1,0.09,0,0.09,0.09,0.09,Matches
Steven Skrzybski\Steven-Skrzybski,de GER,FW,Schalke 04,28-162,1992,9,369,4.1,0,0,0,0,1,2,0,0,0,0,0,0,Matches
Yann Sommer\Yann-Sommer,ch SUI,GK,M'Gladbach,32-133,1988,28,2442,27.1,0,0,0,0,0,1,1,0,0,0,0,0,Matches
Borna Sosa\Borna-Sosa,hr CRO,DF,Stuttgart,23-098,1998,23,1800,20,0,9,0,0,0,2,0,0,0.45,0.45,0,0.45,Matches
Cebio Soukou\Cebio-Soukou,bj BEN,FWMF,Arminia,28-209,1992,12,445,4.9,1,0,1,0,0,2,0,0.2,0,0.2,0.2,0.2,Matches
Djibril Sow\Djibril-Sow,ch SUI,MF,Eint Frankfurt,24-082,1997,26,2049,22.8,0,2,0,0,0,6,0,0,0.09,0.09,0,0.09,Matches
Jerry St. Juste\Jerry-St-Juste,nl NED,DF,Mainz 05,24-192,1996,28,2520,28,0,1,0,0,0,4,0,0,0.04,0.04,0,0.04,Matches
Benjamin Stambouli\Benjamin-Stambouli,fr FRA,MFDF,Schalke 04,30-259,1990,24,1956,21.7,0,2,0,0,0,5,0,0,0.09,0.09,0,0.09,Matches
Josip Staniši?\Josip-Stanisic,de GER,DF,Bayern Munich,21-027,2000,1,90,1,0,0,0,0,0,0,0,0,0,0,0,0,Matches
Niklas Stark\Niklas-Stark,de GER,DFMF,Hertha BSC,26-015,1995,28,2510,27.9,0,0,0,0,0,2,0,0,0,0,0,0,Matches
Renato Steffen\Renato-Steffen,ch SUI,FWMF,Wolfsburg,29-177,1991,21,1566,17.4,5,4,5,0,0,3,0,0.29,0.23,0.52,0.29,0.52,Matches
Pascal Stenzel\Pascal-Stenzel,de GER,DF,Stuttgart,25-040,1996,21,1128,12.5,0,0,0,0,0,3,1,0,0,0,0,0,Matches
Lars Stindl\Lars-Stindl,de GER,MFFW,M'Gladbach,32-246,1988,27,1776,19.7,12,6,6,6,7,6,0,0.61,0.3,0.91,0.3,0.61,Matches
Kevin Stöger\Kevin-Stoger,at AUT,MFFW,Mainz 05,27-245,1993,18,519,5.8,3,0,3,0,0,3,0,0.52,0,0.52,0.52,0.52,Matches
Tobias Strobl\Tobias-Strobl,de GER,MF,Augsburg,30-352,1990,29,1846,20.5,0,0,0,0,0,4,0,0,0,0,0,0,Matches
Marek Suchý\Marek-Suchy,cz CZE,DF,Augsburg,33-031,1988,4,259,2.9,0,0,0,0,0,1,0,0,0,0,0,0,Matches
Niklas Süle\Niklas-Sule,de GER,DF,Bayern Munich,25-238,1995,19,1434,15.9,1,0,1,0,0,1,0,0.06,0,0.06,0.06,0.06,Matches
Ádám Szalai\Adam-Szalai,hu HUN,FW,Mainz 05,33-141,1987,15,623,6.9,1,0,1,0,0,1,0,0.14,0,0.14,0.14,0.14,Matches
Frederik Sørensen\Frederik-Sorensen,dk DEN,DF,Köln,29-015,1992,3,99,1.1,0,0,0,0,0,2,0,0,0,0,0,0,Matches
Alexander Sørloth\Alexander-Sorloth,no NOR,FW,RB Leipzig,25-145,1995,28,1437,16,5,3,5,0,1,2,0,0.31,0.19,0.5,0.31,0.5,Matches
Jonathan Tah\Jonathan-Tah,de GER,DF,Leverkusen,25-077,1996,24,1949,21.7,1,0,1,0,0,3,0,0.05,0,0.05,0.05,0.05,Matches
Edmond Tapsoba\Edmond-Tapsoba,bf BFA,DF,Leverkusen,22-086,1999,29,2472,27.5,1,0,1,0,0,4,0,0.04,0,0.04,0.04,0.04,Matches
Niklas Tauer\Niklas-Tauer,de GER,MFDF,Mainz 05,20-071,2001,5,69,0.8,0,0,0,0,0,0,0,0,0,0,0,0,Matches
Lino Tempelmann\Lino-Tempelmann,de GER,MFDF,Freiburg,22-086,1999,10,270,3,0,0,0,0,0,2,0,0,0,0,0,0,Matches
Cedric Teuchert\Cedric-Teuchert,de GER,FWMF,Union Berlin,24-105,1997,23,727,8.1,3,1,3,0,0,2,0,0.37,0.12,0.5,0.37,0.5,Matches
Malick Thiaw\Malick-Thiaw,de GER,DF,Schalke 04,19-264,2001,19,1452,16.1,1,0,1,0,0,5,1,0.06,0,0.06,0.06,0.06,Matches
Jan Thielmann\Jan-Thielmann,de GER,FWMF,Köln,18-338,2002,21,949,10.5,2,2,2,0,0,0,0,0.19,0.19,0.38,0.19,0.38,Matches
Erik Thommy\Erik-Thommy,de GER,FWDF,Stuttgart,26-252,1994,6,224,2.5,0,2,0,0,0,0,0,0,0.8,0.8,0,0.8,Matches
Marcus Thuram\Marcus-Thuram,fr FRA,FW,M'Gladbach,23-266,1997,26,1523,16.9,7,3,7,0,0,3,1,0.41,0.18,0.59,0.41,0.59,Matches
Steffen Tigges\Steffen-Tigges,de GER,FW,Dortmund,22-272,1998,6,56,0.6,0,0,0,0,0,0,0,0,0,0,0,0,Matches
Guus Til\Guus-Til,nl NED,FW,Freiburg,23-128,1997,6,121,1.3,0,0,0,0,0,1,0,0,0,0,0,0,Matches
Corentin Tolisso\Corentin-Tolisso,fr FRA,MF,Bayern Munich,26-269,1994,14,733,8.1,1,0,1,0,0,1,1,0.12,0,0.12,0.12,0.12,Matches
Ömer Toprak\Omer-Toprak,tr TUR,DF,Werder Bremen,31-282,1989,24,1807,20.1,2,0,2,0,0,1,0,0.1,0,0.1,0.1,0.1,Matches
Jordan Torunarigha\Jordan-Torunarigha,de GER,DF,Hertha BSC,23-265,1997,10,774,8.6,0,0,0,0,0,3,0,0,0,0,0,0,Matches
Almamy Touré\Almamy-Toure,ml MLI,DF,Eint Frankfurt,25-001,1996,16,694,7.7,0,1,0,0,0,2,0,0,0.13,0.13,0,0.13,Matches
Lucas Tousart\Lucas-Tousart,fr FRA,MF,Hertha BSC,24-000,1997,23,1868,20.8,0,0,0,0,0,5,0,0,0,0,0,0,Matches
Ibrahima Traoré\Ibrahima-Traore,gn GUI,FWDF,M'Gladbach,33-008,1988,7,98,1.1,0,0,0,0,0,0,0,0,0,0,0,0,Matches
Kevin Trapp\Kevin-Trapp,de GER,GK,Eint Frankfurt,30-295,1990,31,2790,31,0,0,0,0,0,0,0,0,0,0,0,0,Matches
Christopher Trimmel\Christopher-Trimmel,at AUT,DF,Union Berlin,34-064,1987,28,2343,26,1,8,1,0,0,8,0,0.04,0.31,0.35,0.04,0.35,Matches
Tuta\Tuta,br BRA,DF,Eint Frankfurt,21-299,1999,16,1296,14.4,0,0,0,0,0,5,0,0,0,0,0,0,Matches
Dayot Upamecano\Dayot-Upamecano,fr FRA,DF,RB Leipzig,22-184,1998,26,2122,23.6,1,0,1,0,0,6,0,0.04,0,0.04,0.04,0.04,Matches
Mark Uth\Mark-Uth,de GER,FWMF,Schalke 04,29-248,1991,18,1365,15.2,2,1,2,0,0,4,0,0.13,0.07,0.2,0.13,0.2,Matches
Ruben Vargas\Ruben-Vargas,ch SUI,MFFW,Augsburg,22-267,1998,28,1533,17,6,3,6,0,0,2,0,0.35,0.18,0.53,0.35,0.53,Matches
Miloš Veljkovi?\Milos-Veljkovic,rs SRB,DF,Werder Bremen,25-215,1995,22,1633,18.1,0,0,0,0,0,1,0,0,0,0,0,0,Matches
Michel Vlap\Michel-Vlap,nl NED,MFFW,Arminia,23-331,1997,7,371,4.1,1,1,1,0,0,0,0,0.24,0.24,0.49,0.24,0.49,Matches
Andreas Voglsammer\Andreas-Voglsammer,de GER,FWMF,Arminia,29-110,1992,15,754,8.4,1,1,1,0,0,1,0,0.12,0.12,0.24,0.12,0.24,Matches
Kevin Vogt\Kevin-Vogt,de GER,DF,Hoffenheim,29-218,1991,22,1726,19.2,0,1,0,0,0,6,0,0,0.05,0.05,0,0.05,Matches
Silas Wamangituka\Silas-Wamangituka,cd COD,DFFW,Stuttgart,21-205,1999,25,1919,21.3,11,4,8,3,3,6,0,0.52,0.19,0.7,0.38,0.56,Matches
Wout Weghorst\Wout-Weghorst,nl NED,FW,Wolfsburg,28-265,1992,31,2671,29.7,20,7,18,2,3,3,0,0.67,0.24,0.91,0.61,0.84,Matches
Mitchell Weiser\Mitchell-Weiser,de GER,DF,Leverkusen,27-008,1994,5,226,2.5,1,0,1,0,0,0,0,0.4,0,0.4,0.4,0.4,Matches
Wendell\Wendell,br BRA,DF,Leverkusen,27-283,1993,19,1232,13.7,0,0,0,0,0,3,0,0,0,0,0,0,Matches
Oscar Wendt\Oscar-Wendt,se SWE,DF,M'Gladbach,35-187,1985,20,1215,13.5,1,1,1,0,0,3,0,0.07,0.07,0.15,0.07,0.15,Matches
William\William,br BRA,FW,Wolfsburg,26-026,1995,2,2,0,0,0,0,0,0,0,0,0,0,0,0,0,Matches
William\William,br BRA,DFFW,Schalke 04,26-026,1995,8,474,5.3,0,0,0,0,0,2,0,0,0,0,0,0,Matches
Florian Wirtz\Florian-Wirtz,de GER,MF,Leverkusen,17-361,2003,26,1980,22,4,6,4,0,0,1,0,0.18,0.27,0.45,0.18,0.45,Matches
Axel Witsel\Axel-Witsel,be BEL,MF,Dortmund,32-107,1989,15,1130,12.6,0,0,0,0,0,4,0,0,0,0,0,0,Matches
Hannes Wolf\Hannes-Wolf,at AUT,FWMF,M'Gladbach,22-013,1999,29,1243,13.8,3,1,3,0,0,0,0,0.22,0.07,0.29,0.22,0.29,Matches
Marius Wolf\Marius-Wolf,de GER,DFMF,Köln,25-337,1995,28,2389,26.5,2,2,2,0,0,3,0,0.08,0.08,0.15,0.08,0.15,Matches
Nick Woltemade\Nick-Woltemade,de GER,MFFW,Werder Bremen,19-074,2002,6,147,1.6,0,1,0,0,0,1,0,0,0.61,0.61,0,0.61,Matches
Jeong Woo-yeong\Jeong-Woo-yeong,kr KOR,FWMF,Freiburg,21-221,1999,23,775,8.6,3,0,3,0,0,0,0,0.35,0,0.35,0.35,0.35,Matches
Joscha Wosz\Joscha-Wosz,de GER,DFFW,RB Leipzig,18-283,2002,2,34,0.4,0,0,0,0,0,0,0,0,0,0,0,0,Matches
Reinhold Yabo\Reinhold-Yabo,de GER,MFFW,Arminia,29-078,1992,13,647,7.2,1,0,1,0,0,1,0,0.14,0,0.14,0.14,0.14,Matches
Amin Younes\Amin-Younes,de GER,MFFW,Eint Frankfurt,27-266,1993,24,1299,14.4,3,2,3,0,0,5,0,0.21,0.14,0.35,0.21,0.35,Matches
Dan-Axel Zagadou\Dan-Axel-Zagadou,fr FRA,DF,Dortmund,21-330,1999,9,276,3.1,0,0,0,0,0,0,0,0,0,0,0,0,Matches
Denis Zakaria\Denis-Zakaria,ch SUI,MFDF,M'Gladbach,24-160,1996,22,1226,13.6,1,1,1,0,0,3,0,0.07,0.07,0.15,0.07,0.15,Matches
Deyovaisio Zeefuik\Deyovaisio-Zeefuik,nl NED,DFMF,Hertha BSC,23-049,1998,18,772,8.6,1,0,1,0,0,4,1,0.12,0,0.12,0.12,0.12,Matches
Robin Zentner\Robin-Zentner,de GER,GK,Mainz 05,26-183,1994,29,2610,29,0,0,0,0,0,2,0,0,0,0,0,0,Matches
Ron-Robert Zieler\Ron-Robert-Zieler,de GER,GK,Köln,32-076,1989,1,51,0.6,0,0,0,0,0,0,0,0,0,0,0,0,Matches
Joshua Zirkzee\Joshua-Zirkzee,nl NED,FW,Bayern Munich,19-342,2001,3,92,1,0,0,0,0,0,0,0,0,0,0,0,0,Matches
Steven Zuber\Steven-Zuber,ch SUI,DF,Eint Frankfurt,29-255,1991,17,497,5.5,0,3,0,0,0,1,0,0,0.54,0.54,0,0.54,Matches
