Player,Nation,Pos,Squad,Age,Born,MP,Min,90s,Gls,Ast,G-PK,PK,PKatt,CrdY,CrdR,Gls,Ast,G+A,G-PK,G+A-PK,Matches
Gennaro Acampora\Gennaro-Acampora,it ITA,MFFW,Spezia,27-032,1994,12,420,4.7,0,0,0,0,0,2,0,0,0,0,0,0,Matches
Francesco Acerbi\Francesco-Acerbi,it ITA,DF,Lazio,33-079,1988,29,2547,28.3,0,1,0,0,0,5,0,0,0.04,0.04,0,0.04,Matches
Andrea Adorante\Andrea-Adorante,it ITA,FW,Parma,21-084,2000,1,10,0.1,0,0,0,0,0,0,0,0,0,0,0,0,Matches
Lucien Agoume\Lucien-Agoume,fr FRA,MF,Spezia,19-080,2002,11,730,8.1,0,0,0,0,0,2,0,0,0,0,0,0,Matches
Kevin Agudelo\Kevin-Agudelo,co COL,FW,Spezia,22-167,1998,24,1160,12.9,1,0,1,0,0,3,0,0.08,0,0.08,0.08,0.08,Matches
Jean-Daniel Akpa-Akpro\Jean-Daniel-Akpa-Akpro,ci CIV,MFFW,Lazio,28-201,1992,26,852,9.5,0,1,0,0,0,8,0,0,0.11,0.11,0,0.11,Matches
Luis Alberto\Luis-Alberto,es ESP,MF,Lazio,28-214,1992,29,2193,24.4,8,1,8,0,0,4,0,0.33,0.04,0.37,0.33,0.37,Matches
Bruno Alves\Bruno-Alves,pt POR,DF,Parma,39-154,1981,16,1362,15.1,0,0,0,0,0,3,0,0,0,0,0,0,Matches
Sofyan Amrabat\Sofyan-Amrabat,ma MAR,MF,Fiorentina,24-252,1996,28,2243,24.9,0,0,0,0,0,7,0,0,0,0,0,0,Matches
Djavan Anderson\Djavan-Anderson,nl NED,DF,Lazio,26-009,1995,3,72,0.8,0,0,0,0,0,0,0,0,0,0,0,0,Matches
Nícolas Andrade\Nicolas-Andrade,br BRA,GK,Udinese,33-018,1988,2,180,2,0,0,0,0,0,0,0,0,0,0,0,0,Matches
Davide Angelo Ghislandi\Davide-Angelo-Ghislandi,it ITA,DF,Atalanta,19-318,2001,1,5,0.1,0,0,0,0,0,0,0,0,0,0,0,0,Matches
Philip Ankhrah\Philip-Ankhrah,gh GHA,MF,Hellas Verona,18-215,2002,1,13,0.1,0,0,0,0,0,0,0,0,0,0,0,0,Matches
Cristian Ansaldi\Cristian-Ansaldi,ar ARG,DF,Torino,34-222,1986,25,1462,16.2,1,4,0,1,1,1,0,0.06,0.25,0.31,0,0.25,Matches
Valentin Antov\Valentin-Antov,bg BUL,DF,Bologna,20-172,2000,4,198,2.2,0,0,0,0,0,1,0,0,0,0,0,0,Matches
Tolgay Arslan\Tolgay-Arslan,de GER,MF,Udinese,30-257,1990,28,1665,18.5,3,0,3,0,0,8,0,0.16,0,0.16,0.16,0.16,Matches
Kwadwo Asamoah\Kwadwo-Asamoah,gh GHA,DF,Cagliari,32-142,1988,6,184,2,0,0,0,0,0,0,0,0,0,0,0,0,Matches
Kristoffer Askildsen\Kristoffer-Askildsen,no NOR,MF,Sampdoria,20-111,2001,5,84,0.9,0,0,0,0,0,2,0,0,0,0,0,0,Matches
Emil Audero\Emil-Audero,it ITA,GK,Sampdoria,24-102,1997,33,2970,33,0,1,0,0,0,0,0,0,0.03,0.03,0,0.03,Matches
Tommaso Augello\Tommaso-Augello,it ITA,DF,Sampdoria,26-243,1994,32,2766,30.7,1,3,1,0,0,2,1,0.03,0.1,0.13,0.03,0.13,Matches
Kaan Ayhan\Kaan-Ayhan,tr TUR,DF,Sassuolo,26-171,1994,17,766,8.5,0,0,0,0,0,3,0,0,0,0,0,0,Matches
Milan Badelj\Milan-Badelj,hr CRO,MF,Genoa,32-064,1989,27,2197,24.4,1,2,1,0,0,7,0,0.04,0.08,0.12,0.04,0.12,Matches
Tiemoué Bakayoko\Tiemoue-Bakayoko,fr FRA,MF,Napoli,26-256,1994,28,1701,18.9,2,1,2,0,0,5,1,0.11,0.05,0.16,0.11,0.16,Matches
Keita Baldé\Keita-Balde,sn SEN,FW,Sampdoria,26-053,1995,21,1004,11.2,5,1,5,0,0,4,1,0.45,0.09,0.54,0.45,0.54,Matches
Botond Balogh\Botond-Balogh,hu HUN,DF,Parma,18-328,2002,2,147,1.6,0,0,0,0,0,1,0,0,0,0,0,0,Matches
Mattia Bani\Mattia-Bani,it ITA,DF,Genoa,27-141,1993,11,921,10.2,0,0,0,0,0,4,0,0,0,0,0,0,Matches
Mattia Bani\Mattia-Bani,it ITA,DF,Parma,27-141,1993,12,959,10.7,0,0,0,0,0,5,0,0,0,0,0,0,Matches
Antonín Barák\Antonin-Barak,cz CZE,MFFW,Hellas Verona,26-148,1994,30,2445,27.2,7,2,7,0,0,4,1,0.26,0.07,0.33,0.26,0.33,Matches
Federico Barba\Federico-Barba,it ITA,DF,Benevento,27-241,1993,27,2272,25.2,0,2,0,0,0,7,0,0,0.08,0.08,0,0.08,Matches
Nicolò Barella\Nicolo-Barella,it ITA,MF,Inter,24-082,1997,32,2596,28.8,3,5,3,0,0,5,0,0.1,0.17,0.28,0.1,0.28,Matches
Antonio Barreca\Antonio-Barreca,it ITA,DF,Fiorentina,26-043,1995,3,85,0.9,0,0,0,0,0,0,0,0,0,0,0,0,Matches
Musa Barrow\Musa-Barrow,gm GAM,FWMF,Bologna,22-167,1998,33,2562,28.5,8,8,8,0,1,0,0,0.28,0.28,0.56,0.28,0.56,Matches
Paolo Bartolomei\Paolo-Bartolomei,it ITA,MF,Spezia,31-252,1989,6,320,3.6,0,1,0,0,0,1,0,0,0.28,0.28,0,0.28,Matches
Daniele Baselli\Daniele-Baselli,it ITA,MF,Torino,29-049,1992,10,200,2.2,0,0,0,0,0,1,0,0,0,0,0,0,Matches
Alessandro Bastoni\Alessandro-Bastoni,it ITA,DF,Inter,22-017,1999,29,2573,28.6,0,3,0,0,0,5,0,0,0.1,0.1,0,0.1,Matches
Simone Bastoni\Simone-Bastoni,it ITA,DF,Spezia,24-176,1996,20,1365,15.2,1,6,1,0,0,7,0,0.07,0.4,0.46,0.07,0.46,Matches
Bastos\Bastos,ao ANG,DF,Lazio,30-034,1991,2,63,0.7,0,0,0,0,0,0,0,0,0,0,0,0,Matches
Rodrigo Becão\Rodrigo-Becao,br BRA,DF,Udinese,25-101,1996,30,2418,26.9,1,0,1,0,0,5,0,0.04,0,0.04,0.04,0.04,Matches
Valon Behrami\Valon-Behrami,ch SUI,MF,Genoa,36-011,1985,23,720,8,0,0,0,0,0,1,0,0,0,0,0,0,Matches
Andrea Belotti\Andrea-Belotti,it ITA,FW,Torino,27-131,1993,30,2530,28.1,12,6,9,3,4,4,0,0.43,0.21,0.64,0.32,0.53,Matches
Ahmad Benali\Ahmad-Benali,ly LBY,MF,Crotone,29-082,1992,13,833,9.3,0,1,0,0,0,2,0,0,0.11,0.11,0,0.11,Matches
Ismaël Bennacer\Ismael-Bennacer,dz ALG,MF,Milan,23-150,1997,16,1033,11.5,0,1,0,0,0,2,0,0,0.09,0.09,0,0.09,Matches
Rodrigo Bentancur\Rodrigo-Bentancur,uy URU,MF,Juventus,23-329,1997,29,2085,23.2,0,4,0,0,0,6,0,0,0.17,0.17,0,0.17,Matches
Domenico Berardi\Domenico-Berardi,it ITA,FWMF,Sassuolo,26-272,1994,25,2035,22.6,14,5,9,5,5,4,0,0.62,0.22,0.84,0.4,0.62,Matches
Álex Berenguer\Alex-Berenguer,es ESP,MF,Torino,25-300,1995,2,131,1.5,0,0,0,0,0,0,0,0,0,0,0,0,Matches
Bartosz Bereszy?ski\Bartosz-Bereszynski,pl POL,DF,Sampdoria,28-292,1992,27,2247,25,1,0,1,0,0,2,0,0.04,0,0.04,0.04,0.04,Matches
Federico Bernardeschi\Federico-Bernardeschi,it ITA,DFMF,Juventus,27-073,1994,25,891,9.9,0,2,0,0,0,3,0,0,0.2,0.2,0,0.2,Matches
Daniel Bessa\Daniel-Bessa,it ITA,MFFW,Hellas Verona,28-106,1993,15,409,4.5,0,2,0,0,0,1,0,0,0.44,0.44,0,0.44,Matches
Cristiano Biraghi\Cristiano-Biraghi,it ITA,DF,Fiorentina,28-241,1992,30,2401,26.7,1,4,1,0,0,8,0,0.04,0.15,0.19,0.04,0.19,Matches
Davide Biraschi\Davide-Biraschi,it ITA,DF,Genoa,26-302,1994,12,825,9.2,0,0,0,0,0,1,0,0,0,0,0,0,Matches
Jeremie Boga\Jeremie-Boga,ci CIV,FWMF,Sassuolo,24-117,1997,23,1480,16.4,3,2,3,0,0,0,0,0.18,0.12,0.3,0.18,0.3,Matches
Giacomo Bonaventura\Giacomo-Bonaventura,it ITA,MF,Fiorentina,31-251,1989,29,1867,20.7,2,2,2,0,0,5,0,0.1,0.1,0.19,0.1,0.19,Matches
Federico Bonazzoli\Federico-Bonazzoli,it ITA,FW,Sampdoria,23-344,1997,2,131,1.5,0,1,0,0,0,0,0,0,0.69,0.69,0,0.69,Matches
Federico Bonazzoli\Federico-Bonazzoli,it ITA,FW,Torino,23-344,1997,17,455,5.1,2,2,2,0,0,2,0,0.4,0.4,0.79,0.4,0.79,Matches
Kevin Bonifazi\Kevin-Bonifazi,it ITA,DF,Udinese,24-346,1996,25,2026,22.5,0,0,0,0,0,2,0,0,0,0,0,0,Matches
Leonardo Bonucci\Leonardo-Bonucci,it ITA,DF,Juventus,33-364,1987,23,1803,20,2,0,2,0,0,4,0,0.1,0,0.1,0.1,0.1,Matches
Mehdi Bourabia\Mehdi-Bourabia,ma MAR,MF,Sassuolo,29-266,1991,12,471,5.2,1,0,1,0,0,2,0,0.19,0,0.19,0.19,0.19,Matches
Jayden Braaf\Jayden-Braaf,nl NED,FW,Udinese,18-242,2002,4,116,1.3,1,0,1,0,0,0,0,0.78,0,0.78,0.78,0.78,Matches
Gleison Bremer\Gleison-Bremer,br BRA,DF,Torino,24-043,1997,27,2395,26.6,4,0,4,0,0,1,0,0.15,0,0.15,0.15,0.15,Matches
Marcelo Brozovi?\Marcelo-Brozovic,hr CRO,MF,Inter,28-165,1992,29,2277,25.3,1,6,1,0,0,6,0,0.04,0.24,0.28,0.04,0.28,Matches
Gastón Brugman\Gaston-Brugman,uy URU,MF,Parma,28-235,1992,23,1490,16.6,1,1,1,0,0,7,0,0.06,0.06,0.12,0.06,0.12,Matches
Juan Brunetta\Juan-Brunetta,ar ARG,FWMF,Parma,23-353,1997,8,290,3.2,0,2,0,0,0,2,0,0,0.62,0.62,0,0.62,Matches
Gianluigi Buffon\Gianluigi-Buffon,it ITA,GK,Juventus,43-092,1978,7,630,7,0,0,0,0,0,0,0,0,0,0,0,0,Matches
Alessandro Buongiorno\Alessandro-Buongiorno,it ITA,DF,Torino,21-328,1999,8,560,6.2,0,0,0,0,0,3,0,0,0,0,0,0,Matches
Maxime Busi\Maxime-Busi,be BEL,DF,Parma,21-198,1999,19,825,9.2,0,0,0,0,0,3,0,0,0,0,0,0,Matches
Martín Cáceres\Martin-Caceres,uy URU,DF,Fiorentina,34-023,1987,24,1815,20.2,2,2,2,0,0,1,0,0.1,0.1,0.2,0.1,0.2,Matches
Felipe Caicedo\Felipe-Caicedo,ec ECU,FW,Lazio,32-237,1988,23,899,10,8,0,7,1,1,5,0,0.8,0,0.8,0.7,0.7,Matches
Arturo Calabresi\Arturo-Calabresi,it ITA,DFFW,Bologna,25-044,1996,1,20,0.2,0,0,0,0,0,0,0,0,0,0,0,0,Matches
Arturo Calabresi\Arturo-Calabresi,it ITA,DF,Cagliari,25-044,1996,1,4,0,0,0,0,0,0,0,0,0,0,0,0,0,Matches
Davide Calabria\Davide-Calabria,it ITA,DF,Milan,24-145,1996,27,2300,25.6,2,1,2,0,0,6,0,0.08,0.04,0.12,0.08,0.12,Matches
Riccardo Calafiori\Riccardo-Calafiori,it ITA,DF,Roma,18-346,2002,3,66,0.7,0,0,0,0,0,2,0,0,0,0,0,0,Matches
Mattia Caldara\Mattia-Caldara,it ITA,DF,Atalanta,26-360,1994,6,111,1.2,0,0,0,0,0,1,0,0,0,0,0,0,Matches
Luca Caldirola\Luca-Caldirola,it ITA,DF,Benevento,30-088,1991,21,1221,13.6,2,0,2,0,0,4,0,0.15,0,0.15,0.15,0.15,Matches
Hakan Çalhano?lu\Hakan-Calhanoglu,tr TUR,MFFW,Milan,27-081,1994,28,2192,24.4,3,8,2,1,1,4,0,0.12,0.33,0.45,0.08,0.41,Matches
Fabrizio Caligara\Fabrizio-Caligara,it ITA,MF,Cagliari,21-018,2000,10,183,2,0,0,0,0,0,2,0,0,0,0,0,0,Matches
José Callejón\Jose-Callejon,es ESP,FWMF,Fiorentina,34-078,1987,17,602,6.7,0,1,0,0,0,0,0,0,0.15,0.15,0,0.15,Matches
Antonio Candreva\Antonio-Candreva,it ITA,MF,Sampdoria,34-061,1987,30,2148,23.9,5,6,3,2,2,1,0,0.21,0.25,0.46,0.13,0.38,Matches
Gianluca Caprari\Gianluca-Caprari,it ITA,MFFW,Benevento,27-274,1993,26,1697,18.9,5,5,5,0,1,4,1,0.27,0.27,0.53,0.27,0.53,Matches
Francesco Caputo\Francesco-Caputo,it ITA,FW,Sassuolo,33-267,1987,22,1626,18.1,11,5,8,3,3,1,0,0.61,0.28,0.89,0.44,0.72,Matches
Andrea Carboni\Andrea-Carboni,it ITA,DF,Cagliari,20-085,2001,10,728,8.1,0,1,0,0,0,0,0,0,0.12,0.12,0,0.12,Matches
Giuseppe Caso\Giuseppe-Caso,it ITA,MF,Genoa,22-142,1998,1,9,0.1,0,0,0,0,0,0,0,0,0,0,0,0,Matches
Francesco Cassata\Francesco-Cassata,it ITA,DF,Genoa,23-288,1997,4,128,1.4,0,0,0,0,0,0,0,0,0,0,0,0,Matches
Samu Castillejo\Samu-Castillejo,es ESP,FW,Milan,26-102,1995,25,1041,11.6,1,0,1,0,0,4,0,0.09,0,0.09,0.09,0.09,Matches
Gaetano Castrovilli\Gaetano-Castrovilli,it ITA,MF,Fiorentina,24-072,1997,29,2097,23.3,5,3,5,0,0,6,1,0.21,0.13,0.34,0.21,0.34,Matches
Danilo Cataldi\Danilo-Cataldi,it ITA,MF,Lazio,26-267,1994,15,366,4.1,0,0,0,0,0,2,0,0,0,0,0,0,Matches
Federico Ceccherini\Federico-Ceccherini,it ITA,DF,Hellas Verona,28-354,1992,21,1453,16.1,0,0,0,0,0,8,0,0,0,0,0,0,Matches
Federico Ceccherini\Federico-Ceccherini,it ITA,DF,Fiorentina,28-354,1992,3,270,3,0,0,0,0,0,2,0,0,0,0,0,0,Matches
Luca Ceppitelli\Luca-Ceppitelli,it ITA,DF,Cagliari,31-262,1989,15,1124,12.5,0,0,0,0,0,3,0,0,0,0,0,0,Matches
Alberto Cerri\Alberto-Cerri,it ITA,FW,Cagliari,25-014,1996,18,272,3,1,0,1,0,0,1,0,0.33,0,0.33,0.33,0.33,Matches
Julian Chabot\Julian-Chabot,de GER,DF,Spezia,23-077,1998,23,1475,16.4,1,1,1,0,0,10,1,0.06,0.06,0.12,0.06,0.12,Matches
Giorgio Chiellini\Giorgio-Chiellini,it ITA,DF,Juventus,36-259,1984,14,1149,12.8,0,1,0,0,0,2,0,0,0.08,0.08,0,0.08,Matches
Federico Chiesa\Federico-Chiesa,it ITA,DF,Fiorentina,23-187,1997,3,240,2.7,1,1,1,0,0,0,0,0.37,0.37,0.75,0.37,0.75,Matches
Federico Chiesa\Federico-Chiesa,it ITA,MFDF,Juventus,23-187,1997,26,1926,21.4,7,7,7,0,0,1,1,0.33,0.33,0.65,0.33,0.65,Matches
Vlad Chiriche?\Vlad-Chiriches,ro ROU,DF,Sassuolo,31-167,1989,19,1487,16.5,2,1,2,0,0,5,0,0.12,0.06,0.18,0.12,0.18,Matches
Luca Cigarini\Luca-Cigarini,it ITA,MF,Crotone,34-314,1986,9,597,6.6,0,0,0,0,0,5,1,0,0,0,0,0,Matches
Antonio Cioffi\Antonio-Cioffi,it ITA,FW,Napoli,18-132,2002,1,12,0.1,0,0,0,0,0,0,0,0,0,0,0,0,Matches
Ebrima Colley\Ebrima-Colley,gm GAM,FWMF,Hellas Verona,21-088,2000,21,679,7.5,1,0,1,0,0,1,0,0.13,0,0.13,0.13,0.13,Matches
Omar Colley\Omar-Colley,gm GAM,DF,Sampdoria,28-188,1992,25,2231,24.8,1,0,1,0,0,6,0,0.04,0,0.04,0.04,0.04,Matches
Simone Colombi\Simone-Colombi,it ITA,GK,Parma,29-303,1991,2,180,2,0,0,0,0,0,0,0,0,0,0,0,0,Matches
Lorenzo Colombo\Lorenzo-Colombo,it ITA,FW,Milan,19-053,2002,4,94,1,0,0,0,0,0,0,0,0,0,0,0,0,Matches
Andrea Consigli\Andrea-Consigli,it ITA,GK,Sassuolo,34-093,1987,32,2880,32,0,0,0,0,0,1,0,0,0,0,0,0,Matches
Andrea Conti\Andrea-Conti,it ITA,DF,Parma,27-059,1994,10,798,8.9,0,0,0,0,0,3,0,0,0,0,0,0,Matches
Andrea Conti\Andrea-Conti,it ITA,DF,Milan,27-059,1994,3,28,0.3,0,0,0,0,0,0,0,0,0,0,0,0,Matches
Alex Cordaz\Alex-Cordaz,it ITA,GK,Crotone,38-119,1983,33,2970,33,0,0,0,0,0,1,0,0,0,0,0,0,Matches
Andreas Cornelius\Andreas-Cornelius,dk DEN,FW,Parma,28-045,1993,24,1548,17.2,1,4,1,0,0,4,0,0.06,0.23,0.29,0.06,0.29,Matches
Joaquín Correa\Joaquin-Correa,ar ARG,FW,Lazio,26-260,1994,24,1709,19,6,3,5,1,1,3,1,0.32,0.16,0.47,0.26,0.42,Matches
Angelo da Costa Júnior\Angelo-da-Costa-Junior,br BRA,GK,Bologna,37-169,1983,6,540,6,0,0,0,0,0,2,0,0,0,0,0,0,Matches
Douglas Costa\Douglas-Costa,br BRA,MFFW,Juventus,30-228,1990,2,42,0.5,0,0,0,0,0,0,0,0,0,0,0,0,Matches
Mamadou Coulibaly\Mamadou-Coulibaly,sn SEN,MF,Udinese,22-086,1999,3,184,2,0,0,0,0,0,0,0,0,0,0,0,0,Matches
Alessio Cragno\Alessio-Cragno,it ITA,GK,Cagliari,26-306,1994,29,2610,29,0,0,0,0,0,1,0,0,0,0,0,0,Matches
Domenico Criscito\Domenico-Criscito,it ITA,DF,Genoa,34-121,1986,22,1725,19.2,1,0,0,1,1,6,0,0.05,0,0.05,0,0,Matches
Bryan Cristante\Bryan-Cristante,it ITA,DFMF,Roma,26-058,1995,29,1730,19.2,1,2,1,0,0,6,0,0.05,0.1,0.16,0.05,0.16,Matches
Giovanni Crociata\Giovanni-Crociata,it ITA,DFMF,Crotone,23-262,1997,2,26,0.3,0,0,0,0,0,0,0,0,0,0,0,0,Matches
Juan Cuadrado\Juan-Cuadrado,co COL,DFMF,Juventus,32-339,1988,25,1812,20.1,0,10,0,0,0,8,1,0,0.5,0.5,0,0.5,Matches
Giuseppe Cuomo\Giuseppe-Cuomo,it ITA,DF,Crotone,23-087,1998,11,692,7.7,0,0,0,0,0,4,0,0,0,0,0,0,Matches
Patrick Cutrone\Patrick-Cutrone,it ITA,FWMF,Fiorentina,23-117,1998,11,196,2.2,0,0,0,0,0,0,0,0,0,0,0,0,Matches
Wylan Cyprien\Wylan-Cyprien,fr FRA,MF,Parma,26-092,1995,13,410,4.6,0,0,0,0,0,2,0,0,0,0,0,0,Matches
Lennart-Marten Czyborra\Lennart-Marten-Czyborra,de GER,DF,Genoa,21-362,1999,17,1173,13,1,0,1,0,0,2,0,0.08,0,0.08,0.08,0.08,Matches
Danilo D'Ambrosio\Danilo-DAmbrosio,it ITA,DF,Inter,32-233,1988,16,429,4.8,3,0,3,0,0,2,0,0.63,0,0.63,0.63,0.63,Matches
Bryan Dabo\Bryan-Dabo,bf BFA,MF,Benevento,29-071,1992,21,813,9,0,0,0,0,0,5,0,0,0,0,0,0,Matches
Diogo Dalot\Diogo-Dalot,pt POR,DF,Milan,22-043,1999,16,929,10.3,1,1,1,0,0,4,0,0.1,0.1,0.19,0.1,0.19,Matches
Mikkel Damsgaard\Mikkel-Damsgaard,dk DEN,MFFW,Sampdoria,20-301,2000,31,1622,18,2,4,2,0,0,3,0,0.11,0.22,0.33,0.11,0.33,Matches
Danilo\Danilo,br BRA,DF,Juventus,29-289,1991,30,2579,28.7,1,4,1,0,0,5,0,0.03,0.14,0.17,0.03,0.17,Matches
Andrea Danzi\Andrea-Danzi,it ITA,MFDF,Hellas Verona,22-064,1999,2,104,1.2,0,0,0,0,0,1,0,0,0,0,0,0,Matches
Matteo Darmian\Matteo-Darmian,it ITA,DF,Inter,31-149,1989,23,974,10.8,3,2,3,0,0,3,0,0.28,0.18,0.46,0.28,0.46,Matches
Matteo Darmian\Matteo-Darmian,it ITA,DF,Parma,31-149,1989,3,208,2.3,0,0,0,0,0,1,0,0,0,0,0,0,Matches
Pawe? Dawidowicz\Pawel-Dawidowicz,pl POL,DF,Hellas Verona,25-345,1995,25,1623,18,0,0,0,0,0,6,0,0,0,0,0,0,Matches
Sebastien De Maio\Sebastien-De-Maio,fr FRA,DF,Udinese,34-056,1987,14,804,8.9,0,0,0,0,0,1,0,0,0,0,0,0,Matches
Rodrigo De Paul\Rodrigo-De-Paul,ar ARG,MF,Udinese,26-341,1994,31,2773,30.8,8,7,5,3,3,4,2,0.26,0.23,0.49,0.16,0.39,Matches
Mattia De Sciglio\Mattia-De-Sciglio,it ITA,DF,Juventus,28-192,1992,1,24,0.3,0,0,0,0,0,0,0,0,0,0,0,0,Matches
Lorenzo De Silvestri\Lorenzo-De-Silvestri,it ITA,DF,Bologna,32-342,1988,26,1896,21.1,1,0,1,0,0,4,0,0.05,0,0.05,0.05,0.05,Matches
Grégoire Defrel\Gregoire-Defrel,mq MTQ,FWMF,Sassuolo,29-317,1991,23,1104,12.3,2,3,2,0,0,1,0,0.16,0.24,0.41,0.16,0.41,Matches
Alessandro Deiola\Alessandro-Deiola,it ITA,MF,Cagliari,25-272,1995,7,284,3.2,0,0,0,0,0,0,0,0,0,0,0,0,Matches
Alessandro Deiola\Alessandro-Deiola,it ITA,MF,Spezia,25-272,1995,12,360,4,0,0,0,0,0,1,0,0,0,0,0,0,Matches
Lorenzo Del Pinto\Lorenzo-Del-Pinto,it ITA,MF,Benevento,30-317,1990,1,11,0.1,0,0,0,0,0,0,0,0,0,0,0,0,Matches
Cristian Dell'Orco\Cristian-DellOrco,it ITA,DF,Spezia,27-079,1994,8,262,2.9,0,0,0,0,0,0,0,0,0,0,0,0,Matches
Merih Demiral\Merih-Demiral,tr TUR,DF,Juventus,23-056,1998,14,919,10.2,0,1,0,0,0,1,0,0,0.1,0.1,0,0.1,Matches
Diego Demme\Diego-Demme,de GER,MF,Napoli,29-160,1991,21,1403,15.6,2,3,2,0,0,5,0,0.13,0.19,0.32,0.13,0.32,Matches
Stefano Denswil\Stefano-Denswil,nl NED,DF,Bologna,27-358,1993,5,115,1.3,0,0,0,0,0,0,0,0,0,0,0,0,Matches
Fabio Depaoli\Fabio-Depaoli,it ITA,DF,Atalanta,24-006,1997,5,191,2.1,0,0,0,0,0,0,0,0,0,0,0,0,Matches
Fabio Depaoli\Fabio-Depaoli,it ITA,MF,Sampdoria,24-006,1997,2,77,0.9,0,0,0,0,0,0,0,0,0,0,0,0,Matches
Fabio Depaoli\Fabio-Depaoli,it ITA,DF,Benevento,24-006,1997,11,907,10.1,0,0,0,0,0,2,0,0,0,0,0,0,Matches
Kastriot Dermaku\Kastriot-Dermaku,al ALB,DF,Parma,29-105,1992,2,100,1.1,0,0,0,0,0,0,0,0,0,0,0,0,Matches
Kiril Despodov\Kiril-Despodov,bg BUL,FW,Cagliari,24-170,1996,1,11,0.1,0,0,0,0,0,0,0,0,0,0,0,0,Matches
Mattia Destro\Mattia-Destro,it ITA,FW,Genoa,30-041,1991,26,1449,16.1,11,1,11,0,0,5,0,0.68,0.06,0.75,0.68,0.75,Matches
Gerard Deulofeu\Gerard-Deulofeu,es ESP,FW,Udinese,27-048,1994,13,598,6.6,1,1,1,0,0,0,0,0.15,0.15,0.3,0.15,0.3,Matches
Jacopo Dezi\Jacopo-Dezi,it ITA,FWMF,Parma,29-079,1992,2,79,0.9,0,0,0,0,0,0,0,0,0,0,0,0,Matches
Samuel Di Carmine\Samuel-Di-Carmine,it ITA,FW,Hellas Verona,32-222,1988,11,500,5.6,0,0,0,0,0,1,0,0,0,0,0,0,Matches
Samuel Di Carmine\Samuel-Di-Carmine,it ITA,FW,Crotone,32-222,1988,11,475,5.3,0,0,0,0,0,1,0,0,0,0,0,0,Matches
Giovanni Di Lorenzo\Giovanni-Di-Lorenzo,it ITA,DF,Napoli,27-269,1993,31,2790,31,2,5,2,0,0,11,0,0.06,0.16,0.23,0.06,0.23,Matches
Alessandro Di Pardo\Alessandro-Di-Pardo,it ITA,MFDF,Juventus,21-286,1999,4,14,0.2,0,0,0,0,0,0,0,0,0,0,0,0,Matches
Giuseppe Di Serio\Giuseppe-Di-Serio,it ITA,MFFW,Benevento,19-284,2001,14,190,2.1,0,0,0,0,0,1,0,0,0,0,0,0,Matches
Amad Diallo\Amad-Diallo,ci CIV,MF,Atalanta,18-293,2002,1,14,0.2,0,0,0,0,0,1,0,0,0,0,0,0,Matches
Amadou Diawara\Amadou-Diawara,gn GUI,MF,Roma,23-287,1997,18,658,7.3,1,0,1,0,0,4,1,0.14,0,0.14,0.14,0.14,Matches
Brahim Díaz\Brahim-Diaz,es ESP,MFFW,Milan,21-270,1999,22,975,10.8,2,2,2,0,0,1,0,0.18,0.18,0.37,0.18,0.37,Matches
Daan Dierckx\Daan-Dierckx,be BEL,DF,Parma,18-065,2003,3,176,2,0,0,0,0,0,0,0,0,0,0,0,0,Matches
Mitchell Dijks\Mitchell-Dijks,nl NED,DF,Bologna,28-080,1993,17,1268,14.1,0,0,0,0,0,6,1,0,0,0,0,0,Matches
Federico Dimarco\Federico-Dimarco,it ITA,DF,Hellas Verona,23-171,1997,30,2283,25.4,4,3,4,0,0,5,0,0.16,0.12,0.28,0.16,0.28,Matches
Koffi Djidji\Koffi-Djidji,ci CIV,DF,Crotone,28-151,1992,15,1074,11.9,1,0,1,0,0,3,0,0.08,0,0.08,0.08,0.08,Matches
Berat Djimsiti\Berat-Djimsiti,al ALB,DF,Atalanta,28-070,1993,28,2233,24.8,0,3,0,0,0,6,0,0,0.12,0.12,0,0.12,Matches
Nicolás Domínguez\Nicolas-Dominguez,ar ARG,MF,Bologna,22-306,1998,28,1255,13.9,1,0,1,0,0,8,0,0.07,0,0.07,0.07,0.07,Matches
Gianluigi Donnarumma\Gianluigi-Donnarumma,it ITA,GK,Milan,22-064,1999,32,2880,32,0,0,0,0,0,1,0,0,0,0,0,0,Matches
Bart?omiej Dr?gowski\Bartlomiej-Dragowski,pl POL,GK,Fiorentina,23-254,1997,33,2923,32.5,0,1,0,0,0,0,0,0,0.03,0.03,0,0.03,Matches
Denis Dr?gu?\Denis-Dragus,ro ROU,FWMF,Crotone,21-298,1999,8,169,1.9,0,0,0,0,0,1,0,0,0,0,0,0,Matches
Radu Dr?gu?in\Radu-Dragusin,ro ROU,DF,Juventus,19-086,2002,1,1,0,0,0,0,0,0,0,0,0,0,0,0,0,Matches
Léo Duarte\Leo-Duarte,br BRA,DF,Milan,24-287,1996,1,19,0.2,0,0,0,0,0,0,0,0,0,0,0,0,Matches
Alfred Duncan\Alfred-Duncan,gh GHA,MF,Cagliari,28-051,1993,14,791,8.8,0,0,0,0,0,2,0,0,0,0,0,0,Matches
Alfred Duncan\Alfred-Duncan,gh GHA,MF,Fiorentina,28-051,1993,4,162,1.8,0,0,0,0,0,0,0,0,0,0,0,0,Matches
Paulo Dybala\Paulo-Dybala,ar ARG,FW,Juventus,27-166,1993,16,885,9.8,3,2,3,0,0,0,0,0.31,0.2,0.51,0.31,0.51,Matches
Edin Džeko\Edin-Dzeko,ba BIH,FW,Roma,35-044,1986,23,1525,16.9,7,1,7,0,0,2,0,0.41,0.06,0.47,0.41,0.47,Matches
Steeve-Mike Ebongue\Steeve-Mike-Ebongue,fr FRA,MF,Genoa,20-069,2001,2,40,0.4,0,1,0,0,0,0,0,0,2.25,2.25,0,2.25,Matches
Simone Edera\Simone-Edera,it ITA,DFMF,Torino,24-111,1997,2,52,0.6,0,0,0,0,0,0,0,0,0,0,0,0,Matches
Albin Ekdal\Albin-Ekdal,se SWE,MF,Sampdoria,31-276,1989,27,1996,22.2,2,1,2,0,0,8,0,0.09,0.05,0.14,0.09,0.14,Matches
Elif Elmas\Elif-Elmas,mk MKD,MFFW,Napoli,21-218,1999,30,700,7.8,2,1,2,0,0,3,0,0.26,0.13,0.39,0.26,0.39,Matches
Manu Emmanuel Gyabuaa\Manu-Emmanuel-Gyabuaa,it ITA,MF,Atalanta,19-221,2001,1,2,0,0,0,0,0,0,0,0,0,0,0,0,0,Matches
Alan Empereur\Alan-Empereur,br BRA,DF,Hellas Verona,27-051,1994,4,219,2.4,0,0,0,0,0,1,0,0,0,0,0,0,Matches
Christian Eriksen\Christian-Eriksen,dk DEN,MF,Inter,29-075,1992,22,1180,13.1,1,0,1,0,0,0,0,0.08,0,0.08,0.08,0.08,Matches
Martin Erlic\Martin-Erlic,hr CRO,DF,Spezia,23-096,1998,24,1691,18.8,2,1,2,0,0,6,0,0.11,0.05,0.16,0.11,0.16,Matches
Gonzalo Escalante\Gonzalo-Escalante,ar ARG,MF,Lazio,28-034,1993,21,665,7.4,0,1,0,0,0,5,0,0,0.14,0.14,0,0.14,Matches
Nahuel Estévez\Nahuel-Estevez,ar ARG,MF,Spezia,25-167,1995,22,1476,16.4,0,3,0,0,0,6,0,0,0.18,0.18,0,0.18,Matches
Valentin Eysseric\Valentin-Eysseric,fr FRA,MFFW,Fiorentina,29-036,1992,14,659,7.3,2,0,2,0,0,2,0,0.27,0,0.27,0.27,0.27,Matches
Nicolò Fagioli\Nicolo-Fagioli,it ITA,MF,Juventus,20-077,2001,1,21,0.2,0,0,0,0,0,0,0,0,0,0,0,0,Matches
Iago Falque\Iago-Falque,es ESP,MFFW,Benevento,31-116,1990,10,305,3.4,1,1,1,0,0,0,0,0.3,0.3,0.59,0.3,0.59,Matches
Andri Fannar Baldursson\Andri-Fannar-Baldursson,is ISL,MF,Bologna,19-110,2002,7,206,2.3,0,0,0,0,0,2,0,0,0,0,0,0,Matches
Paolo Faragò\Paolo-Farago,it ITA,DFMF,Cagliari,28-077,1993,8,369,4.1,0,0,0,0,0,2,0,0,0,0,0,0,Matches
Davide Faraoni\Davide-Faraoni,it ITA,DF,Hellas Verona,29-187,1991,29,2501,27.8,2,7,2,0,0,7,0,0.07,0.25,0.32,0.07,0.32,Matches
Mohamed Fares\Mohamed-Fares,dz ALG,DF,Lazio,25-074,1996,16,874,9.7,0,1,0,0,0,4,0,0,0.1,0.1,0,0.1,Matches
Diego Farias\Diego-Farias,br BRA,FW,Spezia,30-355,1990,26,1367,15.2,4,0,4,0,0,3,0,0.26,0,0.26,0.26,0.26,Matches
Andrea Favilli\Andrea-Favilli,it ITA,FW,Hellas Verona,23-348,1997,11,339,3.8,2,0,2,0,0,1,0,0.53,0,0.53,0.53,0.53,Matches
Federico Fazio\Federico-Fazio,ar ARG,DF,Roma,34-044,1987,6,406,4.5,1,0,1,0,0,2,0,0.22,0,0.22,0.22,0.22,Matches
Luiz Felipe\Luiz-Felipe,br BRA,DF,Lazio,24-039,1997,10,748,8.3,0,0,0,0,0,3,0,0,0,0,0,0,Matches
Alex Ferrari\Alex-Ferrari,it ITA,DF,Sampdoria,26-303,1994,11,801,8.9,0,1,0,0,0,3,0,0,0.11,0.11,0,0.11,Matches
Salvador Ferrer\Salvador-Ferrer,es ESP,DF,Spezia,23-099,1998,16,1010,11.2,0,1,0,0,0,4,0,0,0.09,0.09,0,0.09,Matches
Fernando Forestieri\Fernando-Forestieri,it ITA,FWMF,Udinese,31-105,1990,14,424,4.7,1,1,1,0,0,1,0,0.21,0.21,0.42,0.21,0.42,Matches
Daam Foulon\Daam-Foulon,be BEL,DF,Benevento,22-038,1999,22,965,10.7,0,1,0,0,0,4,0,0,0.09,0.09,0,0.09,Matches
Gianluca Frabotta\Gianluca-Frabotta,it ITA,DF,Juventus,21-310,1999,15,689,7.7,0,1,0,0,0,5,0,0,0.13,0.13,0,0.13,Matches
Remo Freuler\Remo-Freuler,ch SUI,MF,Atalanta,29-015,1992,29,2326,25.8,2,3,2,0,0,4,0,0.08,0.12,0.19,0.08,0.19,Matches
Matteo Gabbia\Matteo-Gabbia,it ITA,DF,Milan,21-191,1999,8,557,6.2,0,0,0,0,0,2,0,0,0,0,0,0,Matches
Manolo Gabbiadini\Manolo-Gabbiadini,it ITA,FWMF,Sampdoria,29-155,1991,12,591,6.6,2,2,1,1,1,1,0,0.3,0.3,0.61,0.15,0.46,Matches
Roberto Gagliardini\Roberto-Gagliardini,it ITA,MF,Inter,27-023,1994,26,1082,12,2,1,2,0,0,2,0,0.17,0.08,0.25,0.17,0.25,Matches
Riccardo Gagliolo\Riccardo-Gagliolo,se SWE,DF,Parma,31-002,1990,25,1770,19.7,2,2,2,0,0,5,0,0.1,0.1,0.2,0.1,0.2,Matches
Adolfo Gaich\Adolfo-Gaich,ar ARG,FW,Benevento,22-083,1999,10,608,6.8,2,0,2,0,0,0,0,0.3,0,0.3,0.3,0.3,Matches
Andrey Galabinov\Andrey-Galabinov,bg BUL,FW,Spezia,32-154,1988,12,430,4.8,3,1,3,0,1,0,0,0.63,0.21,0.84,0.63,0.84,Matches
Gervinho\Gervinho,ci CIV,FW,Parma,33-338,1987,23,1792,19.9,5,1,5,0,0,0,0,0.25,0.05,0.3,0.25,0.3,Matches
Paolo Ghiglione\Paolo-Ghiglione,it ITA,DFMF,Genoa,24-087,1997,20,1212,13.5,0,4,0,0,0,4,0,0,0.3,0.3,0,0.3,Matches
Faouzi Ghoulam\Faouzi-Ghoulam,dz ALG,DFFW,Napoli,30-088,1991,11,289,3.2,0,0,0,0,0,1,0,0,0,0,0,0,Matches
Kamil Glik\Kamil-Glik,pl POL,DF,Benevento,33-086,1988,31,2756,30.6,2,1,2,0,0,9,1,0.07,0.03,0.1,0.07,0.1,Matches
Diego Godín\Diego-Godin,uy URU,DF,Cagliari,35-073,1986,24,2148,23.9,1,0,1,0,0,2,0,0.04,0,0.04,0.04,0.04,Matches
Amer Gojak\Amer-Gojak,ba BIH,MFFW,Torino,24-076,1997,15,475,5.3,1,1,1,0,0,1,0,0.19,0.19,0.38,0.19,0.38,Matches
Edoardo Goldaniga\Edoardo-Goldaniga,it ITA,DF,Genoa,27-179,1993,21,1497,16.6,0,1,0,0,0,8,0,0,0.06,0.06,0,0.06,Matches
Vladimir Golemi?\Vladimir-Golemic,si SVN,DF,Crotone,29-306,1991,27,2138,23.8,2,0,1,1,1,4,0,0.08,0,0.08,0.04,0.04,Matches
Pierluigi Gollini\Pierluigi-Gollini,it ITA,GK,Atalanta,26-043,1995,21,1865,20.7,0,0,0,0,0,0,0,0,0,0,0,0,Matches
Tomislav Gomelt\Tomislav-Gomelt,hr CRO,MF,Crotone,26-113,1995,2,19,0.2,0,0,0,0,0,0,0,0,0,0,0,0,Matches
Papu Gómez\Papu-Gomez,ar ARG,FWMF,Atalanta,33-074,1988,10,666,7.4,4,2,4,0,0,0,0,0.54,0.27,0.81,0.54,0.81,Matches
Robin Gosens\Robin-Gosens,de GER,DF,Atalanta,26-299,1994,27,2143,23.8,8,6,8,0,0,9,1,0.34,0.25,0.59,0.34,0.59,Matches
Alberto Grassi\Alberto-Grassi,it ITA,MFDF,Parma,26-054,1995,20,1037,11.5,0,0,0,0,0,2,0,0,0,0,0,0,Matches
Koray Günter\Koray-Gunter,de GER,DF,Hellas Verona,26-257,1994,22,1411,15.7,0,0,0,0,0,2,0,0,0,0,0,0,Matches
Emmanuel Gyasi\Emmanuel-Gyasi,gh GHA,FW,Spezia,27-109,1994,33,2567,28.5,4,6,4,0,0,4,0,0.14,0.21,0.35,0.14,0.35,Matches
Achraf Hakimi\Achraf-Hakimi,ma MAR,DF,Inter,22-177,1998,32,2307,25.6,6,6,6,0,0,6,0,0.23,0.23,0.47,0.23,0.47,Matches
Samir Handanovi?\Samir-Handanovic,si SVN,GK,Inter,36-290,1984,33,2970,33,0,0,0,0,0,1,0,0,0,0,0,0,Matches
Lukáš Haraslín\Lukas-Haraslin,sk SVK,FWMF,Sassuolo,24-339,1996,13,313,3.5,0,0,0,0,0,1,1,0,0,0,0,0,Matches
Hans Hateboer\Hans-Hateboer,nl NED,DF,Atalanta,27-111,1994,18,1469,16.3,2,0,2,0,0,2,0,0.12,0,0.12,0.12,0.12,Matches
Eduardo Henrique\Eduardo-Henrique,br BRA,MF,Crotone,25-348,1995,17,879,9.8,1,0,1,0,0,4,0,0.1,0,0.1,0.1,0.1,Matches
Theo Hernández\Theo-Hernandez,fr FRA,DF,Milan,23-206,1997,28,2520,28,4,5,4,0,0,9,0,0.14,0.18,0.32,0.14,0.32,Matches
Hernani\Hernani,br BRA,MF,Parma,27-034,1994,29,1836,20.4,7,2,6,1,1,9,0,0.34,0.1,0.44,0.29,0.39,Matches
Përparim Hetemaj\Perparim-Hetemaj,fi FIN,MF,Benevento,34-139,1986,27,1890,21,0,1,0,0,0,4,0,0,0.05,0.05,0,0.05,Matches
Aaron Hickey\Aaron-Hickey,sco SCO,DF,Bologna,18-324,2002,11,758,8.4,0,0,0,0,0,3,1,0,0,0,0,0,Matches
Wesley Hoedt\Wesley-Hoedt,nl NED,DF,Lazio,27-055,1994,16,862,9.6,0,0,0,0,0,6,0,0,0,0,0,0,Matches
Elseid Hysaj\Elseid-Hysaj,al ALB,DF,Napoli,27-069,1994,19,1366,15.2,0,2,0,0,0,0,0,0,0.13,0.13,0,0.13,Matches
Simone Iacoponi\Simone-Iacoponi,it ITA,DF,Parma,34-000,1987,16,1193,13.3,0,0,0,0,0,3,1,0,0,0,0,0,Matches
Roger Ibanez\Roger-Ibanez,br BRA,DF,Roma,22-158,1998,27,2289,25.4,0,2,0,0,0,7,1,0,0.08,0.08,0,0.08,Matches
Zlatan Ibrahimovi?\Zlatan-Ibrahimovic,se SWE,FW,Milan,39-209,1981,17,1338,14.9,15,2,12,3,6,2,1,1.01,0.13,1.14,0.81,0.94,Matches
Igor\Igor,br BRA,DF,Fiorentina,23-082,1998,17,1023,11.4,0,0,0,0,0,4,0,0,0,0,0,0,Matches
Ivan Ili?\Ivan-Ilic,rs SRB,MF,Hellas Verona,20-044,2001,24,1449,16.1,2,0,2,0,0,0,0,0.12,0,0.12,0.12,0.12,Matches
Josip Ili?i?\Josip-Ilicic,si SVN,FWMF,Atalanta,33-091,1988,26,1449,16.1,6,8,4,2,2,1,0,0.37,0.5,0.87,0.25,0.75,Matches
Ciro Immobile\Ciro-Immobile,it ITA,FW,Lazio,31-069,1990,30,2399,26.7,18,5,15,3,6,4,1,0.68,0.19,0.86,0.56,0.75,Matches
Riccardo Improta\Riccardo-Improta,it ITA,DFMF,Benevento,27-132,1993,29,1999,22.2,1,0,1,0,0,7,0,0.05,0,0.05,0.05,0.05,Matches
Roberto Inglese\Roberto-Inglese,it ITA,FW,Parma,29-169,1991,14,576,6.4,0,2,0,0,0,2,0,0,0.31,0.31,0,0.31,Matches
Lorenzo Insigne\Lorenzo-Insigne,it ITA,FW,Napoli,29-330,1991,30,2415,26.8,17,6,10,7,7,2,1,0.63,0.22,0.86,0.37,0.6,Matches
Roberto Insigne\Roberto-Insigne,it ITA,MFFW,Benevento,26-354,1994,27,1414,15.7,2,4,2,0,0,2,0,0.13,0.25,0.38,0.13,0.38,Matches
Artur Ioni??\Artur-Ionita,md MDA,MF,Benevento,30-256,1990,32,2603,28.9,2,0,2,0,0,5,0,0.07,0,0.07,0.07,0.07,Matches
Ardian Ismajli\Ardian-Ismajli,al ALB,DF,Spezia,24-212,1996,14,1027,11.4,1,1,1,0,0,3,1,0.09,0.09,0.18,0.09,0.18,Matches
Armando Izzo\Armando-Izzo,it ITA,DF,Torino,29-059,1992,21,1701,18.9,2,0,2,0,0,3,0,0.11,0,0.11,0.11,0.11,Matches
Mato Jajalo\Mato-Jajalo,ba BIH,MF,Udinese,32-340,1988,1,34,0.4,0,0,0,0,0,0,0,0,0,0,0,0,Matches
Jakub Jankto\Jakub-Jankto,cz CZE,MF,Sampdoria,25-101,1996,30,2069,23,5,3,5,0,0,6,0,0.22,0.13,0.35,0.22,0.35,Matches
Juan Jesus\Juan-Jesus,br BRA,DF,Roma,29-324,1991,4,112,1.2,0,0,0,0,0,0,0,0,0,0,0,0,Matches
Hamed Junior Traorè\Hamed-Junior-Traore,ci CIV,FWMF,Sassuolo,21-073,2000,30,1526,17,5,1,5,0,0,6,0,0.29,0.06,0.35,0.29,0.35,Matches
Musa Juwara\Musa-Juwara,gm GAM,DF,Bologna,19-125,2001,2,33,0.4,0,0,0,0,0,1,0,0,0,0,0,0,Matches
Nikola Kalini?\Nikola-Kalinic,hr CRO,FW,Hellas Verona,33-115,1988,14,716,8,1,0,1,0,0,0,0,0.13,0,0.13,0.13,0.13,Matches
Pierre Kalulu\Pierre-Kalulu,fr FRA,DF,Milan,20-329,2000,13,727,8.1,1,1,1,0,0,1,0,0.12,0.12,0.25,0.12,0.25,Matches
Yann Karamoh\Yann-Karamoh,fr FRA,FWMF,Parma,22-296,1998,24,1294,14.4,2,1,2,0,0,3,0,0.14,0.07,0.21,0.14,0.21,Matches
Isaac Karamoko\Isaac-Karamoko,fr FRA,DF,Sassuolo,18-339,2002,1,1,0,0,0,0,0,0,0,0,0,0,0,0,0,Matches
Augustus Kargbo\Augustus-Kargbo,sl SLE,FW,Crotone,21-249,1999,1,32,0.4,0,0,0,0,0,0,0,0,0,0,0,0,Matches
Rick Karsdorp\Rick-Karsdorp,nl NED,DF,Roma,26-078,1995,29,2165,24.1,1,5,1,0,0,1,0,0.04,0.21,0.25,0.04,0.25,Matches
Franck Kessié\Franck-Kessie,ci CIV,MF,Milan,24-132,1996,32,2776,30.8,10,3,2,8,9,8,0,0.32,0.1,0.42,0.06,0.16,Matches
Omar Khailoti\Omar-Khailoti,it ITA,DF,Bologna,19-237,2001,1,28,0.3,0,0,0,0,0,0,0,0,0,0,0,0,Matches
Giorgos Kiriakopoulos\Giorgos-Kiriakopoulos,gr GRE,DF,Sassuolo,25-084,1996,20,1230,13.7,0,0,0,0,0,1,0,0,0,0,0,0,Matches
Simon Kjær\Simon-Kjaer,dk DEN,DF,Milan,32-035,1989,24,2033,22.6,0,2,0,0,0,2,0,0,0.09,0.09,0,0.09,Matches
Ragnar Klavan\Ragnar-Klavan,ee EST,DF,Cagliari,35-182,1985,13,676,7.5,0,0,0,0,0,1,0,0,0,0,0,0,Matches
Justin Kluivert\Justin-Kluivert,nl NED,FWMF,Roma,21-360,1999,2,19,0.2,0,0,0,0,0,0,0,0,0,0,0,0,Matches
Aleksandr Kokorin\Aleksandr-Kokorin,ru RUS,FWMF,Fiorentina,30-042,1991,3,79,0.9,0,0,0,0,0,1,0,0,0,0,0,0,Matches
Aleksandar Kolarov\Aleksandar-Kolarov,rs SRB,DF,Inter,35-171,1985,7,390,4.3,0,1,0,0,0,0,0,0,0.23,0.23,0,0.23,Matches
Christian Kouamé\Christian-Kouame,ci CIV,FW,Fiorentina,23-145,1997,29,906,10.1,1,1,1,0,0,4,0,0.1,0.1,0.2,0.1,0.2,Matches
Kalidou Koulibaly\Kalidou-Koulibaly,sn SEN,DF,Napoli,29-314,1991,25,2119,23.5,0,0,0,0,0,10,1,0,0,0,0,0,Matches
Viktor Kovalenko\Viktor-Kovalenko,ua UKR,FW,Atalanta,25-075,1996,1,4,0,0,0,0,0,0,0,0,0,0,0,0,0,Matches
Rade Kruni?\Rade-Krunic,ba BIH,MFFW,Milan,27-205,1993,22,644,7.2,1,0,1,0,0,2,0,0.14,0,0.14,0.14,0.14,Matches
Juraj Kucka\Juraj-Kucka,sk SVK,MFFW,Parma,34-063,1987,26,2169,24.1,7,2,3,4,4,7,0,0.29,0.08,0.37,0.12,0.21,Matches
Dejan Kulusevski\Dejan-Kulusevski,se SWE,FWMF,Juventus,21-005,2000,30,1630,18.1,4,1,4,0,0,6,0,0.22,0.06,0.28,0.22,0.28,Matches
Marash Kumbulla\Marash-Kumbulla,al ALB,DF,Roma,21-081,2000,16,977,10.9,1,0,1,0,0,5,0,0.09,0,0.09,0.09,0.09,Matches
Jasmin Kurti?\Jasmin-Kurtic,si SVN,MF,Parma,32-110,1989,30,2410,26.8,4,0,4,0,0,4,0,0.15,0,0.15,0.15,0.15,Matches
Antonino La Gumina\Antonino-La-Gumina,it ITA,FW,Sampdoria,25-055,1996,9,341,3.8,0,0,0,0,0,0,0,0,0,0,0,0,Matches
Sam Lammers\Sam-Lammers,nl NED,FWMF,Atalanta,24-000,1997,13,255,2.8,2,0,2,0,0,0,0,0.71,0,0.71,0.71,0.71,Matches
Gianluca Lapadula\Gianluca-Lapadula,pe PER,FW,Benevento,31-082,1990,32,2184,24.3,6,2,6,0,1,2,0,0.25,0.08,0.33,0.25,0.33,Matches
Danilo Larangeira\Danilo-Larangeira,br BRA,DF,Bologna,36-355,1984,32,2862,31.8,0,1,0,0,0,8,0,0,0.03,0.03,0,0.03,Matches
Kevin Lasagna\Kevin-Lasagna,it ITA,FW,Udinese,28-263,1992,17,1103,12.3,2,1,2,0,0,1,0,0.16,0.08,0.24,0.16,0.24,Matches
Kevin Lasagna\Kevin-Lasagna,it ITA,FW,Hellas Verona,28-263,1992,14,1109,12.3,2,0,2,0,0,0,0,0.16,0,0.16,0.16,0.16,Matches
Vincent Laurini\Vincent-Laurini,fr FRA,DF,Parma,31-324,1989,10,619,6.9,0,0,0,0,0,1,0,0,0,0,0,0,Matches
Darko Lazovi?\Darko-Lazovic,rs SRB,DF,Hellas Verona,30-227,1990,27,2053,22.8,3,4,3,0,0,3,0,0.13,0.18,0.31,0.13,0.31,Matches
Manuel Lazzari\Manuel-Lazzari,it ITA,DF,Lazio,27-152,1993,26,2106,23.4,2,5,2,0,0,2,1,0.09,0.21,0.3,0.09,0.3,Matches
Rafael Leão\Rafael-Leao,pt POR,FW,Milan,21-324,1999,26,1705,18.9,6,5,6,0,0,5,0,0.32,0.26,0.58,0.32,0.58,Matches
Lucas Leiva\Lucas-Leiva,br BRA,MF,Lazio,34-111,1987,27,1776,19.7,0,0,0,0,0,8,0,0,0,0,0,0,Matches
Lukas Lerager\Lukas-Lerager,dk DEN,MF,Genoa,27-292,1993,16,1159,12.9,0,1,0,0,0,0,0,0,0.08,0.08,0,0.08,Matches
Mehdi Léris\Mehdi-Leris,fr FRA,MFDF,Sampdoria,22-342,1998,18,231,2.6,0,0,0,0,0,0,0,0,0,0,0,0,Matches
Gaetano Letizia\Gaetano-Letizia,it ITA,DF,Benevento,30-305,1990,20,1352,15,3,0,3,0,0,2,0,0.2,0,0.2,0.2,0.2,Matches
Matthijs de Ligt\Matthijs-de-Ligt,nl NED,DF,Juventus,21-261,1999,22,1815,20.2,1,1,1,0,0,4,0,0.05,0.05,0.1,0.05,0.1,Matches
Karol Linetty\Karol-Linetty,pl POL,MF,Torino,26-087,1995,24,1734,19.3,1,0,1,0,0,4,0,0.05,0,0.05,0.05,0.05,Matches
Pol Lirola\Pol-Lirola,es ESP,DFFW,Fiorentina,23-260,1997,12,498,5.5,0,1,0,0,0,3,0,0,0.18,0.18,0,0.18,Matches
Fernando Llorente\Fernando-Llorente,es ESP,FW,Udinese,36-063,1985,12,664,7.4,1,0,1,0,0,2,0,0.14,0,0.14,0.14,0.14,Matches
Fernando Llorente\Fernando-Llorente,es ESP,FWMF,Napoli,36-063,1985,3,52,0.6,0,0,0,0,0,0,0,0,0,0,0,0,Matches
Stanislav Lobotka\Stanislav-Lobotka,sk SVK,MF,Napoli,26-156,1994,15,154,1.7,0,0,0,0,0,2,0,0,0,0,0,0,Matches
Manuel Locatelli\Manuel-Locatelli,it ITA,MF,Sassuolo,23-112,1998,29,2443,27.1,3,1,2,1,1,8,0,0.11,0.04,0.15,0.07,0.11,Matches
Maxime Lopez\Maxime-Lopez,fr FRA,MF,Sassuolo,23-147,1997,25,1602,17.8,2,0,2,0,0,7,0,0.11,0,0.11,0.11,0.11,Matches
Pau López\Pau-Lopez,es ESP,GK,Roma,26-138,1994,21,1817,20.2,0,0,0,0,0,0,0,0,0,0,0,0,Matches
Matteo Lovato\Matteo-Lovato,it ITA,DF,Hellas Verona,21-075,2000,23,1371,15.2,0,0,0,0,0,5,0,0,0,0,0,0,Matches
Hirving Lozano\Hirving-Lozano,mx MEX,FW,Napoli,25-274,1995,27,1727,19.2,9,3,9,0,0,5,0,0.47,0.16,0.63,0.47,0.63,Matches
José Luis Palomino\Jose-Luis-Palomino,ar ARG,DF,Atalanta,31-115,1990,31,2217,24.6,1,2,1,0,0,3,0,0.04,0.08,0.12,0.04,0.12,Matches
Romelu Lukaku\Romelu-Lukaku,be BEL,FW,Inter,27-352,1993,32,2580,28.7,21,9,16,5,5,4,0,0.73,0.31,1.05,0.56,0.87,Matches
Saša Luki?\Sasa-Lukic,rs SRB,MF,Torino,24-260,1996,28,1831,20.3,3,0,3,0,0,4,0,0.15,0,0.15,0.15,0.15,Matches
Senad Luli?\Senad-Lulic,ba BIH,DF,Lazio,35-102,1986,11,412,4.6,0,0,0,0,0,1,0,0,0,0,0,0,Matches
Sebastiano Luperto\Sebastiano-Luperto,it ITA,DF,Crotone,24-236,1996,23,1879,20.9,0,0,0,0,0,5,1,0,0,0,0,0,Matches
Lyanco\Lyanco,br BRA,DF,Torino,24-088,1997,21,1829,20.3,0,0,0,0,0,8,0,0,0,0,0,0,Matches
Charalambos Lykogiannis\Charalambos-Lykogiannis,gr GRE,DF,Cagliari,27-190,1993,26,2009,22.3,3,2,3,0,0,9,2,0.13,0.09,0.22,0.13,0.22,Matches
Lisandro Magallán\Lisandro-Magallan,ar ARG,DF,Crotone,27-215,1993,24,1821,20.2,1,2,1,0,0,8,0,0.05,0.1,0.15,0.05,0.15,Matches
Christian Maggio\Christian-Maggio,it ITA,DF,Benevento,39-078,1982,8,297,3.3,0,0,0,0,0,2,0,0,0,0,0,0,Matches
Giulio Maggiore\Giulio-Maggiore,it ITA,MF,Spezia,23-049,1998,28,1863,20.7,3,1,3,0,0,2,0,0.14,0.05,0.19,0.14,0.19,Matches
Francesco Magnanelli\Francesco-Magnanelli,it ITA,MF,Sassuolo,36-169,1984,10,440,4.9,0,0,0,0,0,2,0,0,0,0,0,0,Matches
Giangiacomo Magnani\Giangiacomo-Magnani,it ITA,DF,Hellas Verona,25-208,1995,23,1389,15.4,0,0,0,0,0,8,0,0,0,0,0,0,Matches
Jean-Victor Makengo\Jean-Victor-Makengo,fr FRA,MF,Udinese,22-322,1998,14,357,4,0,0,0,0,0,1,0,0,0,0,0,0,Matches
Nikola Maksimovi?\Nikola-Maksimovic,rs SRB,DF,Napoli,29-156,1991,17,1207,13.4,0,0,0,0,0,1,0,0,0,0,0,0,Matches
Kévin Malcuit\Kevin-Malcuit,ma MAR,DF,Fiorentina,29-273,1991,5,207,2.3,0,0,0,0,0,0,0,0,0,0,0,0,Matches
Kévin Malcuit\Kevin-Malcuit,ma MAR,MFFW,Napoli,29-273,1991,2,33,0.4,0,0,0,0,0,0,0,0,0,0,0,0,Matches
Daniel Maldini\Daniel-Maldini,it ITA,FWMF,Milan,19-201,2001,5,29,0.3,0,0,0,0,0,0,0,0,0,0,0,0,Matches
Ruslan Malinovskyi\Ruslan-Malinovskyi,ua UKR,FWMF,Atalanta,27-361,1993,31,1525,16.9,6,9,5,1,1,3,0,0.35,0.53,0.89,0.3,0.83,Matches
Dennis Man\Dennis-Man,ro ROU,FWMF,Parma,22-247,1998,14,699,7.8,2,1,2,0,0,1,0,0.26,0.13,0.39,0.26,0.39,Matches
Gianluca Mancini\Gianluca-Mancini,it ITA,DF,Roma,25-013,1996,29,2492,27.7,4,2,4,0,0,9,0,0.14,0.07,0.22,0.14,0.22,Matches
Rolando Mandragora\Rolando-Mandragora,it ITA,MF,Torino,23-305,1997,12,1075,11.9,3,1,3,0,0,4,1,0.25,0.08,0.33,0.25,0.33,Matches
Rolando Mandragora\Rolando-Mandragora,it ITA,MF,Udinese,23-305,1997,10,398,4.4,0,0,0,0,0,0,0,0,0,0,0,0,Matches
Mario Mandžuki?\Mario-Mandzukic,hr CRO,FW,Milan,34-344,1986,7,187,2.1,0,0,0,0,0,0,0,0,0,0,0,0,Matches
Kostas Manolas\Kostas-Manolas,gr GRE,DF,Napoli,29-320,1991,25,1848,20.5,0,0,0,0,0,5,0,0,0,0,0,0,Matches
Juan Manuel Ramos\Juan-Manuel-Ramos,uy URU,DF,Spezia,24-140,1996,5,271,3,0,0,0,0,0,1,0,0,0,0,0,0,Matches
Federico Marchetti\Federico-Marchetti,it ITA,GK,Genoa,38-082,1983,3,244,2.7,0,0,0,0,0,0,0,0,0,0,0,0,Matches
Riccardo Marchizza\Riccardo-Marchizza,it ITA,DF,Spezia,23-035,1998,21,1291,14.3,0,1,0,0,0,4,0,0,0.07,0.07,0,0.07,Matches
Gian Marco Ferrari\Gian-Marco-Ferrari,it ITA,DF,Sassuolo,29-074,1992,29,2609,29,0,3,0,0,0,6,0,0,0.1,0.1,0,0.1,Matches
R?zvan Marin\Razvan-Marin,ro ROU,MF,Cagliari,24-342,1996,33,2642,29.4,3,5,3,0,0,5,0,0.1,0.17,0.27,0.1,0.27,Matches
Marlon\Marlon,br BRA,DF,Sassuolo,25-235,1995,22,1578,17.5,0,0,0,0,0,3,0,0,0,0,0,0,Matches
Luca Marrone\Luca-Marrone,it ITA,DF,Crotone,31-033,1990,18,1363,15.1,0,0,0,0,0,6,0,0,0,0,0,0,Matches
Lucas Martínez Quarta\Lucas-Martinez-Quarta,ar ARG,DF,Fiorentina,24-355,1996,19,1392,15.5,1,0,1,0,0,4,1,0.06,0,0.06,0.06,0.06,Matches
Lautaro Martínez\Lautaro-Martinez,ar ARG,FW,Inter,23-251,1997,33,2238,24.9,15,5,15,0,0,3,0,0.6,0.2,0.8,0.6,0.8,Matches
Adam Maruši?\Adam-Marusic,me MNE,DF,Lazio,28-195,1992,31,2534,28.2,2,3,2,0,0,3,0,0.07,0.11,0.18,0.07,0.18,Matches
Andrea Masiello\Andrea-Masiello,it ITA,DF,Genoa,35-084,1986,25,2158,24,0,0,0,0,0,5,0,0,0,0,0,0,Matches
Giuseppe Mastinu\Giuseppe-Mastinu,it ITA,FW,Spezia,29-203,1991,3,32,0.4,0,0,0,0,0,0,0,0,0,0,0,0,Matches
Ryder Matos\Ryder-Matos,br BRA,MF,Udinese,28-062,1993,1,13,0.1,0,0,0,0,0,0,0,0,0,0,0,0,Matches
Federico Mattiello\Federico-Mattiello,it ITA,DF,Spezia,25-290,1995,1,36,0.4,0,0,0,0,0,0,0,0,0,0,0,0,Matches
Borja Mayoral\Borja-Mayoral,es ESP,FW,Roma,24-025,1997,27,1332,14.8,8,3,8,0,0,1,0,0.54,0.2,0.74,0.54,0.74,Matches
Antonio Mazzotta\Antonio-Mazzotta,it ITA,DF,Crotone,31-271,1989,2,56,0.6,0,0,0,0,0,1,0,0,0,0,0,0,Matches
Ibrahima Mbaye\Ibrahima-Mbaye,sn SEN,DF,Bologna,26-162,1994,8,428,4.8,1,0,1,0,0,2,0,0.21,0,0.21,0.21,0.21,Matches
Weston McKennie\Weston-McKennie,us USA,MF,Juventus,22-245,1998,29,1453,16.1,5,2,5,0,0,4,0,0.31,0.12,0.43,0.31,0.43,Matches
Gary Medel\Gary-Medel,cl CHI,DFMF,Bologna,33-270,1987,10,455,5.1,0,1,0,0,0,0,0,0,0.2,0.2,0,0.2,Matches
Soualiho Meïté\Soualiho-Meite,fr FRA,MF,Milan,27-044,1994,12,477,5.3,0,0,0,0,0,2,0,0,0,0,0,0,Matches
Soualiho Meïté\Soualiho-Meite,fr FRA,MF,Torino,27-044,1994,14,920,10.2,1,1,1,0,0,0,0,0.1,0.1,0.2,0.1,0.2,Matches
Filippo Melegoni\Filippo-Melegoni,it ITA,MF,Genoa,22-071,1999,12,221,2.5,0,0,0,0,0,0,0,0,0,0,0,0,Matches
Arthur Melo\Arthur-Melo,br BRA,MF,Juventus,24-261,1996,20,1063,11.8,1,0,1,0,0,3,0,0.08,0,0.08,0.08,0.08,Matches
Alex Meret\Alex-Meret,it ITA,GK,Napoli,24-039,1997,17,1530,17,0,0,0,0,0,0,0,0,0,0,0,0,Matches
Y?ld?r?m Mert Çetin\Yildirim-Mert-Cetin,tr TUR,DF,Hellas Verona,24-119,1997,6,418,4.6,0,0,0,0,0,1,0,0,0,0,0,0,Matches
Dries Mertens\Dries-Mertens,be BEL,FWMF,Napoli,33-359,1987,24,1382,15.4,9,8,9,0,0,2,0,0.59,0.52,1.11,0.59,1.11,Matches
Junior Messias\Junior-Messias,br BRA,FWMF,Crotone,29-352,1991,32,2855,31.7,8,4,8,0,0,6,0,0.25,0.13,0.38,0.25,0.38,Matches
Valentin Mihaila\Valentin-Mihaila,ro ROU,FWMF,Parma,21-087,2000,16,698,7.8,3,0,3,0,0,2,0,0.39,0,0.39,0.39,0.39,Matches
Nikola Milenkovi?\Nikola-Milenkovic,rs SRB,DF,Fiorentina,23-200,1997,30,2674,29.7,3,1,3,0,0,5,1,0.1,0.03,0.13,0.1,0.13,Matches
Sergej Milinkovi?-Savi?\Sergej-Milinkovic-Savic,rs SRB,MF,Lazio,26-062,1995,29,2492,27.7,8,9,8,0,0,4,0,0.29,0.33,0.61,0.29,0.61,Matches
Vanja Milinkovi?-Savi?\Vanja-Milinkovic-Savic,rs SRB,GK,Torino,24-069,1997,5,450,5,0,0,0,0,0,0,1,0,0,0,0,0,Matches
Vincenzo Millico\Vincenzo-Millico,it ITA,FWMF,Torino,20-261,2000,3,21,0.2,0,0,0,0,0,0,0,0,0,0,0,0,Matches
Aleksei Miranchuk\Aleksei-Miranchuk,ru RUS,MFFW,Atalanta,25-195,1995,21,526,5.8,3,1,3,0,0,0,0,0.51,0.17,0.68,0.51,0.68,Matches
Antonio Mirante\Antonio-Mirante,it ITA,GK,Roma,37-296,1983,13,1153,12.8,0,0,0,0,0,2,0,0,0,0,0,0,Matches
Henrikh Mkhitaryan\Henrikh-Mkhitaryan,am ARM,FWMF,Roma,32-099,1989,29,2295,25.5,9,8,8,1,1,2,0,0.35,0.31,0.67,0.31,0.63,Matches
Johan Mojica\Johan-Mojica,co COL,DFFW,Atalanta,28-252,1992,11,299,3.3,0,0,0,0,0,1,0,0,0,0,0,0,Matches
Nahuel Molina\Nahuel-Molina,ar ARG,DF,Udinese,23-149,1997,24,1378,15.3,1,5,1,0,0,1,0,0.07,0.33,0.39,0.07,0.39,Matches
Salvatore Molina\Salvatore-Molina,it ITA,MFDF,Crotone,29-119,1992,24,1865,20.7,1,4,1,0,0,1,0,0.05,0.19,0.24,0.05,0.24,Matches
Gabriele Moncini\Gabriele-Moncini,it ITA,FW,Benevento,25-004,1996,10,357,4,0,0,0,0,0,0,0,0,0,0,0,0,Matches
Cristóbal Montiel Rodríguez\Cristobal-Montiel-Rodriguez,es ESP,DFFW,Fiorentina,21-019,2000,2,4,0,0,0,0,0,0,0,0,0,0,0,0,0,Matches
Lorenzo Montipò\Lorenzo-Montipo,it ITA,GK,Benevento,25-069,1996,33,2970,33,0,0,0,0,0,3,0,0,0,0,0,0,Matches
Luca Mora\Luca-Mora,it ITA,MF,Spezia,32-355,1988,4,113,1.3,0,0,0,0,0,0,0,0,0,0,0,0,Matches
Álvaro Morata\Alvaro-Morata,es ESP,FW,Juventus,28-189,1992,28,1788,19.9,9,9,8,1,1,2,1,0.45,0.45,0.91,0.4,0.86,Matches
Mert Müldür\Mert-Muldur,tr TUR,DF,Sassuolo,22-027,1999,26,1530,17,0,0,0,0,0,2,0,0,0,0,0,0,Matches
Luis Muriel\Luis-Muriel,co COL,FW,Atalanta,30-014,1991,31,1247,13.9,19,6,17,2,2,0,0,1.37,0.43,1.8,1.23,1.66,Matches
Vedat Muriqi\Vedat-Muriqi,xk KVX,FW,Lazio,27-006,1994,22,522,5.8,1,0,1,0,0,1,0,0.17,0,0.17,0.17,0.17,Matches
Nicola Murru\Nicola-Murru,it ITA,DF,Torino,26-135,1994,14,569,6.3,0,0,0,0,0,0,0,0,0,0,0,0,Matches
Mateo Musacchio\Mateo-Musacchio,ar ARG,DF,Milan,30-247,1990,1,34,0.4,0,0,0,0,0,0,0,0,0,0,0,0,Matches
Mateo Musacchio\Mateo-Musacchio,ar ARG,DF,Lazio,30-247,1990,4,229,2.5,0,0,0,0,0,2,0,0,0,0,0,0,Matches
Juan Musso\Juan-Musso,ar ARG,GK,Udinese,26-359,1994,31,2790,31,0,0,0,0,0,5,0,0,0,0,0,0,Matches
Joakim Mæhle\Joakim-Maehle,dk DEN,DF,Atalanta,23-345,1997,18,1048,11.6,0,2,0,0,0,0,0,0,0.17,0.17,0,0.17,Matches
Radja Nainggolan\Radja-Nainggolan,be BEL,MF,Inter,32-361,1988,4,46,0.5,0,0,0,0,0,0,0,0,0,0,0,0,Matches
Radja Nainggolan\Radja-Nainggolan,be BEL,MF,Cagliari,32-361,1988,17,1472,16.4,1,0,1,0,0,5,0,0.06,0,0.06,0.06,0.06,Matches
Nahitan Nández\Nahitan-Nandez,uy URU,MFDF,Cagliari,25-123,1995,27,2332,25.9,1,0,1,0,0,8,1,0.04,0,0.04,0.04,0.04,Matches
Ilija Nestorovski\Ilija-Nestorovski,mk MKD,FW,Udinese,31-049,1990,22,701,7.8,2,2,2,0,0,1,0,0.26,0.26,0.51,0.26,0.51,Matches
Nicolas Nkoulou\Nicolas-Nkoulou,cm CMR,DF,Torino,31-034,1990,14,1038,11.5,1,0,1,0,0,4,0,0.09,0,0.09,0.09,0.09,Matches
Bram Nuytinck\Bram-Nuytinck,nl NED,DF,Udinese,30-361,1990,18,1462,16.2,1,0,1,0,0,1,0,0.06,0,0.06,0.06,0.06,Matches
Simeon Nwankwo\Simeon-Nwankwo,ng NGA,FW,Crotone,28-358,1992,33,2493,27.7,19,1,11,8,8,1,0,0.69,0.04,0.72,0.4,0.43,Matches
M'Bala Nzola\MBala-Nzola,ao ANG,FW,Spezia,24-255,1996,22,1626,18.1,9,1,6,3,3,4,0,0.5,0.06,0.55,0.33,0.39,Matches
Pedro Obiang\Pedro-Obiang,gq EQG,MF,Sassuolo,29-034,1992,29,1324,14.7,0,1,0,0,0,3,1,0,0.07,0.07,0,0.07,Matches
Brain Oddei\Brain-Oddei,it ITA,MFFW,Sassuolo,18-224,2002,5,45,0.5,0,2,0,0,0,0,0,0,4,4,0,4,Matches
Stefano Okaka\Stefano-Okaka,it ITA,FW,Udinese,31-264,1989,17,1103,12.3,3,1,3,0,0,1,0,0.24,0.08,0.33,0.24,0.33,Matches
Christian Oliva\Christian-Oliva,uy URU,MF,Cagliari,24-333,1996,10,388,4.3,0,1,0,0,0,2,0,0,0.23,0.23,0,0.23,Matches
Maximiliano Olivera\Maximiliano-Olivera,uy URU,DF,Fiorentina,29-056,1992,1,1,0,0,0,0,0,0,0,0,0,0,0,0,0,Matches
Jerome Onguene\Jerome-Onguene,cm CMR,DF,Genoa,23-129,1997,3,91,1,0,0,0,0,0,0,0,0,0,0,0,0,Matches
Riccardo Orsolini\Riccardo-Orsolini,it ITA,FWMF,Bologna,24-096,1997,29,1523,16.9,5,3,3,2,2,0,0,0.3,0.18,0.47,0.18,0.35,Matches
Victor Osimhen\Victor-Osimhen,ng NGA,FW,Napoli,22-122,1998,19,1173,13,7,1,7,0,0,3,0,0.54,0.08,0.61,0.54,0.61,Matches
Yordan Osorio\Yordan-Osorio,ve VEN,DF,Parma,26-355,1994,21,1712,19,0,0,0,0,0,2,0,0,0,0,0,0,Matches
David Ospina\David-Ospina,co COL,GK,Napoli,32-242,1988,16,1440,16,0,1,0,0,0,2,0,0,0.06,0.06,0,0.06,Matches
Adam Ounas\Adam-Ounas,dz ALG,FWMF,Crotone,24-170,1996,10,781,8.7,3,3,3,0,0,1,0,0.35,0.35,0.69,0.35,0.69,Matches
Adam Ounas\Adam-Ounas,dz ALG,MFFW,Cagliari,24-170,1996,7,308,3.4,0,0,0,0,0,0,0,0,0,0,0,0,Matches
Thomas Ouwejan\Thomas-Ouwejan,nl NED,DF,Udinese,24-212,1996,12,373,4.1,0,2,0,0,0,0,0,0,0.48,0.48,0,0.48,Matches
Mattia Pagliuca\Mattia-Pagliuca,it ITA,MF,Bologna,19-005,2002,1,13,0.1,0,0,0,0,0,0,0,0,0,0,0,0,Matches
Rodrigo Palacio\Rodrigo-Palacio,ar ARG,FW,Bologna,39-084,1982,31,2053,22.8,1,4,1,0,0,5,0,0.04,0.18,0.22,0.04,0.22,Matches
Alberto Paleari\Alberto-Paleari,it ITA,GK,Genoa,28-244,1992,2,116,1.3,0,0,0,0,0,0,0,0,0,0,0,0,Matches
Antonio Palumbo\Antonio-Palumbo,it ITA,MF,Sampdoria,24-267,1996,1,7,0.1,0,0,0,0,0,0,0,0,0,0,0,0,Matches
Martin Palumbo\Martin-Palumbo,no NOR,MF,Udinese,19-056,2002,1,55,0.6,0,0,0,0,0,0,0,0,0,0,0,0,Matches
Goran Pandev\Goran-Pandev,mk MKD,FWMF,Genoa,37-277,1983,25,1168,13,6,2,6,0,0,5,0,0.46,0.15,0.62,0.46,0.62,Matches
Vittorio Parigini\Vittorio-Parigini,it ITA,FWDF,Genoa,25-036,1996,4,56,0.6,0,0,0,0,0,0,0,0,0,0,0,0,Matches
Marco Parolo\Marco-Parolo,it ITA,DFMF,Lazio,36-095,1985,14,467,5.2,0,2,0,0,0,4,0,0,0.39,0.39,0,0.39,Matches
Mario Pašali?\Mario-Pasalic,hr CRO,MF,Atalanta,26-080,1995,21,1018,11.3,4,1,4,0,0,2,0,0.35,0.09,0.44,0.35,0.44,Matches
Christian Pastina\Christian-Pastina,it ITA,DF,Benevento,20-074,2001,2,76,0.8,0,1,0,0,0,0,0,0,1.18,1.18,0,1.18,Matches
Javier Pastore\Javier-Pastore,ar ARG,MFFW,Roma,31-314,1989,2,16,0.2,0,0,0,0,0,0,0,0,0,0,0,0,Matches
Patric\Patric,es ESP,DF,Lazio,28-013,1993,23,1494,16.6,0,1,0,0,0,8,0,0,0.06,0.06,0,0.06,Matches
Leonardo Pavoletti\Leonardo-Pavoletti,it ITA,FW,Cagliari,32-155,1988,29,1238,13.8,3,3,3,0,0,6,0,0.22,0.22,0.44,0.22,0.44,Matches
Nehuén Paz\Nehuen-Paz,ar ARG,DF,Bologna,28-002,1993,6,363,4,1,0,1,0,0,0,0,0.25,0,0.25,0.25,0.25,Matches
Pedro\Pedro,es ESP,FWMF,Roma,33-276,1987,23,1391,15.5,4,2,4,0,0,5,1,0.26,0.13,0.39,0.26,0.39,Matches
João Pedro\Joao-Pedro,br BRA,FWMF,Cagliari,29-052,1992,33,2893,32.1,15,3,11,4,5,4,0,0.47,0.09,0.56,0.34,0.44,Matches
Gianluca Pegolo\Gianluca-Pegolo,it ITA,GK,Sassuolo,40-036,1981,1,90,1,0,0,0,0,0,0,0,0,0,0,0,0,Matches
Graziano Pellè\Graziano-Pelle,it ITA,FWMF,Parma,35-289,1985,8,461,5.1,1,1,1,0,0,1,0,0.2,0.2,0.39,0.2,0.39,Matches
Lorenzo Pellegrini\Lorenzo-Pellegrini,it ITA,MFFW,Roma,24-315,1996,31,2347,26.1,5,6,4,1,1,10,0,0.19,0.23,0.42,0.15,0.38,Matches
Luca Pellegrini\Luca-Pellegrini,it ITA,DFMF,Genoa,22-054,1999,11,639,7.1,0,1,0,0,0,2,0,0,0.14,0.14,0,0.14,Matches
Federico Peluso\Federico-Peluso,it ITA,DF,Sassuolo,37-100,1984,7,207,2.3,0,0,0,0,0,1,0,0,0,0,0,0,Matches
Andreas Pereira\Andreas-Pereira,br BRA,MFFW,Lazio,25-119,1996,22,462,5.1,1,2,1,0,0,4,0,0.19,0.39,0.58,0.19,0.58,Matches
Pedro Pereira\Pedro-Pereira,pt POR,DF,Crotone,23-098,1998,31,2290,25.4,0,3,0,0,0,5,0,0,0.12,0.12,0,0.12,Matches
Gastón Pereiro\Gaston-Pereiro,uy URU,MFFW,Cagliari,25-323,1995,14,250,2.8,2,2,2,0,0,0,0,0.72,0.72,1.44,0.72,1.44,Matches
Bruno Peres\Bruno-Peres,br BRA,DF,Roma,31-060,1990,27,1289,14.3,1,2,1,0,0,5,0,0.07,0.14,0.21,0.07,0.21,Matches
Roberto Pereyra\Roberto-Pereyra,ar ARG,MFFW,Udinese,30-113,1991,29,2475,27.5,4,7,4,0,0,7,0,0.15,0.25,0.4,0.15,0.4,Matches
Carles Pérez\Carles-Perez,es ESP,FWMF,Roma,23-073,1998,20,770,8.6,2,1,2,0,0,0,0,0.23,0.12,0.35,0.23,0.35,Matches
Mattia Perin\Mattia-Perin,it ITA,GK,Genoa,28-171,1992,29,2609,29,0,0,0,0,0,1,1,0,0,0,0,0,Matches
Ivan Periši?\Ivan-Perisic,hr CRO,DFFW,Inter,32-087,1989,28,1633,18.1,3,3,3,0,0,3,0,0.17,0.17,0.33,0.17,0.33,Matches
Matteo Pessina\Matteo-Pessina,it ITA,MF,Atalanta,24-009,1997,23,1428,15.9,1,2,1,0,0,2,0,0.06,0.13,0.19,0.06,0.19,Matches
Andrea Petagna\Andrea-Petagna,it ITA,FW,Napoli,25-304,1995,23,940,10.4,4,3,4,0,0,0,0,0.38,0.29,0.67,0.38,0.67,Matches
Jacopo Petriccione\Jacopo-Petriccione,it ITA,MF,Crotone,26-067,1995,17,914,10.2,0,0,0,0,0,5,1,0,0,0,0,0,Matches
Jens Petter Hauge\Jens-Petter-Hauge,no NOR,FWMF,Milan,21-200,1999,18,532,5.9,2,0,2,0,0,0,0,0.34,0,0.34,0.34,0.34,Matches
Germán Pezzella\German-Pezzella,ar ARG,DF,Fiorentina,29-307,1991,28,2383,26.5,1,0,1,0,0,3,0,0.04,0,0.04,0.04,0.04,Matches
Giuseppe Pezzella\Giuseppe-Pezzella,it ITA,DF,Parma,23-152,1997,23,1738,19.3,1,4,1,0,0,7,0,0.05,0.21,0.26,0.05,0.26,Matches
Cristiano Piccini\Cristiano-Piccini,it ITA,DF,Atalanta,28-216,1992,1,59,0.7,0,0,0,0,0,0,0,0,0,0,0,0,Matches
Roberto Piccoli\Roberto-Piccoli,it ITA,FW,Spezia,20-093,2001,18,613,6.8,4,0,4,0,0,0,0,0.59,0,0.59,0.59,0.59,Matches
Andrea Pinamonti\Andrea-Pinamonti,it ITA,FW,Inter,21-346,1999,5,55,0.6,0,0,0,0,0,0,0,0,0,0,0,0,Matches
Fabio Pisacane\Fabio-Pisacane,it ITA,DF,Cagliari,35-092,1986,5,228,2.5,0,0,0,0,0,1,0,0,0,0,0,0,Matches
Marko Pjaca\Marko-Pjaca,hr CRO,FWMF,Genoa,25-359,1995,30,1213,13.5,3,1,3,0,0,0,0,0.22,0.07,0.3,0.22,0.3,Matches
Tommaso Pobega\Tommaso-Pobega,it ITA,MF,Spezia,21-289,1999,17,1042,11.6,3,0,3,0,0,5,0,0.26,0,0.26,0.26,0.26,Matches
Andrea Poli\Andrea-Poli,it ITA,MF,Bologna,31-213,1989,16,371,4.1,1,0,1,0,0,1,0,0.24,0,0.24,0.24,0.24,Matches
Matteo Politano\Matteo-Politano,it ITA,FW,Napoli,27-270,1993,32,1696,18.8,9,4,9,0,0,3,0,0.48,0.21,0.69,0.48,0.69,Matches
Manolo Portanova\Manolo-Portanova,it ITA,FWMF,Juventus,20-332,2000,2,70,0.8,0,0,0,0,0,1,0,0,0,0,0,0,Matches
Manolo Portanova\Manolo-Portanova,it ITA,MFFW,Genoa,20-332,2000,2,32,0.4,0,0,0,0,0,0,0,0,0,0,0,0,Matches
Ivan Provedel\Ivan-Provedel,it ITA,GK,Spezia,27-044,1994,26,2340,26,0,0,0,0,0,1,0,0,0,0,0,0,Matches
Erick Pulgar\Erick-Pulgar,cl CHI,MF,Fiorentina,27-105,1994,26,1597,17.7,1,1,1,0,0,6,0,0.06,0.06,0.11,0.06,0.11,Matches
Ignacio Pussetto\Ignacio-Pussetto,ar ARG,FW,Udinese,25-130,1995,11,754,8.4,3,1,3,0,0,2,0,0.36,0.12,0.48,0.36,0.48,Matches
Fabio Quagliarella\Fabio-Quagliarella,it ITA,FW,Sampdoria,38-089,1983,29,2001,22.2,11,1,10,1,2,1,0,0.49,0.04,0.54,0.45,0.49,Matches
Simone Rabbi\Simone-Rabbi,it ITA,FW,Bologna,19-182,2001,4,35,0.4,0,1,0,0,0,0,0,0,2.57,2.57,0,2.57,Matches
Adrien Rabiot\Adrien-Rabiot,fr FRA,MF,Juventus,26-027,1995,29,1946,21.6,2,0,2,0,0,7,1,0.09,0,0.09,0.09,0.09,Matches
Ivan Radovanovi?\Ivan-Radovanovic,rs SRB,DFMF,Genoa,32-244,1988,29,2070,23,0,0,0,0,0,5,0,0,0,0,0,0,Matches
?tefan Radu\Stefan-Radu,ro ROU,DF,Lazio,34-190,1986,25,2001,22.2,0,3,0,0,0,1,0,0,0.13,0.13,0,0.13,Matches
Rafael\Rafael,br BRA,GK,Spezia,39-058,1982,2,117,1.3,0,1,0,0,0,0,0,0,0.77,0.77,0,0.77,Matches
Gastón Ramírez\Gaston-Ramirez,uy URU,MFFW,Sampdoria,30-149,1990,23,906,10.1,0,4,0,0,0,5,0,0,0.4,0.4,0,0.4,Matches
Aaron Ramsey\Aaron-Ramsey,wal WAL,MF,Juventus,30-125,1990,22,1089,12.1,2,4,2,0,0,2,0,0.17,0.33,0.5,0.17,0.5,Matches
Andrea Ranocchia\Andrea-Ranocchia,it ITA,DF,Inter,33-073,1988,5,433,4.8,0,1,0,0,0,2,0,0,0.21,0.21,0,0.21,Matches
Giacomo Raspadori\Giacomo-Raspadori,it ITA,FWMF,Sassuolo,21-071,2000,23,970,10.8,4,0,4,0,0,1,0,0.37,0,0.37,0.37,0.37,Matches
Federico Ravaglia\Federico-Ravaglia,it ITA,GK,Bologna,21-170,1999,2,180,2,0,0,0,0,0,0,0,0,0,0,0,0,Matches
Ante Rebi?\Ante-Rebic,hr CRO,FW,Milan,27-221,1993,23,1567,17.4,7,3,7,0,0,4,1,0.4,0.17,0.57,0.4,0.57,Matches
Arkadiusz Reca\Arkadiusz-Reca,pl POL,DF,Crotone,25-317,1995,28,2231,24.8,2,3,2,0,0,7,0,0.08,0.12,0.2,0.08,0.2,Matches
Vasco Regini\Vasco-Regini,it ITA,DF,Sampdoria,30-233,1990,2,77,0.9,0,0,0,0,0,0,0,0,0,0,0,0,Matches
Pepe Reina\Pepe-Reina,es ESP,GK,Lazio,38-242,1982,26,2340,26,0,0,0,0,0,1,0,0,0,0,0,0,Matches
Bryan Reynolds\Bryan-Reynolds,us USA,DF,Roma,19-306,2001,3,180,2,0,0,0,0,0,0,0,0,0,0,0,0,Matches
Franck Ribéry\Franck-Ribery,fr FRA,FW,Fiorentina,38-023,1983,25,1831,20.3,2,6,2,0,0,5,1,0.1,0.29,0.39,0.1,0.39,Matches
Federico Ricci\Federico-Ricci,it ITA,FW,Sassuolo,26-338,1994,1,4,0,0,0,0,0,0,0,0,0,0,0,0,0,Matches
Giacomo Ricci\Giacomo-Ricci,it ITA,DF,Parma,24-240,1996,3,67,0.7,0,0,0,0,0,0,0,0,0,0,0,0,Matches
Matteo Ricci\Matteo-Ricci,it ITA,MF,Spezia,26-338,1994,25,1955,21.7,0,2,0,0,0,4,0,0,0.09,0.09,0,0.09,Matches
Tomás Rincón\Tomas-Rincon,ve VEN,MF,Torino,33-107,1988,30,2428,27,1,1,1,0,0,9,1,0.04,0.04,0.07,0.04,0.07,Matches
Andrea Rispoli\Andrea-Rispoli,it ITA,DF,Crotone,32-213,1988,18,607,6.7,0,0,0,0,0,4,0,0,0,0,0,0,Matches
Emmanuel Rivière\Emmanuel-Riviere,fr FRA,FWMF,Crotone,31-058,1990,19,617,6.9,1,1,1,0,0,1,0,0.15,0.15,0.29,0.15,0.29,Matches
Ricardo Rodríguez\Ricardo-Rodriguez,ch SUI,DF,Torino,28-248,1992,15,1183,13.1,0,0,0,0,0,1,0,0,0,0,0,0,Matches
Marko Rog\Marko-Rog,hr CRO,MF,Cagliari,25-285,1995,14,1165,12.9,0,0,0,0,0,2,0,0,0,0,0,0,Matches
Rogério\Rogerio,br BRA,DF,Sassuolo,23-107,1998,24,1654,18.4,0,1,0,0,0,4,0,0,0.05,0.05,0,0.05,Matches
Luis Rojas\Luis-Rojas,cl CHI,MFFW,Crotone,19-055,2002,6,75,0.8,0,0,0,0,0,1,0,0,0,0,0,0,Matches
Alessio Romagnoli\Alessio-Romagnoli,it ITA,DF,Milan,26-108,1995,21,1817,20.2,1,1,1,0,0,7,0,0.05,0.05,0.1,0.05,0.1,Matches
Cristian Romero\Cristian-Romero,ar ARG,DF,Atalanta,23-003,1998,26,2095,23.3,2,2,2,0,0,10,0,0.09,0.09,0.17,0.09,0.17,Matches
Cristiano Ronaldo\Cristiano-Ronaldo,pt POR,FW,Juventus,36-084,1985,29,2463,27.4,25,2,20,5,6,3,0,0.91,0.07,0.99,0.73,0.8,Matches
Marten de Roon\Marten-de-Roon,nl NED,MF,Atalanta,30-032,1991,30,2572,28.6,1,1,1,0,0,6,0,0.03,0.03,0.07,0.03,0.07,Matches
Nicolò Rovella\Nicolo-Rovella,it ITA,MF,Genoa,19-147,2001,15,886,9.8,0,1,0,0,0,3,0,0,0.1,0.1,0,0.1,Matches
Amir Rrahmani\Amir-Rrahmani,xk KVX,DF,Napoli,27-065,1994,12,734,8.2,0,0,0,0,0,1,0,0,0,0,0,0,Matches
Kevin Rüegg\Kevin-Ruegg,ch SUI,MFDF,Hellas Verona,22-268,1998,5,121,1.3,0,0,0,0,0,0,0,0,0,0,0,0,Matches
Daniele Rugani\Daniele-Rugani,it ITA,DF,Cagliari,26-275,1994,13,905,10.1,1,1,1,0,0,2,0,0.1,0.1,0.2,0.1,0.2,Matches
Matteo Ruggeri\Matteo-Ruggeri,it ITA,DF,Atalanta,18-293,2002,6,208,2.3,0,0,0,0,0,0,0,0,0,0,0,0,Matches
Mário Rui\Mario-Rui,pt POR,DF,Napoli,29-338,1991,24,1621,18,0,2,0,0,0,4,0,0,0.11,0.11,0,0.11,Matches
Fabián Ruiz Peña\Fabian-Ruiz-Pena,es ESP,MF,Napoli,25-027,1996,28,2129,23.7,2,1,2,0,0,1,0,0.08,0.04,0.13,0.08,0.13,Matches
Alexis Saelemaekers\Alexis-Saelemaekers,be BEL,FW,Milan,21-307,1999,28,1738,19.3,2,3,2,0,0,6,1,0.1,0.16,0.26,0.1,0.26,Matches
Jacopo Sala\Jacopo-Sala,it ITA,DF,Spezia,29-146,1991,6,375,4.2,0,0,0,0,0,1,0,0,0,0,0,0,Matches
Eddy Salcedo\Eddy-Salcedo,it ITA,FWMF,Hellas Verona,19-211,2001,17,585,6.5,1,0,1,0,0,3,0,0.15,0,0.15,0.15,0.15,Matches
Antonio Sanabria\Antonio-Sanabria,py PAR,FW,Torino,25-057,1996,9,595,6.6,5,1,5,0,0,2,0,0.76,0.15,0.91,0.76,0.91,Matches
Alexis Sánchez\Alexis-Sanchez,cl CHI,FW,Inter,32-132,1988,26,1005,11.2,5,5,5,0,1,0,0,0.45,0.45,0.9,0.45,0.9,Matches
Alex Sandro\Alex-Sandro,br BRA,DF,Juventus,30-094,1991,21,1408,15.6,2,1,2,0,0,2,0,0.13,0.06,0.19,0.13,0.19,Matches
Nicola Sansone\Nicola-Sansone,it ITA,FWMF,Bologna,29-232,1991,22,1023,11.4,2,2,2,0,0,2,0,0.18,0.18,0.35,0.18,0.35,Matches
Federico Santander\Federico-Santander,py PAR,FW,Bologna,29-330,1991,4,37,0.4,0,1,0,0,0,0,0,0,2.43,2.43,0,2.43,Matches
Davide Santon\Davide-Santon,it ITA,DF,Roma,30-118,1991,5,306,3.4,0,0,0,0,0,1,0,0,0,0,0,0,Matches
Samir Santos\Samir-Santos,br BRA,DF,Udinese,26-146,1994,26,2072,23,1,0,1,0,0,6,0,0.04,0,0.04,0.04,0.04,Matches
Riccardo Saponara\Riccardo-Saponara,it ITA,FW,Fiorentina,29-130,1991,2,52,0.6,0,0,0,0,0,0,0,0,0,0,0,0,Matches
Riccardo Saponara\Riccardo-Saponara,it ITA,FW,Spezia,29-130,1991,5,202,2.2,0,0,0,0,0,2,1,0,0,0,0,0,Matches
Marco Sau\Marco-Sau,it ITA,MFFW,Benevento,33-178,1987,24,785,8.7,4,2,3,1,1,1,1,0.46,0.23,0.69,0.34,0.57,Matches
Gianluca Scamacca\Gianluca-Scamacca,it ITA,FW,Genoa,22-119,1999,23,1203,13.4,6,2,6,0,0,1,0,0.45,0.15,0.6,0.45,0.6,Matches
Nicolás Schiappacasse\Nicolas-Schiappacasse,uy URU,MF,Sassuolo,22-108,1999,1,15,0.2,0,0,0,0,0,0,0,0,0,0,0,0,Matches
Pasquale Schiattarella\Pasquale-Schiattarella,it ITA,MF,Benevento,33-335,1987,27,2092,23.2,1,1,1,0,0,12,1,0.04,0.04,0.09,0.04,0.09,Matches
Jerdy Schouten\Jerdy-Schouten,nl NED,MF,Bologna,24-108,1997,30,2194,24.4,1,1,1,0,0,5,1,0.04,0.04,0.08,0.04,0.08,Matches
Matteo Scozzarella\Matteo-Scozzarella,it ITA,MF,Parma,32-329,1988,3,153,1.7,0,0,0,0,0,1,0,0,0,0,0,0,Matches
Jacopo Segre\Jacopo-Segre,it ITA,MF,Torino,24-072,1997,9,191,2.1,0,0,0,0,0,1,0,0,0,0,0,0,Matches
Léo Sena\Leo-Sena,br BRA,MF,Spezia,25-120,1995,13,753,8.4,0,0,0,0,0,0,0,0,0,0,0,0,Matches
Stefano Sensi\Stefano-Sensi,it ITA,MF,Inter,25-268,1995,13,433,4.8,0,0,0,0,0,1,1,0,0,0,0,0,Matches
Luigi Sepe\Luigi-Sepe,it ITA,GK,Parma,29-357,1991,31,2790,31,0,0,0,0,0,0,0,0,0,0,0,0,Matches
Stephan El Shaarawy\Stephan-El-Shaarawy,it ITA,MFFW,Roma,28-185,1992,7,366,4.1,0,1,0,0,0,1,0,0,0.25,0.25,0,0.25,Matches
Eldor Shomurodov\Eldor-Shomurodov,uz UZB,FW,Genoa,25-305,1995,26,1322,14.7,4,1,4,0,0,0,0,0.27,0.07,0.34,0.27,0.34,Matches
Luca Siligardi\Luca-Siligardi,it ITA,FW,Parma,33-094,1988,2,34,0.4,0,0,0,0,0,0,0,0,0,0,0,0,Matches
Luca Siligardi\Luca-Siligardi,it ITA,MF,Crotone,33-094,1988,4,49,0.5,0,0,0,0,0,0,0,0,0,0,0,0,Matches
Adrien Silva\Adrien-Silva,pt POR,MF,Sampdoria,32-046,1989,21,1407,15.6,0,1,0,0,0,7,1,0,0.06,0.06,0,0.06,Matches
Marco Silvestri\Marco-Silvestri,it ITA,GK,Hellas Verona,30-059,1991,33,2970,33,0,0,0,0,0,1,0,0,0,0,0,0,Matches
Giovanni Simeone\Giovanni-Simeone,ar ARG,FW,Cagliari,25-299,1995,31,1703,18.9,6,2,6,0,0,1,0,0.32,0.11,0.42,0.32,0.42,Matches
Wilfried Singo\Wilfried-Singo,ci CIV,DF,Torino,20-126,2000,24,1617,18,1,2,1,0,0,4,1,0.06,0.11,0.17,0.06,0.17,Matches
Salvatore Sirigu\Salvatore-Sirigu,it ITA,GK,Torino,34-108,1987,27,2430,27,0,0,0,0,0,0,0,0,0,0,0,0,Matches
?ukasz Skorupski\Lukasz-Skorupski,pl POL,GK,Bologna,29-360,1991,25,2250,25,0,0,0,0,0,1,0,0,0,0,0,0,Matches
Andreas Skov Olsen\Andreas-Skov-Olsen,dk DEN,FWDF,Bologna,21-122,1999,21,929,10.3,2,2,2,0,0,1,0,0.19,0.19,0.39,0.19,0.39,Matches
Milan Škriniar\Milan-Skriniar,sk SVK,DF,Inter,26-078,1995,29,2507,27.9,3,0,3,0,0,1,0,0.11,0,0.11,0.11,0.11,Matches
Chris Smalling\Chris-Smalling,eng ENG,DF,Roma,31-159,1989,15,1021,11.3,0,1,0,0,0,3,0,0,0.09,0.09,0,0.09,Matches
Simon Sohm\Simon-Sohm,ch SUI,MF,Parma,20-019,2001,14,640,7.1,0,0,0,0,0,1,0,0,0,0,0,0,Matches
Roberto Soriano\Roberto-Soriano,it ITA,MF,Bologna,30-081,1991,33,2892,32.1,9,6,9,0,0,4,0,0.28,0.19,0.47,0.28,0.47,Matches
Riccardo Sottil\Riccardo-Sottil,it ITA,MFFW,Cagliari,21-331,1999,20,1173,13,2,1,2,0,0,3,0,0.15,0.08,0.23,0.15,0.23,Matches
Adama Soumaoro\Adama-Soumaoro,fr FRA,DF,Bologna,28-316,1992,15,1305,14.5,1,0,1,0,0,3,0,0.07,0,0.07,0.07,0.07,Matches
Leonardo Spinazzola\Leonardo-Spinazzola,it ITA,DF,Roma,28-036,1993,27,2124,23.6,2,4,2,0,0,0,0,0.08,0.17,0.25,0.08,0.25,Matches
Marco Sportiello\Marco-Sportiello,it ITA,GK,Atalanta,28-355,1992,13,1105,12.3,0,0,0,0,0,0,0,0,0,0,0,0,Matches
Mattia Sprocati\Mattia-Sprocati,it ITA,FW,Parma,28-002,1993,1,22,0.2,0,0,0,0,0,0,0,0,0,0,0,0,Matches
Thomas Strakosha\Thomas-Strakosha,al ALB,GK,Lazio,26-042,1995,6,540,6,0,0,0,0,0,0,0,0,0,0,0,0,Matches
Kevin Strootman\Kevin-Strootman,nl NED,MF,Genoa,31-076,1990,15,1092,12.1,0,4,0,0,0,6,0,0,0.33,0.33,0,0.33,Matches
Jens Stryger Larsen\Jens-Stryger-Larsen,dk DEN,DF,Udinese,30-068,1991,28,2188,24.3,2,0,2,0,0,0,0,0.08,0,0.08,0.08,0.08,Matches
Stefano Sturaro\Stefano-Sturaro,it ITA,MF,Hellas Verona,28-052,1993,9,378,4.2,0,0,0,0,0,4,0,0,0,0,0,0,Matches
Stefano Sturaro\Stefano-Sturaro,it ITA,MF,Genoa,28-052,1993,6,445,4.9,1,0,1,0,0,1,0,0.2,0,0.2,0.2,0.2,Matches
Bosko Sutalo\Bosko-Sutalo,hr CRO,DF,Atalanta,21-119,2000,7,233,2.6,0,0,0,0,0,0,0,0,0,0,0,0,Matches
Mattias Svanberg\Mattias-Svanberg,se SWE,MF,Bologna,22-115,1999,30,1573,17.5,5,2,5,0,0,7,1,0.29,0.11,0.4,0.29,0.4,Matches
Wojciech Szcz?sny\Wojciech-Szczesny,pl POL,GK,Juventus,31-012,1990,26,2340,26,0,0,0,0,0,0,0,0,0,0,0,0,Matches
Adrien Tameze\Adrien-Tameze,cm CMR,MF,Hellas Verona,27-085,1994,30,2209,24.5,1,0,1,0,0,4,0,0.04,0,0.04,0.04,0.04,Matches
Ciprian T?t?ru?anu\Ciprian-Tatarusanu,ro ROU,GK,Milan,35-080,1986,1,90,1,0,0,0,0,0,0,0,0,0,0,0,0,Matches
Andrés Tello\Andres-Tello,co COL,MFDF,Benevento,24-236,1996,14,368,4.1,0,0,0,0,0,2,0,0,0,0,0,0,Matches
Hidde ter Avest\Hidde-ter-Avest,nl NED,DF,Udinese,23-345,1997,6,351,3.9,0,0,0,0,0,0,0,0,0,0,0,0,Matches
Pietro Terracciano\Pietro-Terracciano,it ITA,GK,Fiorentina,31-053,1990,1,47,0.5,0,0,0,0,0,0,0,0,0,0,0,0,Matches
Claudio Terzi\Claudio-Terzi,it ITA,DF,Spezia,36-315,1984,22,1599,17.8,1,1,1,0,0,9,1,0.06,0.06,0.11,0.06,0.11,Matches
Morten Thorsby\Morten-Thorsby,no NOR,MF,Sampdoria,24-360,1996,30,2423,26.9,3,0,3,0,0,9,0,0.11,0,0.11,0.11,0.11,Matches
Jeremy Toljan\Jeremy-Toljan,de GER,DF,Sassuolo,26-265,1994,21,1234,13.7,0,2,0,0,0,2,0,0,0.15,0.15,0,0.15,Matches
Rafael Tolói\Rafael-Toloi,it ITA,DF,Atalanta,30-202,1990,28,2283,25.4,2,0,2,0,0,7,0,0.08,0,0.08,0.08,0.08,Matches
Takehiro Tomiyasu\Takehiro-Tomiyasu,jp JPN,DF,Bologna,22-176,1998,26,2282,25.4,2,0,2,0,0,4,0,0.08,0,0.08,0.08,0.08,Matches
Fikayo Tomori\Fikayo-Tomori,eng ENG,DF,Milan,23-132,1997,12,1016,11.3,0,0,0,0,0,0,0,0,0,0,0,0,Matches
Sandro Tonali\Sandro-Tonali,it ITA,MF,Milan,20-357,2000,24,1285,14.3,0,0,0,0,0,1,1,0,0,0,0,0,Matches
Lorenzo Tonelli\Lorenzo-Tonelli,it ITA,DF,Sampdoria,31-103,1990,20,1557,17.3,1,0,1,0,0,10,0,0.06,0,0.06,0.06,0.06,Matches
Ernesto Torregrossa\Ernesto-Torregrossa,it ITA,FW,Sampdoria,28-306,1992,5,159,1.8,1,0,1,0,0,0,0,0.57,0,0.57,0.57,0.57,Matches
Mattéo Tramoni\Matteo-Tramoni,fr FRA,FWMF,Cagliari,21-100,2000,6,74,0.8,0,0,0,0,0,1,0,0,0,0,0,0,Matches
Chaka Traorè\Chaka-Traore,ci CIV,MFDF,Parma,16-128,2004,1,6,0.1,0,0,0,0,0,0,0,0,0,0,0,0,Matches
Alessandro Tripaldelli\Alessandro-Tripaldelli,it ITA,DF,Cagliari,22-080,1999,10,300,3.3,0,0,0,0,0,1,0,0,0,0,0,0,Matches
Alessandro Tuia\Alessandro-Tuia,it ITA,DF,Benevento,30-326,1990,25,1620,18,1,0,1,0,0,5,0,0.06,0,0.06,0.06,0.06,Matches
?ubomír Tupta\Lubomir-Tupta,sk SVK,MF,Hellas Verona,23-034,1998,2,50,0.6,0,0,0,0,0,0,0,0,0,0,0,0,Matches
Iyenoma Udogie\Iyenoma-Udogie,it ITA,DFMF,Hellas Verona,18-153,2002,5,120,1.3,0,0,0,0,0,0,0,0,0,0,0,0,Matches
Lautaro Valenti\Lautaro-Valenti,ar ARG,DF,Parma,22-106,1999,7,244,2.7,0,0,0,0,0,0,0,0,0,0,0,0,Matches
Borja Valero\Borja-Valero,es ESP,MFFW,Fiorentina,36-108,1985,19,446,5,0,0,0,0,0,3,0,0,0,0,0,0,Matches
Denis Vavro\Denis-Vavro,sk SVK,DF,Lazio,25-020,1996,1,32,0.4,0,0,0,0,0,0,0,0,0,0,0,0,Matches
Matías Vecino\Matias-Vecino,uy URU,MF,Inter,29-249,1991,4,34,0.4,0,0,0,0,0,0,0,0,0,0,0,0,Matches
Miguel Veloso\Miguel-Veloso,pt POR,MF,Hellas Verona,34-354,1986,20,1276,14.2,2,2,0,2,2,1,0,0.14,0.14,0.28,0,0.14,Matches
Lorenzo Venuti\Lorenzo-Venuti,it ITA,DF,Fiorentina,26-018,1995,23,1404,15.6,0,0,0,0,0,2,0,0,0,0,0,0,Matches
Daniele Verde\Daniele-Verde,it ITA,FW,Spezia,24-314,1996,17,798,8.9,5,1,5,0,0,1,0,0.56,0.11,0.68,0.56,0.68,Matches
Simone Verdi\Simone-Verdi,it ITA,MFFW,Torino,28-292,1992,28,1425,15.8,1,4,1,0,0,5,0,0.06,0.25,0.32,0.06,0.32,Matches
Jordan Veretout\Jordan-Veretout,fr FRA,MF,Roma,28-060,1993,29,2053,22.8,10,2,5,5,5,4,0,0.44,0.09,0.53,0.22,0.31,Matches
Edoardo Vergani\Edoardo-Vergani,it ITA,FW,Bologna,20-083,2001,1,12,0.1,0,0,0,0,0,0,0,0,0,0,0,0,Matches
Valerio Verre\Valerio-Verre,it ITA,MF,Sampdoria,27-109,1994,22,781,8.7,2,2,2,0,0,2,0,0.23,0.23,0.46,0.23,0.46,Matches
Guglielmo Vicario\Guglielmo-Vicario,it ITA,GK,Cagliari,24-205,1996,4,360,4,0,0,0,0,0,0,0,0,0,0,0,0,Matches
Arturo Vidal\Arturo-Vidal,cl CHI,MF,Inter,33-343,1987,23,1138,12.6,1,1,1,0,0,3,0,0.08,0.08,0.16,0.08,0.16,Matches
Ronaldo Vieira\Ronaldo-Vieira,gw GNB,MF,Hellas Verona,22-285,1998,4,226,2.5,0,0,0,0,0,1,0,0,0,0,0,0,Matches
Luca Vignali\Luca-Vignali,it ITA,DF,Spezia,25-109,1996,18,1320,14.7,0,0,0,0,0,3,1,0,0,0,0,0,Matches
Emanuel Vignato\Emanuel-Vignato,it ITA,FWDF,Bologna,20-249,2000,26,861,9.6,1,1,1,0,0,4,0,0.1,0.1,0.21,0.1,0.21,Matches
Gonzalo Villar\Gonzalo-Villar,es ESP,MF,Roma,23-038,1998,29,1713,19,0,1,0,0,0,7,0,0,0.05,0.05,0,0.05,Matches
Nicolas Viola\Nicolas-Viola,it ITA,MF,Benevento,31-200,1989,14,864,9.6,5,2,1,4,4,1,0,0.52,0.21,0.73,0.1,0.31,Matches
Dušan Vlahovi?\Dusan-Vlahovic,rs SRB,FW,Fiorentina,21-092,2000,32,2473,27.5,17,3,12,5,5,0,0,0.62,0.11,0.73,0.44,0.55,Matches
Mërgim Vojvoda\Mergim-Vojvoda,xk KVX,DF,Torino,26-088,1995,20,1044,11.6,0,2,0,0,0,2,0,0,0.17,0.17,0,0.17,Matches
Stefan de Vrij\Stefan-de-Vrij,nl NED,DF,Inter,29-084,1992,30,2554,28.4,1,0,1,0,0,2,0,0.04,0,0.04,0.04,0.04,Matches
Giacomo Vrioni\Giacomo-Vrioni,al ALB,MF,Juventus,22-197,1998,1,1,0,0,0,0,0,0,0,0,0,0,0,0,0,Matches
Miloš Vuli?\Milos-Vulic,rs SRB,MF,Crotone,24-254,1996,23,1255,13.9,1,1,1,0,0,2,0,0.07,0.07,0.14,0.07,0.14,Matches
Walace\Walace,br BRA,MF,Udinese,26-026,1995,25,1645,18.3,0,0,0,0,0,2,0,0,0,0,0,0,Matches
Sebastian Walukiewicz\Sebastian-Walukiewicz,pl POL,DF,Cagliari,21-025,2000,19,1618,18,0,1,0,0,0,1,0,0,0.06,0.06,0,0.06,Matches
Maya Yoshida\Maya-Yoshida,jp JPN,DF,Sampdoria,32-249,1988,28,1959,21.8,1,1,1,0,0,5,0,0.05,0.05,0.09,0.05,0.09,Matches
Ashley Young\Ashley-Young,eng ENG,DF,Inter,35-295,1985,23,1231,13.7,0,3,0,0,0,4,0,0,0.22,0.22,0,0.22,Matches
Mattia Zaccagni\Mattia-Zaccagni,it ITA,MFFW,Hellas Verona,25-318,1995,31,2250,25,5,5,4,1,1,5,0,0.2,0.2,0.4,0.16,0.36,Matches
Miha Zajc\Miha-Zajc,si SVN,MF,Genoa,26-303,1994,26,1643,18.3,1,3,1,0,0,4,0,0.05,0.16,0.22,0.05,0.22,Matches
Niccolò Zanellato\Niccolo-Zanellato,it ITA,MF,Crotone,22-310,1998,23,1527,17,1,1,1,0,0,2,0,0.06,0.06,0.12,0.06,0.12,Matches
Cristián Zapata\Cristian-Zapata,co COL,DF,Genoa,34-212,1986,9,698,7.8,0,0,0,0,0,1,0,0,0,0,0,0,Matches
Duván Zapata\Duvan-Zapata,co COL,FW,Atalanta,30-029,1991,32,2052,22.8,14,7,13,1,1,0,0,0.61,0.31,0.92,0.57,0.88,Matches
Gabriele Zappa\Gabriele-Zappa,it ITA,DF,Cagliari,21-129,1999,30,2180,24.2,0,4,0,0,0,3,0,0,0.17,0.17,0,0.17,Matches
Davide Zappacosta\Davide-Zappacosta,it ITA,DF,Genoa,28-323,1992,21,1708,19,2,2,2,0,0,2,0,0.11,0.11,0.21,0.11,0.21,Matches
Simone Zaza\Simone-Zaza,it ITA,FW,Torino,29-309,1991,23,1256,14,6,0,6,0,0,4,0,0.43,0,0.43,0.43,0.43,Matches
Marvin Zeegelaar\Marvin-Zeegelaar,nl NED,DF,Udinese,30-261,1990,21,1549,17.2,1,0,1,0,0,6,0,0.06,0,0.06,0.06,0.06,Matches
Piotr Zieli?ski\Piotr-Zielinski,pl POL,MF,Napoli,26-345,1994,31,2154,23.9,6,8,6,0,0,2,0,0.25,0.33,0.58,0.25,0.58,Matches
Joshua Zirkzee\Joshua-Zirkzee,nl NED,FWMF,Parma,19-343,2001,4,113,1.3,0,0,0,0,0,0,0,0,0,0,0,0,Matches
Jeroen Zoet\Jeroen-Zoet,nl NED,GK,Spezia,30-114,1991,6,513,5.7,0,0,0,0,0,1,0,0,0,0,0,0,Matches
Filip ?uri?i?\Filip-Djuricic,rs SRB,MFFW,Sassuolo,29-090,1992,28,1918,21.3,5,4,4,1,1,5,0,0.23,0.19,0.42,0.19,0.38,Matches
