Player,Nation,Pos,Squad,Age,Born,MP,Starts,Min,90s,Gls,Ast,G-PK,PK,PKatt,CrdY,CrdR,Gls,Ast,G+A,G-PK,G+A-PK,Matches
Ignazio Abate\Ignazio-Abate,it ITA,DF,Milan,31,1986,19,15,1302,14.5,0,0,0,0,0,4,0,0,0,0,0,0,Matches
Francesco Acerbi\Francesco-Acerbi,it ITA,DF,Lazio,30,1988,37,37,3309,36.8,3,1,3,0,0,4,1,0.08,0.03,0.11,0.08,0.11,Matches
Afriyie Acquah\Afriyie-Acquah,gh GHA,MF,Empoli,26,1992,28,19,1510,16.8,2,0,2,0,0,4,0,0.12,0,0.12,0.12,0.12,Matches
Claud Adjapong\Claud-Adjapong,it ITA,MFDF,Sassuolo,20,1998,5,3,270,3,1,0,1,0,0,1,0,0.33,0,0.33,0.33,0.33,Matches
Ali Adnan Kadhim\Ali-Adnan-Kadhim,iq IRQ,MFDF,Atalanta,24,1993,3,2,166,1.8,0,0,0,0,0,0,0,0,0,0,0,0,Matches
Emmanuel Agyemang-Badu\Emmanuel-Agyemang-Badu,gh GHA,MF,Udinese,27,1990,4,2,161,1.8,0,0,0,0,0,0,0,0,0,0,0,0,Matches
Ola Aina\Ola-Aina,ng NGA,DFMF,Torino,21,1996,30,22,2160,24,1,3,1,0,0,5,1,0.04,0.12,0.17,0.04,0.17,Matches
Luis Alberto\Luis-Alberto,es ESP,MFFW,Lazio,25,1992,27,25,1990,22.1,4,5,3,1,1,5,1,0.18,0.23,0.41,0.14,0.36,Matches
Raúl Albiol\Raul-Albiol,es ESP,DF,Napoli,32,1985,20,19,1713,19,1,0,1,0,0,4,0,0.05,0,0.05,0.05,0.05,Matches
Allan\Allan,br BRA,MF,Napoli,27,1991,33,28,2616,29.1,1,3,1,0,0,10,0,0.03,0.1,0.14,0.03,0.14,Matches
Bruno Alves\Bruno-Alves,pt POR,DF,Parma,36,1981,33,33,2922,32.5,4,1,4,0,0,9,1,0.12,0.03,0.15,0.12,0.15,Matches
Joachim Andersen\Joachim-Andersen,dk DEN,DF,Sampdoria,22,1996,32,32,2880,32,0,1,0,0,0,7,0,0,0.03,0.03,0,0.03,Matches
Marco Andreolli\Marco-Andreolli,it ITA,DF,Cagliari,32,1986,3,1,106,1.2,0,0,0,0,0,1,0,0,0,0,0,0,Matches
Marco Andreolli\Marco-Andreolli,it ITA,DF,Chievo,32,1986,8,7,646,7.2,0,0,0,0,0,2,0,0,0,0,0,0,Matches
Cristian Ansaldi\Cristian-Ansaldi,ar ARG,DFMF,Torino,31,1986,24,23,1807,20.1,3,2,3,0,0,3,0,0.15,0.1,0.25,0.15,0.25,Matches
Mirco Antenucci\Mirco-Antenucci,it ITA,FW,SPAL,33,1984,35,22,2133,23.7,5,0,4,1,2,0,0,0.21,0,0.21,0.17,0.17,Matches
Luca Antonelli\Luca-Antonelli,it ITA,DFMF,Empoli,31,1987,13,10,755,8.4,0,1,0,0,0,1,0,0,0.12,0.12,0,0.12,Matches
Mauro Antonio Burruchaga\Mauro-Antonio-Burruchaga,ar ARG,MF,Chievo,20,1998,1,0,58,0.6,0,0,0,0,0,0,0,0,0,0,0,0,Matches
Joaquín Ardaiz\Joaquin-Ardaiz,uy URU,FW,Frosinone,19,1999,1,0,20,0.2,0,0,0,0,0,0,0,0,0,0,0,0,Matches
Lorenzo Ariaudo\Lorenzo-Ariaudo,it ITA,DF,Frosinone,29,1989,19,19,1682,18.7,0,0,0,0,0,2,0,0,0,0,0,0,Matches
Nicolò Armini\Nicolo-Armini,it ITA,DF,Lazio,17,2001,1,0,38,0.4,0,0,0,0,0,0,0,0,0,0,0,0,Matches
Kwadwo Asamoah\Kwadwo-Asamoah,gh GHA,DF,Inter,29,1988,32,30,2671,29.7,0,1,0,0,0,6,0,0,0.03,0.03,0,0.03,Matches
Emil Audero\Emil-Audero,it ITA,GK,Sampdoria,21,1997,36,36,3240,36,0,0,0,0,0,4,0,0,0,0,0,0,Matches
Khouma Babacar\Khouma-Babacar,sn SEN,FW,Sassuolo,25,1993,29,16,1488,16.5,7,2,5,2,2,0,0,0.42,0.12,0.54,0.3,0.42,Matches
Milan Badelj\Milan-Badelj,hr CRO,MF,Lazio,29,1989,23,14,1141,12.7,1,0,1,0,0,6,0,0.08,0,0.08,0.08,0.08,Matches
Tiemoué Bakayoko\Tiemoue-Bakayoko,fr FRA,MF,Milan,23,1994,31,26,2301,25.6,1,1,1,0,0,6,1,0.04,0.04,0.08,0.04,0.08,Matches
Keita Baldé\Keita-Balde,sn SEN,FWMF,Inter,23,1995,24,8,889,9.9,5,2,5,0,0,2,1,0.51,0.2,0.71,0.51,0.71,Matches
Andrija Bali?\Andrija-Balic,hr CRO,FWMF,Udinese,20,1997,4,0,27,0.3,0,0,0,0,0,0,0,0,0,0,0,0,Matches
Mattia Bani\Mattia-Bani,it ITA,DF,Chievo,24,1993,30,29,2610,29,0,0,0,0,0,8,1,0,0,0,0,0,Matches
Antonín Barák\Antonin-Barak,cz CZE,MFFW,Udinese,23,1994,8,4,329,3.7,0,0,0,0,0,0,0,0,0,0,0,0,Matches
Federico Barba\Federico-Barba,it ITA,DF,Chievo,24,1993,30,29,2483,27.6,0,0,0,0,0,6,2,0,0,0,0,0,Matches
Francesco Bardi\Francesco-Bardi,it ITA,GK,Frosinone,26,1992,3,3,270,3,0,0,0,0,0,0,0,0,0,0,0,0,Matches
Nicolò Barella\Nicolo-Barella,it ITA,MFFW,Cagliari,21,1997,35,35,3107,34.5,1,3,1,0,1,10,2,0.03,0.09,0.12,0.03,0.12,Matches
Antonino Barillà\Antonino-Barilla,it ITA,MF,Parma,30,1988,31,30,2618,29.1,3,2,3,0,0,10,0,0.1,0.07,0.17,0.1,0.17,Matches
Édgar Barreto\Edgar-Barreto,py PAR,MF,Sampdoria,34,1984,12,9,785,8.7,0,2,0,0,0,2,0,0,0.23,0.23,0,0.23,Matches
Musa Barrow\Musa-Barrow,gm GAM,FWMF,Atalanta,19,1998,22,6,601,6.7,1,2,1,0,0,0,0,0.15,0.3,0.45,0.15,0.45,Matches
Andrea Barzagli\Andrea-Barzagli,it ITA,DF,Juventus,37,1981,7,4,260,2.9,0,0,0,0,0,0,0,0,0,0,0,0,Matches
Daniele Baselli\Daniele-Baselli,it ITA,MF,Torino,26,1992,34,27,2379,26.4,4,1,4,0,0,5,0,0.15,0.04,0.19,0.15,0.19,Matches
Alessandro Bastoni\Alessandro-Bastoni,it ITA,DF,Parma,19,1999,24,18,1690,18.8,1,0,1,0,0,2,0,0.05,0,0.05,0.05,0.05,Matches
Bastos\Bastos,ao ANG,DF,Lazio,27,1991,18,11,1139,12.7,1,0,1,0,0,3,0,0.08,0,0.08,0.08,0.08,Matches
Andrea Beghetto\Andrea-Beghetto,it ITA,DFMF,Frosinone,23,1994,27,25,2226,24.7,0,3,0,0,0,3,0,0,0.12,0.12,0,0.12,Matches
Valon Behrami\Valon-Behrami,ch SUI,MF,Udinese,33,1985,19,17,1361,15.1,1,0,1,0,0,6,0,0.07,0,0.07,0.07,0.07,Matches
Andrea Belotti\Andrea-Belotti,it ITA,FW,Torino,24,1993,37,37,3299,36.7,15,3,10,5,6,5,0,0.41,0.08,0.49,0.27,0.35,Matches
Marco Benassi\Marco-Benassi,it ITA,MF,Fiorentina,23,1994,32,29,2282,25.4,7,1,7,0,0,6,1,0.28,0.04,0.32,0.28,0.32,Matches
Medhi Benatia\Medhi-Benatia,ma MAR,DF,Juventus,31,1987,5,5,450,5,0,0,0,0,0,2,0,0,0,0,0,0,Matches
Ismaël Bennacer\Ismael-Bennacer,dz ALG,MF,Empoli,20,1997,37,32,2961,32.9,0,5,0,0,0,7,0,0,0.15,0.15,0,0.15,Matches
Rodrigo Bentancur\Rodrigo-Bentancur,uy URU,MF,Juventus,21,1997,31,21,2003,22.3,2,3,2,0,0,8,1,0.09,0.13,0.22,0.09,0.22,Matches
Domenico Berardi\Domenico-Berardi,it ITA,FWMF,Sassuolo,23,1994,35,32,2875,31.9,8,4,7,1,1,5,1,0.25,0.13,0.38,0.22,0.34,Matches
Álex Berenguer\Alex-Berenguer,es ESP,MFFW,Torino,23,1995,31,15,1486,16.5,2,3,2,0,0,4,0,0.12,0.18,0.3,0.12,0.3,Matches
Bartosz Bereszy?ski\Bartosz-Bereszynski,pl POL,DF,Sampdoria,26,1992,27,24,2200,24.4,0,2,0,0,0,6,1,0,0.08,0.08,0,0.08,Matches
Etrit Berisha\Etrit-Berisha,al ALB,GK,Atalanta,29,1989,18,18,1620,18,0,0,0,0,0,1,0,0,0,0,0,0,Matches
Valon Berisha\Valon-Berisha,xk KVX,MF,Lazio,25,1993,8,1,198,2.2,0,0,0,0,0,0,0,0,0,0,0,0,Matches
Federico Bernardeschi\Federico-Bernardeschi,it ITA,FWMF,Juventus,24,1994,28,14,1473,16.4,2,3,2,0,0,5,1,0.12,0.18,0.31,0.12,0.31,Matches
Daniel Bessa\Daniel-Bessa,it ITA,MF,Genoa,25,1993,34,25,2441,27.1,1,3,1,0,0,8,0,0.04,0.11,0.15,0.04,0.15,Matches
Jonathan Biabiany\Jonathan-Biabiany,fr FRA,FWMF,Parma,30,1988,18,12,1069,11.9,0,0,0,0,0,4,0,0,0,0,0,0,Matches
Lucas Biglia\Lucas-Biglia,ar ARG,MF,Milan,32,1986,16,13,1114,12.4,1,0,1,0,0,3,0,0.08,0,0.08,0.08,0.08,Matches
Cristiano Biraghi\Cristiano-Biraghi,it ITA,DF,Fiorentina,25,1992,36,36,3194,35.5,1,4,1,0,0,8,0,0.03,0.11,0.14,0.03,0.14,Matches
Davide Biraschi\Davide-Biraschi,it ITA,DF,Genoa,24,1994,34,32,2841,31.6,0,0,0,0,0,3,1,0,0,0,0,0,Matches
Valter Birsa\Valter-Birsa,si SVN,MFFW,Chievo,31,1986,17,12,1101,12.2,2,2,1,1,1,1,0,0.16,0.16,0.33,0.08,0.25,Matches
Valter Birsa\Valter-Birsa,si SVN,MFFW,Cagliari,31,1986,12,4,353,3.9,0,0,0,0,0,0,0,0,0,0,0,0,Matches
Kevin-Prince Boateng\Kevin-Prince-Boateng,gh GHA,FW,Sassuolo,31,1987,13,11,938,10.4,4,1,2,2,2,1,0,0.38,0.1,0.48,0.19,0.29,Matches
Jeremie Boga\Jeremie-Boga,ci CIV,FWMF,Sassuolo,21,1997,25,14,1443,16,3,1,3,0,0,0,0,0.19,0.06,0.25,0.19,0.25,Matches
Giacomo Bonaventura\Giacomo-Bonaventura,it ITA,MF,Milan,28,1989,8,8,646,7.2,3,1,3,0,0,0,0,0.42,0.14,0.56,0.42,0.56,Matches
Kevin Bonifazi\Kevin-Bonifazi,it ITA,DF,SPAL,22,1996,27,26,2301,25.6,2,1,2,0,0,2,0,0.08,0.04,0.12,0.08,0.12,Matches
Leonardo Bonucci\Leonardo-Bonucci,it ITA,DF,Juventus,31,1987,29,27,2472,27.5,3,0,3,0,0,2,0,0.11,0,0.11,0.11,0.11,Matches
Fabio Borini\Fabio-Borini,it ITA,FWMF,Milan,27,1991,20,10,1054,11.7,2,2,2,0,0,3,0,0.17,0.17,0.34,0.17,0.34,Matches
Mehdi Bourabia\Mehdi-Bourabia,ma MAR,MF,Sassuolo,26,1991,32,21,2010,22.3,1,0,1,0,0,8,1,0.04,0,0.04,0.04,0.04,Matches
Filip Bradari?\Filip-Bradaric,hr CRO,MF,Cagliari,26,1992,27,17,1494,16.6,0,2,0,0,0,5,0,0,0.12,0.12,0,0.12,Matches
Gleison Bremer\Gleison-Bremer,br BRA,DF,Torino,21,1997,5,2,183,2,0,0,0,0,0,1,0,0,0,0,0,0,Matches
Nicolò Brighenti\Nicolo-Brighenti,it ITA,DF,Frosinone,28,1989,11,11,990,11,0,0,0,0,0,4,0,0,0,0,0,0,Matches
Matteo Brighi\Matteo-Brighi,it ITA,MF,Empoli,37,1981,10,1,231,2.6,1,0,1,0,0,1,0,0.39,0,0.39,0.39,0.39,Matches
Enrico Brignola\Enrico-Brignola,it ITA,FW,Sassuolo,19,1999,7,2,175,1.9,1,0,1,0,0,2,0,0.51,0,0.51,0.51,0.51,Matches
Marcelo Brozovi?\Marcelo-Brozovic,hr CRO,MF,Inter,25,1992,32,31,2650,29.4,2,1,2,0,0,11,1,0.07,0.03,0.1,0.07,0.1,Matches
Rafael Cabral\Rafael-Cabral,br BRA,GK,Sampdoria,28,1990,2,2,180,2,0,0,0,0,0,0,0,0,0,0,0,0,Matches
Fabrizio Cacciatore\Fabrizio-Cacciatore,it ITA,DF,Cagliari,31,1986,7,7,580,6.4,0,2,0,0,0,2,0,0,0.31,0.31,0,0.31,Matches
Fabrizio Cacciatore\Fabrizio-Cacciatore,it ITA,DF,Chievo,31,1986,7,5,497,5.5,0,0,0,0,0,1,0,0,0,0,0,0,Matches
Martín Cáceres\Martin-Caceres,uy URU,DFFW,Lazio,31,1987,4,3,307,3.4,0,0,0,0,0,0,0,0,0,0,0,0,Matches
Martín Cáceres\Martin-Caceres,uy URU,DF,Juventus,31,1987,9,7,628,7,0,0,0,0,0,1,0,0,0,0,0,0,Matches
Felipe Caicedo\Felipe-Caicedo,ec ECU,FW,Lazio,29,1988,28,17,1371,15.2,8,2,7,1,1,4,0,0.53,0.13,0.66,0.46,0.59,Matches
Arturo Calabresi\Arturo-Calabresi,it ITA,DF,Bologna,22,1996,18,16,1412,15.7,1,0,1,0,0,8,0,0.06,0,0.06,0.06,0.06,Matches
Davide Calabria\Davide-Calabria,it ITA,DF,Milan,21,1996,26,22,1950,21.7,1,2,1,0,0,5,0,0.05,0.09,0.14,0.05,0.14,Matches
Hakan Çalhano?lu\Hakan-Calhanoglu,tr TUR,FWMF,Milan,24,1994,36,34,2884,32,3,6,3,0,0,3,0,0.09,0.19,0.28,0.09,0.28,Matches
José Callejón\Jose-Callejon,es ESP,MFFW,Napoli,31,1987,34,29,2650,29.4,3,10,3,0,0,1,0,0.1,0.34,0.44,0.1,0.44,Matches
Joel Campbell\Joel-Campbell,cr CRC,FWMF,Frosinone,26,1992,17,11,891,9.9,0,3,0,0,0,4,0,0,0.3,0.3,0,0.3,Matches
Emre Can\Emre-Can,de GER,MF,Juventus,24,1994,29,20,1811,20.1,4,1,3,1,1,7,0,0.2,0.05,0.25,0.15,0.2,Matches
João Cancelo\Joao-Cancelo,pt POR,DF,Juventus,24,1994,25,22,1968,21.9,1,3,1,0,0,6,0,0.05,0.14,0.18,0.05,0.18,Matches
Antonio Candreva\Antonio-Candreva,it ITA,FWMF,Inter,31,1987,18,5,502,5.6,1,0,1,0,0,0,0,0.18,0,0.18,0.18,0.18,Matches
Luan Capanni\Luan-Capanni,br BRA,FW,Lazio,18,2000,1,0,9,0.1,0,0,0,0,0,1,0,0,0,0,0,0,Matches
Leonardo Capezzi\Leonardo-Capezzi,it ITA,MF,Empoli,23,1995,12,9,772,8.6,0,0,0,0,0,4,0,0,0,0,0,0,Matches
Gianluca Caprari\Gianluca-Caprari,it ITA,FWMF,Sampdoria,25,1993,21,12,1031,11.5,6,2,6,0,0,1,0,0.52,0.17,0.7,0.52,0.7,Matches
Marco Capuano\Marco-Capuano,it ITA,DF,Frosinone,26,1991,27,27,2307,25.6,0,0,0,0,0,5,1,0,0,0,0,0,Matches
Francesco Caputo\Francesco-Caputo,it ITA,FW,Empoli,30,1987,38,38,3420,38,16,3,13,3,6,3,0,0.42,0.08,0.5,0.34,0.42,Matches
Francesco Cassata\Francesco-Cassata,it ITA,MFFW,Frosinone,21,1997,19,14,1124,12.5,2,2,2,0,0,9,1,0.16,0.16,0.32,0.16,0.32,Matches
Timothy Castagne\Timothy-Castagne,be BEL,DFMF,Atalanta,22,1995,28,21,2006,22.3,4,3,4,0,0,3,0,0.18,0.13,0.31,0.18,0.31,Matches
Samu Castillejo\Samu-Castillejo,es ESP,FWMF,Milan,23,1995,31,8,1023,11.4,4,2,4,0,0,3,0,0.35,0.18,0.53,0.35,0.53,Matches
Lucas Castro\Lucas-Castro,ar ARG,MFFW,Cagliari,29,1989,12,10,896,10,1,3,1,0,0,1,0,0.1,0.3,0.4,0.1,0.4,Matches
Danilo Cataldi\Danilo-Cataldi,it ITA,MFFW,Lazio,23,1994,12,4,578,6.4,2,1,2,0,0,2,0,0.31,0.16,0.47,0.31,0.47,Matches
Federico Ceccherini\Federico-Ceccherini,it ITA,DF,Fiorentina,26,1992,15,11,994,11,0,0,0,0,0,2,0,0,0,0,0,0,Matches
Žan Celar\Zan-Celar,si SVN,FW,Roma,19,1999,1,0,5,0.1,0,0,0,0,0,0,0,0,0,0,0,0,Matches
Álex Centelles\Alex-Centelles,es ESP,DF,Udinese,20,1997,8,6,583,6.5,0,0,0,0,0,4,0,0,0,0,0,0,Matches
Luca Ceppitelli\Luca-Ceppitelli,it ITA,DF,Cagliari,28,1989,24,24,2051,22.8,2,1,2,0,0,6,2,0.09,0.04,0.13,0.09,0.13,Matches
Fabio Ceravolo\Fabio-Ceravolo,it ITA,FW,Parma,31,1987,25,12,1185,13.2,2,0,1,1,2,1,0,0.15,0,0.15,0.08,0.08,Matches
Alberto Cerri\Alberto-Cerri,it ITA,FW,Cagliari,22,1996,15,7,670,7.4,0,0,0,0,0,3,0,0,0,0,0,0,Matches
Boštjan Cesar\Bostjan-Cesar,si SVN,DF,Chievo,36,1982,14,11,1079,12,1,0,1,0,0,3,0,0.08,0,0.08,0.08,0.08,Matches
Raman Chibsah\Raman-Chibsah,gh GHA,MF,Frosinone,25,1993,32,30,2622,29.1,1,0,1,0,0,5,0,0.03,0,0.03,0.03,0.03,Matches
Giorgio Chiellini\Giorgio-Chiellini,it ITA,DF,Juventus,33,1984,25,22,1991,22.1,1,1,1,0,0,3,0,0.05,0.05,0.09,0.05,0.09,Matches
Federico Chiesa\Federico-Chiesa,it ITA,FWMF,Fiorentina,20,1997,37,34,3034,33.7,6,3,6,0,0,4,0,0.18,0.09,0.27,0.18,0.27,Matches
Vlad Chiriche?\Vlad-Chiriches,ro ROU,DF,Napoli,28,1989,3,3,147,1.6,0,0,0,0,0,0,0,0,0,0,0,0,Matches
Camillo Ciano\Camillo-Ciano,it ITA,FWMF,Frosinone,28,1990,33,28,2454,27.3,7,4,5,2,3,12,0,0.26,0.15,0.4,0.18,0.33,Matches
Amato Ciciretti\Amato-Ciciretti,it ITA,FWMF,Parma,24,1993,6,1,139,1.5,0,0,0,0,0,0,0,0,0,0,0,0,Matches
Luca Cigarini\Luca-Cigarini,it ITA,MF,Cagliari,32,1986,25,20,1682,18.7,0,2,0,0,0,9,0,0,0.11,0.11,0,0.11,Matches
Daniel Ciofani\Daniel-Ciofani,it ITA,FW,Frosinone,33,1985,31,17,1618,18,5,2,3,2,2,1,0,0.28,0.11,0.39,0.17,0.28,Matches
Thiago Cionek\Thiago-Cionek,pl POL,DF,SPAL,32,1986,31,29,2542,28.2,0,3,0,0,0,12,2,0,0.11,0.11,0,0.11,Matches
Omar Colley\Omar-Colley,gm GAM,DF,Sampdoria,25,1992,21,21,1762,19.6,0,0,0,0,0,1,1,0,0,0,0,0,Matches
Andrea Consigli\Andrea-Consigli,it ITA,GK,Sassuolo,31,1987,36,36,3213,35.7,0,0,0,0,0,2,1,0,0,0,0,0,Matches
Andrea Conti\Andrea-Conti,it ITA,DF,Milan,24,1994,12,4,500,5.6,0,2,0,0,0,3,0,0,0.36,0.36,0,0.36,Matches
Gabriele Corbo\Gabriele-Corbo,it ITA,DF,Bologna,18,2000,1,0,5,0.1,0,0,0,0,0,0,0,0,0,0,0,0,Matches
Ante ?ori?\Ante-Coric,hr CRO,MF,Roma,21,1997,2,0,24,0.3,0,0,0,0,0,0,0,0,0,0,0,0,Matches
Joaquín Correa\Joaquin-Correa,ar ARG,FWMF,Lazio,23,1994,34,18,1927,21.4,5,6,5,0,0,5,0,0.23,0.28,0.51,0.23,0.51,Matches
Douglas Costa\Douglas-Costa,br BRA,FWMF,Juventus,27,1990,17,7,621,6.9,1,0,1,0,0,2,1,0.14,0,0.14,0.14,0.14,Matches
Filippo Costa\Filippo-Costa,it ITA,MFDF,SPAL,23,1995,9,6,564,6.3,0,0,0,0,0,0,0,0,0,0,0,0,Matches
Alessio Cragno\Alessio-Cragno,it ITA,GK,Cagliari,24,1994,38,38,3420,38,0,0,0,0,0,1,0,0,0,0,0,0,Matches
Domenico Criscito\Domenico-Criscito,it ITA,DF,Genoa,31,1986,35,35,3070,34.1,2,4,1,1,1,12,1,0.06,0.12,0.18,0.03,0.15,Matches
Lorenzo Crisetig\Lorenzo-Crisetig,it ITA,MF,Frosinone,25,1993,8,5,507,5.6,0,0,0,0,0,3,0,0,0,0,0,0,Matches
Bryan Cristante\Bryan-Cristante,it ITA,MF,Roma,23,1995,35,26,2425,26.9,4,3,4,0,0,10,0,0.15,0.11,0.26,0.15,0.26,Matches
Alessio da Cruz\Alessio-da-Cruz,nl NED,FWMF,Parma,21,1997,3,1,144,1.6,0,0,0,0,0,0,0,0,0,0,0,0,Matches
Juan Cuadrado\Juan-Cuadrado,co COL,MFDF,Juventus,30,1988,18,14,1220,13.6,1,2,1,0,0,4,0,0.07,0.15,0.22,0.07,0.22,Matches
Patrick Cutrone\Patrick-Cutrone,it ITA,FW,Milan,20,1998,34,12,1457,16.2,3,2,3,0,0,2,0,0.19,0.12,0.31,0.19,0.31,Matches
Marco D'Alessandro\Marco-DAlessandro,it ITA,DFMF,Udinese,27,1991,24,16,1495,16.6,0,2,0,0,0,3,0,0,0.12,0.12,0,0.12,Matches
Danilo D'Ambrosio\Danilo-DAmbrosio,it ITA,DF,Inter,29,1988,30,29,2579,28.7,2,5,2,0,0,6,0,0.07,0.17,0.24,0.07,0.24,Matches
Bryan Dabo\Bryan-Dabo,bf BFA,MFDF,Fiorentina,26,1992,23,6,831,9.2,1,1,1,0,0,4,0,0.11,0.11,0.22,0.11,0.22,Matches
Felipe dal Belo\Felipe-dal-Belo,br BRA,DF,SPAL,34,1984,30,27,2361,26.2,3,2,3,0,0,13,0,0.11,0.08,0.19,0.11,0.19,Matches
Nicola Dalmonte\Nicola-Dalmonte,it ITA,MFFW,Genoa,20,1997,3,0,44,0.5,0,0,0,0,0,0,0,0,0,0,0,0,Matches
Vitalie Dama?can\Vitalie-Damascan,md MDA,MF,Torino,19,1999,1,0,4,0,0,0,0,0,0,0,0,0,0,0,0,0,Matches
Sebastien De Maio\Sebastien-De-Maio,fr FRA,DF,Udinese,31,1987,16,13,1173,13,1,0,1,0,0,1,1,0.08,0,0.08,0.08,0.08,Matches
Sebastien De Maio\Sebastien-De-Maio,fr FRA,DF,Bologna,31,1987,6,6,491,5.5,0,1,0,0,0,3,0,0,0.18,0.18,0,0.18,Matches
Rodrigo De Paul\Rodrigo-De-Paul,ar ARG,MFFW,Udinese,24,1994,36,36,3189,35.4,9,9,6,3,6,7,0,0.25,0.25,0.51,0.17,0.42,Matches
Daniele De Rossi\Daniele-De-Rossi,it ITA,MF,Roma,35,1983,18,15,1270,14.1,1,1,1,0,0,3,0,0.07,0.07,0.14,0.07,0.14,Matches
Mattia De Sciglio\Mattia-De-Sciglio,it ITA,DF,Juventus,25,1992,22,19,1743,19.4,0,1,0,0,0,2,0,0,0.05,0.05,0,0.05,Matches
Lorenzo De Silvestri\Lorenzo-De-Silvestri,it ITA,DFMF,Torino,30,1988,32,30,2415,26.8,2,4,2,0,0,3,0,0.07,0.15,0.22,0.07,0.22,Matches
Grégoire Defrel\Gregoire-Defrel,mq MTQ,FWMF,Sampdoria,27,1991,36,26,2339,26,11,3,11,0,0,2,0,0.42,0.12,0.54,0.42,0.54,Matches
Alessandro Deiola\Alessandro-Deiola,it ITA,MF,Cagliari,22,1995,10,5,450,5,0,0,0,0,0,2,0,0,0,0,0,0,Matches
Alessandro Deiola\Alessandro-Deiola,it ITA,MF,Parma,22,1995,10,5,545,6.1,0,1,0,0,0,3,0,0,0.17,0.17,0,0.17,Matches
Cristian Dell'Orco\Cristian-DellOrco,it ITA,DF,Empoli,24,1994,12,12,1035,11.5,1,0,1,0,0,1,0,0.09,0,0.09,0.09,0.09,Matches
Cristian Dell'Orco\Cristian-DellOrco,it ITA,DF,Sassuolo,24,1994,3,1,110,1.2,0,1,0,0,0,0,0,0,0.82,0.82,0,0.82,Matches
Merih Demiral\Merih-Demiral,tr TUR,DF,Sassuolo,20,1998,14,14,1260,14,2,0,2,0,0,3,0,0.14,0,0.14,0.14,0.14,Matches
Fabio Depaoli\Fabio-Depaoli,it ITA,DF,Chievo,21,1997,33,27,2468,27.4,0,4,0,0,0,12,2,0,0.15,0.15,0,0.15,Matches
Kiril Despodov\Kiril-Despodov,bg BUL,FWMF,Cagliari,21,1996,4,0,105,1.2,0,0,0,0,0,0,0,0,0,0,0,0,Matches
Daniele Dessena\Daniele-Dessena,it ITA,MF,Cagliari,31,1987,11,3,352,3.9,0,0,0,0,0,3,0,0,0,0,0,0,Matches
Mattia Destro\Mattia-Destro,it ITA,FWMF,Bologna,27,1991,17,5,493,5.5,4,1,4,0,0,3,0,0.73,0.18,0.91,0.73,0.91,Matches
Jacopo Dezi\Jacopo-Dezi,it ITA,MF,Parma,26,1992,1,1,90,1,0,0,0,0,0,0,0,0,0,0,0,0,Matches
Federico Di Francesco\Federico-Di-Francesco,it ITA,FWMF,Sassuolo,24,1994,19,14,1074,11.9,2,2,2,0,0,2,0,0.17,0.17,0.34,0.17,0.34,Matches
Antonio Di Gaudio\Antonio-Di-Gaudio,it ITA,FWMF,Parma,28,1989,12,9,699,7.8,0,1,0,0,0,0,0,0,0.13,0.13,0,0.13,Matches
Giovanni Di Lorenzo\Giovanni-Di-Lorenzo,it ITA,DF,Empoli,24,1993,37,37,3330,37,5,3,5,0,0,8,0,0.14,0.08,0.22,0.14,0.22,Matches
Amadou Diawara\Amadou-Diawara,gn GUI,MF,Napoli,21,1997,13,8,661,7.3,0,0,0,0,0,4,0,0,0,0,0,0,Matches
Lorenzo Dickmann\Lorenzo-Dickmann,it ITA,DFMF,SPAL,21,1996,6,2,175,1.9,0,0,0,0,0,1,0,0,0,0,0,0,Matches
Mitchell Dijks\Mitchell-Dijks,nl NED,DFMF,Bologna,25,1993,25,23,2023,22.5,1,0,1,0,0,5,1,0.04,0,0.04,0.04,0.04,Matches
Federico Dimarco\Federico-Dimarco,it ITA,DF,Parma,20,1997,13,10,892,9.9,1,0,1,0,0,4,0,0.1,0,0.1,0.1,0.1,Matches
Federico Dionisi\Federico-Dionisi,it ITA,FW,Frosinone,31,1987,9,1,204,2.3,1,0,1,0,0,2,0,0.44,0,0.44,0.44,0.44,Matches
Assane Dioussé\Assane-Diousse,sn SEN,MF,Chievo,20,1997,14,9,892,9.9,0,0,0,0,0,5,0,0,0,0,0,0,Matches
Koffi Djidji\Koffi-Djidji,ci CIV,DF,Torino,25,1992,17,16,1387,15.4,0,0,0,0,0,2,0,0,0,0,0,0,Matches
Berat Djimsiti\Berat-Djimsiti,al ALB,DF,Atalanta,25,1993,24,20,1807,20.1,1,2,1,0,0,3,0,0.05,0.1,0.15,0.05,0.15,Matches
Johan Djourou\Johan-Djourou,ch SUI,DF,SPAL,31,1987,5,3,279,3.1,0,0,0,0,0,0,0,0,0,0,0,0,Matches
Gianluigi Donnarumma\Gianluigi-Donnarumma,it ITA,GK,Milan,19,1999,36,36,3090,34.3,0,0,0,0,0,4,0,0,0,0,0,0,Matches
Godfred Donsah\Godfred-Donsah,gh GHA,MF,Bologna,22,1996,6,1,153,1.7,0,0,0,0,0,0,0,0,0,0,0,0,Matches
Riccardo Doratiotto\Riccardo-Doratiotto,it ITA,FW,Cagliari,19,1999,1,1,78,0.9,0,0,0,0,0,0,0,0,0,0,0,0,Matches
Bart?omiej Dr?gowski\Bartlomiej-Dragowski,pl POL,GK,Fiorentina,20,1997,3,2,225,2.5,0,0,0,0,0,0,0,0,0,0,0,0,Matches
Bart?omiej Dr?gowski\Bartlomiej-Dragowski,pl POL,GK,Empoli,20,1997,14,14,1260,14,0,0,0,0,0,2,0,0,0,0,0,0,Matches
Alfred Duncan\Alfred-Duncan,gh GHA,MF,Sassuolo,25,1993,26,21,1848,20.5,4,4,4,0,0,7,1,0.19,0.19,0.39,0.19,0.39,Matches
Riza Durmisi\Riza-Durmisi,dk DEN,DFMF,Lazio,24,1994,10,2,326,3.6,0,1,0,0,0,4,0,0,0.28,0.28,0,0.28,Matches
Paulo Dybala\Paulo-Dybala,ar ARG,FWMF,Juventus,24,1993,30,24,2137,23.7,5,4,4,1,1,2,0,0.21,0.17,0.38,0.17,0.34,Matches
Edin Džeko\Edin-Dzeko,ba BIH,FW,Roma,32,1986,33,28,2579,28.7,9,6,9,0,0,9,0,0.31,0.21,0.52,0.31,0.52,Matches
Blerim Džemaili\Blerim-Dzemaili,ch SUI,MF,Bologna,32,1986,28,20,1750,19.4,1,1,1,0,0,4,0,0.05,0.05,0.1,0.05,0.1,Matches
Simone Edera\Simone-Edera,it ITA,FW,Bologna,21,1997,4,3,196,2.2,0,0,0,0,0,1,0,0,0,0,0,0,Matches
Simone Edera\Simone-Edera,it ITA,FWMF,Torino,21,1997,3,1,77,0.9,0,0,0,0,0,0,0,0,0,0,0,0,Matches
Albin Ekdal\Albin-Ekdal,se SWE,MF,Sampdoria,29,1989,32,30,2646,29.4,0,0,0,0,0,6,0,0,0,0,0,0,Matches
Valentin Eysseric\Valentin-Eysseric,fr FRA,FWMF,Fiorentina,26,1992,8,4,358,4,0,1,0,0,0,1,0,0,0.25,0.25,0,0.25,Matches
Diego Falcinelli\Diego-Falcinelli,it ITA,FW,Bologna,27,1991,16,8,703,7.8,0,1,0,0,0,0,0,0,0.13,0.13,0,0.13,Matches
Iago Falque\Iago-Falque,es ESP,FWMF,Torino,28,1990,26,19,1612,17.9,6,4,6,0,0,1,0,0.33,0.22,0.56,0.33,0.56,Matches
Paolo Faragò\Paolo-Farago,it ITA,MFDF,Cagliari,25,1993,26,17,1703,18.9,1,1,1,0,0,8,1,0.05,0.05,0.11,0.05,0.11,Matches
Mohamed Fares\Mohamed-Fares,dz ALG,DFMF,SPAL,22,1996,35,32,2949,32.8,3,0,3,0,0,12,0,0.09,0,0.09,0.09,0.09,Matches
Diego Farias\Diego-Farias,br BRA,FW,Cagliari,28,1990,16,7,700,7.8,3,0,3,0,0,3,0,0.39,0,0.39,0.39,0.39,Matches
Diego Farias\Diego-Farias,br BRA,FW,Empoli,28,1990,16,16,1193,13.3,4,4,4,0,0,1,0,0.3,0.3,0.6,0.3,0.6,Matches
Andrea Favilli\Andrea-Favilli,it ITA,FWMF,Genoa,21,1997,6,0,170,1.9,0,2,0,0,0,0,0,0,1.06,1.06,0,1.06,Matches
Federico Fazio\Federico-Fazio,ar ARG,DF,Roma,31,1987,34,31,2806,31.2,5,0,5,0,0,6,0,0.16,0,0.16,0.16,0.16,Matches
Luiz Felipe\Luiz-Felipe,br BRA,DF,Lazio,21,1997,17,15,1289,14.3,1,1,1,0,0,4,0,0.07,0.07,0.14,0.07,0.14,Matches
Edimilson Fernandes\Edimilson-Fernandes,ch SUI,MF,Fiorentina,22,1996,29,23,1970,21.9,2,0,2,0,0,9,1,0.09,0,0.09,0.09,0.09,Matches
Alex Ferrari\Alex-Ferrari,it ITA,DF,Sampdoria,24,1994,6,6,540,6,0,0,0,0,0,2,0,0,0,0,0,0,Matches
Sergio Floccari\Sergio-Floccari,it ITA,FW,SPAL,36,1981,20,11,976,10.8,3,1,3,0,0,3,0,0.28,0.09,0.37,0.28,0.37,Matches
Alessandro Florenzi\Alessandro-Florenzi,it ITA,DFFW,Roma,27,1991,29,24,2180,24.2,3,2,3,0,0,5,1,0.12,0.08,0.21,0.12,0.21,Matches
Seko Fofana\Seko-Fofana,ci CIV,MF,Udinese,23,1995,31,31,2639,29.3,2,4,2,0,0,5,0,0.07,0.14,0.2,0.07,0.2,Matches
Pierluigi Frattali\Pierluigi-Frattali,it ITA,GK,Parma,32,1985,1,1,90,1,0,0,0,0,0,0,0,0,0,0,0,0,Matches
Remo Freuler\Remo-Freuler,ch SUI,MF,Atalanta,26,1992,35,35,3022,33.6,2,6,2,0,0,4,0,0.06,0.18,0.24,0.06,0.24,Matches
Nicolas Frey\Nicolas-Frey,fr FRA,DF,Chievo,34,1984,5,3,227,2.5,0,0,0,0,0,0,0,0,0,0,0,0,Matches
Manolo Gabbiadini\Manolo-Gabbiadini,it ITA,FW,Sampdoria,26,1991,18,8,812,9,4,2,4,0,0,5,0,0.44,0.22,0.67,0.44,0.67,Matches
Gianluca Gaetano\Gianluca-Gaetano,it ITA,FW,Napoli,18,2000,2,0,8,0.1,0,0,0,0,0,0,0,0,0,0,0,0,Matches
Roberto Gagliardini\Roberto-Gagliardini,it ITA,MF,Inter,24,1994,19,13,1087,12.1,5,0,5,0,0,4,0,0.41,0,0.41,0.41,0.41,Matches
Riccardo Gagliolo\Riccardo-Gagliolo,se SWE,DF,Parma,28,1990,34,34,3045,33.8,0,2,0,0,0,7,0,0,0.06,0.06,0,0.06,Matches
Marcello Gazzola\Marcello-Gazzola,it ITA,DFMF,Parma,33,1985,20,9,921,10.2,1,0,1,0,0,3,0,0.1,0,0.1,0.1,0.1,Matches
Gerson\Gerson,br BRA,MFFW,Fiorentina,21,1997,36,27,2426,27,3,3,3,0,0,9,0,0.11,0.11,0.22,0.11,0.22,Matches
Gervinho\Gervinho,ci CIV,FW,Parma,31,1987,30,27,2304,25.6,11,2,11,0,0,3,0,0.43,0.08,0.51,0.43,0.51,Matches
Paolo Ghiglione\Paolo-Ghiglione,it ITA,MFDF,Frosinone,21,1997,9,6,514,5.7,1,0,1,0,0,4,0,0.18,0,0.18,0.18,0.18,Matches
Faouzi Ghoulam\Faouzi-Ghoulam,dz ALG,DF,Napoli,27,1991,16,12,1154,12.8,1,3,1,0,0,2,0,0.08,0.23,0.31,0.08,0.31,Matches
Emanuele Giaccherini\Emanuele-Giaccherini,it ITA,MFFW,Chievo,33,1985,26,22,2009,22.3,3,1,2,1,2,8,0,0.13,0.04,0.18,0.09,0.13,Matches
Massimo Gobbi\Massimo-Gobbi,it ITA,DF,Parma,37,1980,16,13,1183,13.1,0,1,0,0,0,3,0,0,0.08,0.08,0,0.08,Matches
Edoardo Goldaniga\Edoardo-Goldaniga,it ITA,DF,Frosinone,24,1993,29,29,2610,29,1,1,1,0,0,6,0,0.03,0.03,0.07,0.03,0.07,Matches
Pierluigi Gollini\Pierluigi-Gollini,it ITA,GK,Atalanta,23,1995,20,20,1799,20,0,0,0,0,0,1,0,0,0,0,0,0,Matches
Papu Gómez\Papu-Gomez,ar ARG,MFFW,Atalanta,30,1988,35,34,2899,32.2,7,11,7,0,0,5,0,0.22,0.34,0.56,0.22,0.56,Matches
Alfred Gomis\Alfred-Gomis,sn SEN,GK,SPAL,24,1993,20,19,1724,19.2,0,0,0,0,0,0,0,0,0,0,0,0,Matches
Giancarlo González\Giancarlo-Gonzalez,cr CRC,DF,Bologna,30,1988,12,8,746,8.3,0,1,0,0,0,2,0,0,0.12,0.12,0,0.12,Matches
Mirko Gori\Mirko-Gori,it ITA,MF,Frosinone,25,1993,10,2,329,3.7,0,0,0,0,0,3,0,0,0,0,0,0,Matches
Robin Gosens\Robin-Gosens,de GER,DFMF,Atalanta,24,1994,28,23,1942,21.6,3,2,3,0,0,2,0,0.14,0.09,0.23,0.14,0.23,Matches
Paolo Gozzi Iweru\Paolo-Gozzi-Iweru,it ITA,DF,Juventus,17,2001,1,1,90,1,0,0,0,0,0,0,0,0,0,0,0,0,Matches
Alberto Grassi\Alberto-Grassi,it ITA,MF,Parma,23,1995,7,5,462,5.1,0,0,0,0,0,0,0,0,0,0,0,0,Matches
Sergej Grubac\Sergej-Grubac,me MNE,FWMF,Chievo,18,2000,3,2,157,1.7,0,0,0,0,0,1,0,0,0,0,0,0,Matches
Guido Guerrieri\Guido-Guerrieri,it ITA,GK,Lazio,22,1996,1,1,90,1,0,0,0,0,0,0,0,0,0,0,0,0,Matches
Koray Günter\Koray-Gunter,de GER,DF,Genoa,23,1994,14,8,835,9.3,0,0,0,0,0,1,0,0,0,0,0,0,Matches
Emil Hallfreðsson\Emil-Hallfredsson,is ISL,MF,Udinese,34,1984,3,1,137,1.5,1,0,1,0,0,0,0,0.66,0,0.66,0.66,0.66,Matches
Emil Hallfreðsson\Emil-Hallfredsson,is ISL,MF,Frosinone,34,1984,6,5,392,4.4,0,0,0,0,0,2,0,0,0,0,0,0,Matches
Marek Hamšík\Marek-Hamsik,sk SVK,MF,Napoli,31,1987,13,12,916,10.2,0,0,0,0,0,1,0,0,0,0,0,0,Matches
Dávid Hancko\David-Hancko,sk SVK,DF,Fiorentina,20,1997,5,3,282,3.1,0,0,0,0,0,0,0,0,0,0,0,0,Matches
Samir Handanovi?\Samir-Handanovic,si SVN,GK,Inter,34,1984,38,38,3420,38,0,0,0,0,0,0,0,0,0,0,0,0,Matches
Hans Hateboer\Hans-Hateboer,nl NED,DFMF,Atalanta,24,1994,35,33,2973,33,5,5,5,0,0,5,0,0.15,0.15,0.3,0.15,0.3,Matches
Filip Helander\Filip-Helander,se SWE,DF,Bologna,25,1993,20,19,1713,19,0,0,0,0,0,6,0,0,0,0,0,0,Matches
Dalbert Henrique\Dalbert-Henrique,br BRA,DF,Inter,24,1993,11,9,778,8.6,0,1,0,0,0,2,0,0,0.12,0.12,0,0.12,Matches
Përparim Hetemaj\Perparim-Hetemaj,fi FIN,MF,Chievo,31,1986,30,25,2156,24,2,0,2,0,0,9,0,0.08,0,0.08,0.08,0.08,Matches
Gonzalo Higuaín\Gonzalo-Higuain,ar ARG,FW,Milan,30,1987,15,15,1277,14.2,6,1,6,0,1,3,1,0.42,0.07,0.49,0.42,0.49,Matches
Oscar Hiljemark\Oscar-Hiljemark,se SWE,MF,Genoa,26,1992,17,15,1196,13.3,1,0,1,0,0,0,0,0.08,0,0.08,0.08,0.08,Matches
Vitor Hugo\Vitor-Hugo,br BRA,DF,Fiorentina,27,1991,30,27,2470,27.4,0,2,0,0,0,7,1,0,0.07,0.07,0,0.07,Matches
Elseid Hysaj\Elseid-Hysaj,al ALB,DF,Napoli,24,1994,27,24,2107,23.4,0,2,0,0,0,4,0,0,0.09,0.09,0,0.09,Matches
Simone Iacoponi\Simone-Iacoponi,it ITA,DF,Parma,31,1987,38,38,3346,37.2,0,0,0,0,0,4,0,0,0,0,0,0,Matches
Roger Ibanez\Roger-Ibanez,br BRA,FW,Atalanta,19,1998,1,0,2,0,0,0,0,0,0,0,0,0,0,0,0,0,Matches
Mauro Icardi\Mauro-Icardi,ar ARG,FW,Inter,25,1993,29,24,2267,25.2,11,4,6,5,6,0,0,0.44,0.16,0.6,0.24,0.4,Matches
Salvador Ichazo\Salvador-Ichazo,uy URU,GK,Torino,26,1992,3,2,251,2.8,0,0,0,0,0,0,0,0,0,0,0,0,Matches
Josip Ili?i?\Josip-Ilicic,si SVN,FWMF,Atalanta,30,1988,31,23,2145,23.8,12,7,12,0,1,5,1,0.5,0.29,0.8,0.5,0.8,Matches
Ciro Immobile\Ciro-Immobile,it ITA,FW,Lazio,28,1990,36,31,2859,31.8,15,6,11,4,4,6,0,0.47,0.19,0.66,0.35,0.54,Matches
Svante Ingelsson\Svante-Ingelsson,se SWE,MFDF,Udinese,20,1998,3,1,97,1.1,0,0,0,0,0,0,0,0,0,0,0,0,Matches
Roberto Inglese\Roberto-Inglese,it ITA,FW,Parma,26,1991,25,23,1965,21.8,9,0,7,2,2,3,0,0.41,0,0.41,0.32,0.32,Matches
Lorenzo Insigne\Lorenzo-Insigne,it ITA,FWMF,Napoli,27,1991,28,24,2073,23,10,6,9,1,2,6,1,0.43,0.26,0.69,0.39,0.65,Matches
Artur Ioni??\Artur-Ionita,md MDA,MF,Cagliari,27,1990,37,34,2968,33,3,2,3,0,0,4,1,0.09,0.06,0.15,0.09,0.15,Matches
Armando Izzo\Armando-Izzo,it ITA,DF,Torino,26,1992,37,37,3271,36.3,4,1,4,0,0,6,0,0.11,0.03,0.14,0.11,0.14,Matches
Jandrei\Jandrei,br BRA,GK,Genoa,25,1993,1,1,90,1,0,0,0,0,0,0,0,0,0,0,0,0,Matches
Marko Jankovi?\Marko-Jankovic,me MNE,MFDF,SPAL,23,1995,4,0,54,0.6,0,0,0,0,0,1,0,0,0,0,0,0,Matches
Jakub Jankto\Jakub-Jankto,cz CZE,MF,Sampdoria,22,1996,25,7,963,10.7,0,0,0,0,0,2,0,0,0,0,0,0,Matches
Pawe? Jaroszy?ski\Pawel-Jaroszynski,pl POL,DFMF,Chievo,23,1994,19,15,1348,15,0,0,0,0,0,2,0,0,0,0,0,0,Matches
Juan Jesus\Juan-Jesus,br BRA,DF,Roma,27,1991,20,15,1403,15.6,1,0,1,0,0,4,0,0.06,0,0.06,0.06,0.06,Matches
Bruno Jordão\Bruno-Jordao,pt POR,MF,Lazio,19,1998,3,1,88,1,0,0,0,0,0,0,0,0,0,0,0,0,Matches
Hamed Junior Traorè\Hamed-Junior-Traore,ci CIV,MF,Empoli,18,2000,32,26,2259,25.1,2,2,2,0,0,4,0,0.08,0.08,0.16,0.08,0.16,Matches
Musa Juwara\Musa-Juwara,gm GAM,FW,Chievo,16,2001,1,0,12,0.1,0,0,0,0,0,0,0,0,0,0,0,0,Matches
Yann Karamoh\Yann-Karamoh,fr FRA,MF,Inter,20,1998,1,0,5,0.1,0,0,0,0,0,0,0,0,0,0,0,0,Matches
Ibrahim Karamoko\Ibrahim-Karamoko,fr FRA,MF,Chievo,17,2001,2,0,65,0.7,0,0,0,0,0,0,0,0,0,0,0,0,Matches
Orestis Karnezis\Orestis-Karnezis,gr GRE,GK,Napoli,33,1985,9,9,810,9,0,0,0,0,0,0,0,0,0,0,0,0,Matches
Rick Karsdorp\Rick-Karsdorp,nl NED,DF,Roma,23,1995,11,7,593,6.6,0,1,0,0,0,1,0,0,0.15,0.15,0,0.15,Matches
Grigoris Kastanos\Grigoris-Kastanos,cy CYP,MF,Juventus,20,1998,1,1,60,0.7,0,0,0,0,0,0,0,0,0,0,0,0,Matches
Moise Kean\Moise-Kean,it ITA,FW,Juventus,18,2000,13,5,541,6,6,0,6,0,0,2,0,1,0,1,1,1,Matches
Franck Kessié\Franck-Kessie,ci CIV,MF,Milan,21,1996,34,34,3018,33.5,8,2,5,3,3,8,0,0.24,0.06,0.3,0.15,0.21,Matches
Sami Khedira\Sami-Khedira,de GER,MF,Juventus,31,1987,10,8,706,7.8,2,1,2,0,0,0,0,0.25,0.13,0.38,0.25,0.38,Matches
Sofian Kiyine\Sofian-Kiyine,ma MAR,MFDF,Chievo,20,1997,23,9,816,9.1,0,1,0,0,0,7,0,0,0.11,0.11,0,0.11,Matches
Ragnar Klavan\Ragnar-Klavan,ee EST,DF,Cagliari,32,1985,15,15,1230,13.7,0,0,0,0,0,2,0,0,0,0,0,0,Matches
Justin Kluivert\Justin-Kluivert,nl NED,FW,Roma,19,1999,29,14,1341,14.9,1,6,1,0,0,2,0,0.07,0.4,0.47,0.07,0.47,Matches
Aleksandar Kolarov\Aleksandar-Kolarov,rs SRB,DF,Roma,32,1985,33,32,2906,32.3,8,2,5,3,3,7,1,0.25,0.06,0.31,0.15,0.22,Matches
Christian Kouamé\Christian-Kouame,ci CIV,FWMF,Genoa,20,1997,38,33,3066,34.1,4,5,4,0,0,4,0,0.12,0.15,0.26,0.12,0.26,Matches
Kalidou Koulibaly\Kalidou-Koulibaly,sn SEN,DF,Napoli,27,1991,35,35,3132,34.8,2,2,2,0,0,10,1,0.06,0.06,0.11,0.06,0.11,Matches
Dawid Kownacki\Dawid-Kownacki,pl POL,FW,Sampdoria,21,1997,13,0,168,1.9,1,1,0,1,2,0,0,0.54,0.54,1.07,0,0.54,Matches
Luka Krajnc\Luka-Krajnc,si SVN,DF,Frosinone,23,1994,9,9,788,8.8,0,0,0,0,0,3,0,0,0,0,0,0,Matches
Ladislav Krej?í\Ladislav-Krejci,cz CZE,MFDF,Bologna,26,1992,18,11,1065,11.8,0,3,0,0,0,2,0,0,0.25,0.25,0,0.25,Matches
Rade Kruni?\Rade-Krunic,ba BIH,MF,Empoli,24,1993,33,33,2772,30.8,5,7,5,0,0,7,1,0.16,0.23,0.39,0.16,0.39,Matches
Juraj Kucka\Juraj-Kucka,sk SVK,MF,Parma,31,1987,18,17,1535,17.1,4,3,3,1,1,5,1,0.23,0.18,0.41,0.18,0.35,Matches
Dejan Kulusevski\Dejan-Kulusevski,se SWE,DFMF,Atalanta,18,2000,3,0,105,1.2,0,0,0,0,0,0,0,0,0,0,0,0,Matches
Jasmin Kurti?\Jasmin-Kurtic,si SVN,MF,SPAL,29,1989,30,29,2557,28.4,6,5,6,0,0,9,0,0.21,0.18,0.39,0.21,0.39,Matches
Antonino La Gumina\Antonino-La-Gumina,it ITA,FW,Empoli,22,1996,22,12,1090,12.1,2,2,2,0,0,1,0,0.17,0.17,0.33,0.17,0.33,Matches
Alban Lafont\Alban-Lafont,fr FRA,GK,Fiorentina,19,1999,34,34,3015,33.5,0,0,0,0,0,2,0,0,0,0,0,0,Matches
Abdou Lahat Diakhate\Abdou-Lahat-Diakhate,sn SEN,FW,Parma,19,1998,1,0,1,0,0,0,0,0,0,0,0,0,0,0,0,0,Matches
Gianluca Lapadula\Gianluca-Lapadula,pe PER,FWMF,Genoa,28,1990,8,4,404,4.5,1,0,1,0,0,1,0,0.22,0,0.22,0.22,0.22,Matches
Danilo Larangeira\Danilo-Larangeira,br BRA,DF,Bologna,34,1984,35,35,3077,34.2,1,0,1,0,0,4,0,0.03,0,0.03,0.03,0.03,Matches
Kevin Lasagna\Kevin-Lasagna,it ITA,FW,Udinese,25,1992,36,26,2453,27.3,6,2,6,0,1,2,0,0.22,0.07,0.29,0.22,0.29,Matches
Vincent Laurini\Vincent-Laurini,fr FRA,DF,Fiorentina,29,1989,15,10,920,10.2,0,0,0,0,0,4,0,0,0,0,0,0,Matches
Diego Laxalt\Diego-Laxalt,uy URU,DFMF,Milan,25,1993,20,6,651,7.2,0,0,0,0,0,2,0,0,0,0,0,0,Matches
Darko Lazovi?\Darko-Lazovic,rs SRB,MFDF,Genoa,27,1990,33,30,2542,28.2,3,4,3,0,0,2,0,0.11,0.14,0.25,0.11,0.25,Matches
Manuel Lazzari\Manuel-Lazzari,it ITA,MFDF,SPAL,24,1993,33,33,2835,31.5,0,8,0,0,0,7,0,0,0.25,0.25,0,0.25,Matches
Lucas Leiva\Lucas-Leiva,br BRA,MF,Lazio,31,1987,27,22,1987,22.1,0,2,0,0,0,7,0,0,0.09,0.09,0,0.09,Matches
Mauricio Lemos\Mauricio-Lemos,uy URU,DF,Sassuolo,22,1995,3,3,179,2,0,0,0,0,0,0,0,0,0,0,0,0,Matches
Lukas Lerager\Lukas-Lerager,dk DEN,MF,Genoa,25,1993,14,13,1122,12.5,1,0,1,0,0,4,0,0.08,0,0.08,0.08,0.08,Matches
Mehdi Léris\Mehdi-Leris,fr FRA,MFFW,Chievo,20,1998,23,18,1607,17.9,0,2,0,0,0,5,0,0,0.11,0.11,0,0.11,Matches
Karol Linetty\Karol-Linetty,pl POL,MF,Sampdoria,23,1995,32,30,2507,27.9,3,3,3,0,0,11,0,0.11,0.11,0.22,0.11,0.22,Matches
Pol Lirola\Pol-Lirola,es ESP,DFMF,Sassuolo,20,1997,35,32,2975,33.1,2,6,2,0,0,2,0,0.06,0.18,0.24,0.06,0.24,Matches
Adem Ljaji?\Adem-Ljajic,rs SRB,FW,Torino,26,1991,1,0,30,0.3,0,0,0,0,0,0,0,0,0,0,0,0,Matches
Manuel Locatelli\Manuel-Locatelli,it ITA,MF,Sassuolo,20,1998,29,21,1847,20.5,2,4,2,0,0,7,0,0.1,0.19,0.29,0.1,0.29,Matches
José Luis Palomino\Jose-Luis-Palomino,ar ARG,DF,Atalanta,28,1990,30,25,2261,25.1,1,1,1,0,0,6,1,0.04,0.04,0.08,0.04,0.08,Matches
Everton Luiz\Everton-Luiz,br BRA,MF,SPAL,30,1988,10,2,317,3.5,0,0,0,0,0,5,0,0,0,0,0,0,Matches
Jordan Lukaku\Jordan-Lukaku,be BEL,MFDF,Lazio,24,1994,7,1,175,1.9,0,0,0,0,0,1,0,0,0,0,0,0,Matches
Saša Luki?\Sasa-Lukic,rs SRB,MF,Torino,21,1996,24,11,989,11,2,0,2,0,0,7,0,0.18,0,0.18,0.18,0.18,Matches
Senad Luli?\Senad-Lulic,ba BIH,DFMF,Lazio,32,1986,35,34,2923,32.5,4,1,4,0,0,5,0,0.12,0.03,0.15,0.12,0.15,Matches
Sebastiano Luperto\Sebastiano-Luperto,it ITA,DF,Napoli,21,1996,12,6,728,8.1,0,0,0,0,0,0,0,0,0,0,0,0,Matches
Lyanco\Lyanco,br BRA,DF,Torino,21,1997,2,1,90,1,0,0,0,0,0,0,0,0,0,0,0,0,Matches
Lyanco\Lyanco,br BRA,DF,Bologna,21,1997,13,13,1119,12.4,1,0,1,0,0,2,1,0.08,0,0.08,0.08,0.08,Matches
Charalambos Lykogiannis\Charalambos-Lykogiannis,gr GRE,DF,Cagliari,24,1993,11,9,830,9.2,0,1,0,0,0,1,0,0,0.11,0.11,0,0.11,Matches
Darwin Machís\Darwin-Machis,ve VEN,FWMF,Udinese,25,1993,13,4,463,5.1,0,1,0,0,0,2,0,0,0.19,0.19,0,0.19,Matches
Francesco Magnanelli\Francesco-Magnanelli,it ITA,MF,Sassuolo,33,1984,26,21,1859,20.7,0,0,0,0,0,4,1,0,0,0,0,0,Matches
Giangiacomo Magnani\Giangiacomo-Magnani,it ITA,DF,Sassuolo,22,1995,19,17,1516,16.8,0,1,0,0,0,2,0,0,0.06,0.06,0,0.06,Matches
Raffaele Maiello\Raffaele-Maiello,it ITA,MF,Frosinone,27,1991,29,22,2043,22.7,0,0,0,0,0,4,0,0,0,0,0,0,Matches
Domenico Maietta\Domenico-Maietta,it ITA,DF,Empoli,35,1982,21,21,1714,19,0,0,0,0,0,5,0,0,0,0,0,0,Matches
Nikola Maksimovi?\Nikola-Maksimovic,rs SRB,DF,Napoli,26,1991,17,15,1375,15.3,0,0,0,0,0,4,0,0,0,0,0,0,Matches
Kévin Malcuit\Kevin-Malcuit,ma MAR,DF,Napoli,27,1991,24,20,1805,20.1,0,2,0,0,0,3,0,0,0.1,0.1,0,0.1,Matches
Gianluca Mancini\Gianluca-Mancini,it ITA,DF,Atalanta,22,1996,30,25,2246,25,5,2,5,0,0,5,0,0.2,0.08,0.28,0.2,0.28,Matches
Rolando Mandragora\Rolando-Mandragora,it ITA,MF,Udinese,21,1997,35,33,2918,32.4,3,2,3,0,0,8,1,0.09,0.06,0.15,0.09,0.15,Matches
Mario Mandžuki?\Mario-Mandzukic,hr CRO,FW,Juventus,32,1986,25,23,2014,22.4,9,6,9,0,0,4,0,0.4,0.27,0.67,0.4,0.67,Matches
Kostas Manolas\Kostas-Manolas,gr GRE,DF,Roma,27,1991,27,27,2324,25.8,1,1,1,0,0,6,0,0.04,0.04,0.08,0.04,0.08,Matches
Juan Manuel Valencia\Juan-Manuel-Valencia,co COL,FW,Bologna,20,1998,1,0,28,0.3,0,0,0,0,0,1,0,0,0,0,0,0,Matches
Iván Marcano\Ivan-Marcano,es ESP,DF,Roma,31,1987,10,9,810,9,0,0,0,0,0,0,0,0,0,0,0,0,Matches
Federico Marchetti\Federico-Marchetti,it ITA,GK,Genoa,35,1983,4,4,360,4,0,0,0,0,0,1,0,0,0,0,0,0,Matches
Gian Marco Ferrari\Gian-Marco-Ferrari,it ITA,DF,Sassuolo,26,1992,31,31,2790,31,4,0,4,0,0,9,0,0.13,0,0.13,0.13,0.13,Matches
João Mário\Joao-Mario,pt POR,MFFW,Inter,25,1993,20,12,1082,12,1,2,1,0,0,2,0,0.08,0.17,0.25,0.08,0.25,Matches
Marlon\Marlon,br BRA,DF,Sassuolo,22,1995,18,18,1508,16.8,1,0,1,0,0,4,1,0.06,0,0.06,0.06,0.06,Matches
Lautaro Martínez\Lautaro-Martinez,ar ARG,FW,Inter,20,1997,27,13,1344,14.9,6,2,5,1,1,4,0,0.4,0.13,0.54,0.33,0.47,Matches
Adam Maruši?\Adam-Marusic,me MNE,DFMF,Lazio,25,1992,26,24,2111,23.5,1,1,1,0,0,2,1,0.04,0.04,0.09,0.04,0.09,Matches
Andrea Masiello\Andrea-Masiello,it ITA,DF,Atalanta,32,1986,24,22,1836,20.4,0,2,0,0,0,5,0,0,0.1,0.1,0,0.1,Matches
Luca Matarese\Luca-Matarese,it ITA,FW,Frosinone,20,1998,2,0,16,0.2,0,0,0,0,0,1,0,0,0,0,0,0,Matches
Alessandro Matri\Alessandro-Matri,it ITA,FW,Sassuolo,33,1984,19,6,603,6.7,2,0,2,0,0,3,0,0.3,0,0.3,0.3,0.3,Matches
Federico Mattiello\Federico-Mattiello,it ITA,MFDF,Bologna,23,1995,17,16,1333,14.8,1,1,1,0,0,2,1,0.07,0.07,0.14,0.07,0.14,Matches
Blaise Matuidi\Blaise-Matuidi,fr FRA,MF,Juventus,31,1987,31,29,2418,26.9,3,2,3,0,0,5,0,0.11,0.07,0.19,0.11,0.19,Matches
José Mauri\Jose-Mauri,it ITA,MF,Milan,22,1996,5,2,208,2.3,0,0,0,0,0,0,0,0,0,0,0,0,Matches
Stephy Mavididi\Stephy-Mavididi,eng ENG,FW,Juventus,20,1998,1,0,22,0.2,0,0,0,0,0,0,0,0,0,0,0,0,Matches
Luca Mazzitelli\Luca-Mazzitelli,it ITA,MFFW,Genoa,22,1995,10,3,323,3.6,0,0,0,0,0,3,0,0,0,0,0,0,Matches
Ibrahima Mbaye\Ibrahima-Mbaye,sn SEN,DF,Bologna,23,1994,23,22,2010,22.3,2,0,2,0,0,6,0,0.09,0,0.09,0.09,0.09,Matches
Levan Mchedlidze\Levan-Mchedlidze,ge GEO,FWDF,Empoli,28,1990,11,0,208,2.3,0,1,0,0,0,1,0,0,0.43,0.43,0,0.43,Matches
Iuri Medeiros\Iuri-Medeiros,pt POR,MFFW,Genoa,24,1994,2,2,106,1.2,0,0,0,0,0,0,0,0,0,0,0,0,Matches
Nicky Medja\Nicky-Medja,ch SUI,MF,Fiorentina,18,2000,1,0,45,0.5,0,0,0,0,0,1,0,0,0,0,0,0,Matches
Riccardo Meggiorini\Riccardo-Meggiorini,it ITA,FW,Chievo,32,1985,24,18,1548,17.2,3,1,2,1,1,6,0,0.17,0.06,0.23,0.12,0.17,Matches
Soualiho Meïté\Soualiho-Meite,fr FRA,MF,Torino,24,1994,35,30,2659,29.5,2,4,2,0,0,7,1,0.07,0.14,0.2,0.07,0.2,Matches
Alex Meret\Alex-Meret,it ITA,GK,Napoli,21,1997,14,13,1151,12.8,0,0,0,0,0,0,1,0,0,0,0,0,Matches
Dries Mertens\Dries-Mertens,be BEL,FW,Napoli,31,1987,35,23,2252,25,16,11,15,1,1,1,0,0.64,0.44,1.08,0.6,1.04,Matches
Petar Mi?in\Petar-Micin,rs SRB,MF,Udinese,19,1998,1,0,3,0,0,0,0,0,0,0,0,0,0,0,0,0,Matches
Nikola Milenkovi?\Nikola-Milenkovic,rs SRB,DF,Fiorentina,20,1997,34,34,3008,33.4,3,0,3,0,0,8,1,0.09,0,0.09,0.09,0.09,Matches
Arkadiusz Milik\Arkadiusz-Milik,pl POL,FW,Napoli,24,1994,35,27,2396,26.6,17,3,17,0,0,4,0,0.64,0.11,0.75,0.64,0.75,Matches
Sergej Milinkovi?-Savi?\Sergej-Milinkovic-Savic,rs SRB,MF,Lazio,23,1995,31,29,2396,26.6,5,3,5,0,0,7,1,0.19,0.11,0.3,0.19,0.3,Matches
Vanja Milinkovi?-Savi?\Vanja-Milinkovic-Savic,rs SRB,GK,SPAL,21,1997,2,2,164,1.8,0,0,0,0,0,1,1,0,0,0,0,0,Matches
Vincenzo Millico\Vincenzo-Millico,it ITA,MF,Torino,17,2000,1,0,1,0,0,0,0,0,0,0,0,0,0,0,0,0,Matches
Kevin Mirallas\Kevin-Mirallas,be BEL,FWMF,Fiorentina,30,1987,27,15,1299,14.4,2,1,2,0,0,2,0,0.14,0.07,0.21,0.14,0.21,Matches
Miranda\Miranda,br BRA,DF,Inter,33,1984,14,14,1158,12.9,0,0,0,0,0,3,0,0,0,0,0,0,Matches
Antonio Mirante\Antonio-Mirante,it ITA,GK,Roma,35,1983,11,11,990,11,0,0,0,0,0,0,0,0,0,0,0,0,Matches
Simone Missiroli\Simone-Missiroli,it ITA,MF,SPAL,32,1986,34,33,2741,30.5,0,0,0,0,0,9,0,0,0,0,0,0,Matches
Cristian Molinaro\Cristian-Molinaro,it ITA,DFMF,Frosinone,35,1983,14,13,1159,12.9,0,0,0,0,0,2,0,0,0,0,0,0,Matches
Gabriele Moncini\Gabriele-Moncini,it ITA,MF,SPAL,22,1996,1,0,8,0.1,0,0,0,0,0,0,0,0,0,0,0,0,Matches
Cristóbal Montiel Rodríguez\Cristobal-Montiel-Rodriguez,es ESP,FW,Fiorentina,18,2000,1,0,6,0.1,0,0,0,0,0,0,0,0,0,0,0,0,Matches
Emiliano Moretti\Emiliano-Moretti,it ITA,DF,Torino,37,1981,24,22,2010,22.3,0,0,0,0,0,5,0,0,0,0,0,0,Matches
Samuel Mráz\Samuel-Mraz,sk SVK,FW,Empoli,21,1997,6,2,170,1.9,1,0,1,0,0,0,0,0.53,0,0.53,0.53,0.53,Matches
Gianni Munari\Gianni-Munari,it ITA,MF,Parma,35,1983,1,0,3,0,0,0,0,0,0,0,0,0,0,0,0,0,Matches
Alessandro Murgia\Alessandro-Murgia,it ITA,MF,SPAL,21,1996,15,11,1072,11.9,0,3,0,0,0,1,0,0,0.25,0.25,0,0.25,Matches
Alessandro Murgia\Alessandro-Murgia,it ITA,MF,Lazio,21,1996,1,0,9,0.1,0,0,0,0,0,0,0,0,0,0,0,0,Matches
Luis Muriel\Luis-Muriel,co COL,FW,Fiorentina,27,1991,19,16,1441,16,6,0,6,0,0,1,0,0.37,0,0.37,0.37,0.37,Matches
Nicola Murru\Nicola-Murru,it ITA,DF,Sampdoria,23,1994,35,34,2934,32.6,0,5,0,0,0,9,0,0,0.15,0.15,0,0.15,Matches
Mateo Musacchio\Mateo-Musacchio,ar ARG,DF,Milan,27,1990,29,29,2610,29,1,0,1,0,0,2,0,0.03,0,0.03,0.03,0.03,Matches
Juan Musso\Juan-Musso,ar ARG,GK,Udinese,24,1994,29,29,2610,29,0,0,0,0,0,4,0,0,0,0,0,0,Matches
Ádám Nagy\Adam-Nagy,hu HUN,MF,Bologna,23,1995,14,10,975,10.8,0,0,0,0,0,3,1,0,0,0,0,0,Matches
Radja Nainggolan\Radja-Nainggolan,be BEL,MF,Inter,30,1988,29,22,1967,21.9,6,3,6,0,0,3,0,0.27,0.14,0.41,0.27,0.41,Matches
Angelo Ndrecka\Angelo-Ndrecka,al ALB,DF,Chievo,16,2001,1,1,90,1,0,0,0,0,0,0,0,0,0,0,0,0,Matches
Pedro Neto\Pedro-Neto,pt POR,FW,Lazio,18,2000,4,0,46,0.5,0,0,0,0,0,1,0,0,0,0,0,0,Matches
Hans Nicolussi Caviglia\Hans-Nicolussi-Caviglia,it ITA,MFFW,Juventus,18,2000,3,0,57,0.6,0,0,0,0,0,0,0,0,0,0,0,0,Matches
Dimitris Nikolaou\Dimitris-Nikolaou,gr GRE,DF,Empoli,19,1998,4,4,348,3.9,0,0,0,0,0,0,0,0,0,0,0,0,Matches
Nicolas Nkoulou\Nicolas-Nkoulou,cm CMR,DF,Torino,28,1990,36,36,3214,35.7,2,0,2,0,0,7,1,0.06,0,0.06,0.06,0.06,Matches
Bram Nuytinck\Bram-Nuytinck,nl NED,DF,Udinese,28,1990,27,24,2127,23.6,1,0,1,0,0,4,1,0.04,0,0.04,0.04,0.04,Matches
Steven Nzonzi\Steven-Nzonzi,fr FRA,MF,Roma,29,1988,30,29,2617,29.1,1,2,1,0,0,7,0,0.03,0.07,0.1,0.03,0.1,Matches
Christian Nørgaard\Christian-Norgaard,dk DEN,MF,Fiorentina,24,1994,6,4,323,3.6,0,0,0,0,0,0,0,0,0,0,0,0,Matches
Dimitri Oberlin\Dimitri-Oberlin,ch SUI,FW,Empoli,20,1997,5,0,139,1.5,0,0,0,0,0,0,0,0,0,0,0,0,Matches
Joel Obi\Joel-Obi,ng NGA,MF,Chievo,27,1991,11,9,659,7.3,1,0,1,0,0,1,0,0.14,0,0.14,0.14,0.14,Matches
Jens Odgaard\Jens-Odgaard,dk DEN,FW,Sassuolo,19,1999,1,0,16,0.2,0,0,0,0,0,0,0,0,0,0,0,0,Matches
Stefano Okaka\Stefano-Okaka,it ITA,FW,Udinese,28,1989,16,11,970,10.8,6,1,6,0,0,4,0,0.56,0.09,0.65,0.56,0.65,Matches
Orji Okwonkwo\Orji-Okwonkwo,ng NGA,FW,Bologna,20,1998,8,2,257,2.9,0,0,0,0,0,2,0,0,0,0,0,0,Matches
Robin Olsen\Robin-Olsen,se SWE,GK,Roma,28,1990,27,27,2430,27,0,0,0,0,0,2,0,0,0,0,0,0,Matches
Stephane Omeonga\Stephane-Omeonga,be BEL,MF,Genoa,22,1996,3,0,57,0.6,0,0,0,0,0,1,0,0,0,0,0,0,Matches
Nicholas Opoku\Nicholas-Opoku,gh GHA,DF,Udinese,20,1997,4,3,327,3.6,0,0,0,0,0,1,0,0,0,0,0,0,Matches
Riccardo Orsolini\Riccardo-Orsolini,it ITA,FWMF,Bologna,21,1997,35,19,1964,21.8,8,5,8,0,0,2,0,0.37,0.23,0.6,0.37,0.6,Matches
David Ospina\David-Ospina,co COL,GK,Napoli,29,1988,17,16,1457,16.2,0,0,0,0,0,0,0,0,0,0,0,0,Matches
Adam Ounas\Adam-Ounas,dz ALG,MFFW,Napoli,21,1996,18,6,538,6,3,0,3,0,0,0,0,0.5,0,0.5,0.5,0.5,Matches
Simone Padoin\Simone-Padoin,it ITA,DFMF,Cagliari,34,1984,30,22,1915,21.3,0,2,0,0,0,2,0,0,0.09,0.09,0,0.09,Matches
Luca Paganini\Luca-Paganini,it ITA,DFMF,Frosinone,25,1993,14,12,1123,12.5,2,0,2,0,0,2,0,0.16,0,0.16,0.16,0.16,Matches
Marko Paja?\Marko-Pajac,hr CRO,DF,Empoli,25,1993,10,9,738,8.2,2,2,2,0,0,5,0,0.24,0.24,0.49,0.24,0.49,Matches
Marko Paja?\Marko-Pajac,hr CRO,DF,Cagliari,25,1993,3,0,100,1.1,0,0,0,0,0,0,0,0,0,0,0,0,Matches
Rodrigo Palacio\Rodrigo-Palacio,ar ARG,FW,Bologna,36,1982,28,26,2329,25.9,3,6,3,0,0,6,0,0.12,0.23,0.35,0.12,0.35,Matches
Alberto Paloschi\Alberto-Paloschi,it ITA,FW,SPAL,28,1990,23,8,863,9.6,2,0,2,0,0,3,0,0.21,0,0.21,0.21,0.21,Matches
Goran Pandev\Goran-Pandev,mk MKD,FWMF,Genoa,35,1983,26,12,1122,12.5,4,2,4,0,0,6,0,0.32,0.16,0.48,0.32,0.48,Matches
Lucas Paquetá\Lucas-Paqueta,br BRA,MF,Milan,20,1997,13,12,842,9.4,1,1,1,0,0,5,1,0.11,0.11,0.21,0.11,0.21,Matches
Vittorio Parigini\Vittorio-Parigini,it ITA,MFFW,Torino,22,1996,17,2,377,4.2,0,0,0,0,0,2,0,0,0,0,0,0,Matches
Marco Parolo\Marco-Parolo,it ITA,MF,Lazio,33,1985,34,28,2563,28.5,4,3,4,0,0,7,0,0.14,0.11,0.25,0.14,0.25,Matches
Mario Pašali?\Mario-Pasalic,hr CRO,MFFW,Atalanta,23,1995,33,17,1618,18,5,3,5,0,0,1,0,0.28,0.17,0.44,0.28,0.44,Matches
Manuel Pasqual\Manuel-Pasqual,it ITA,DFMF,Empoli,36,1982,22,13,1342,14.9,1,2,0,1,1,2,0,0.07,0.13,0.2,0,0.13,Matches
Javier Pastore\Javier-Pastore,ar ARG,MF,Roma,29,1989,14,7,597,6.6,3,0,3,0,0,0,0,0.45,0,0.45,0.45,0.45,Matches
Patric\Patric,es ESP,DFMF,Lazio,25,1993,15,12,1085,12.1,0,0,0,0,0,1,0,0,0,0,0,0,Matches
Leonardo Pavoletti\Leonardo-Pavoletti,it ITA,FW,Cagliari,29,1988,32,31,2734,30.4,16,1,16,0,0,6,0,0.53,0.03,0.56,0.53,0.56,Matches
Nehuén Paz\Nehuen-Paz,ar ARG,DF,Bologna,25,1993,2,1,114,1.3,0,0,0,0,0,1,0,0,0,0,0,0,Matches
João Pedro\Joao-Pedro,br BRA,FWMF,Cagliari,26,1992,34,30,2555,28.4,7,2,5,2,2,5,1,0.25,0.07,0.32,0.18,0.25,Matches
Gianluca Pegolo\Gianluca-Pegolo,it ITA,GK,Sassuolo,37,1981,3,2,203,2.3,0,0,0,0,0,1,0,0,0,0,0,0,Matches
Lorenzo Pellegrini\Lorenzo-Pellegrini,it ITA,MF,Roma,22,1996,25,21,1821,20.2,3,3,3,0,0,6,0,0.15,0.15,0.3,0.15,0.3,Matches
Luca Pellegrini\Luca-Pellegrini,it ITA,DF,Cagliari,19,1999,12,11,940,10.4,0,1,0,0,0,3,1,0,0.1,0.1,0,0.1,Matches
Luca Pellegrini\Luca-Pellegrini,it ITA,DF,Roma,19,1999,4,2,161,1.8,0,1,0,0,0,2,0,0,0.56,0.56,0,0.56,Matches
Sergio Pellissier\Sergio-Pellissier,it ITA,FW,Chievo,39,1979,19,12,953,10.6,4,1,3,1,2,1,0,0.38,0.09,0.47,0.28,0.38,Matches
Federico Peluso\Federico-Peluso,it ITA,DF,Sassuolo,34,1984,16,14,1356,15.1,1,0,1,0,0,5,0,0.07,0,0.07,0.07,0.07,Matches
Pepín\Pepin,gq EQG,MF,Parma,21,1996,2,1,77,0.9,0,1,0,0,0,0,0,0,1.17,1.17,0,1.17,Matches
Pedro Pereira\Pedro-Pereira,pt POR,DFMF,Genoa,20,1998,26,15,1384,15.4,0,0,0,0,0,1,0,0,0,0,0,0,Matches
Stipe Perica\Stipe-Perica,hr CRO,FW,Frosinone,23,1995,7,6,480,5.3,0,0,0,0,0,3,0,0,0,0,0,0,Matches
Mattia Perin\Mattia-Perin,it ITA,GK,Juventus,25,1992,9,9,810,9,0,0,0,0,0,1,0,0,0,0,0,0,Matches
Ivan Periši?\Ivan-Perisic,hr CRO,FWMF,Inter,29,1989,34,30,2701,30,8,3,6,2,2,5,0,0.27,0.1,0.37,0.2,0.3,Matches
Diego Perotti\Diego-Perotti,ar ARG,FWMF,Roma,30,1988,13,6,668,7.4,5,0,2,3,3,3,0,0.67,0,0.67,0.27,0.27,Matches
Matteo Pessina\Matteo-Pessina,it ITA,MF,Atalanta,21,1997,12,1,235,2.6,0,1,0,0,0,0,0,0,0.38,0.38,0,0.38,Matches
Andrea Petagna\Andrea-Petagna,it ITA,FW,SPAL,23,1995,36,35,3031,33.7,16,1,10,6,6,8,0,0.48,0.03,0.5,0.3,0.33,Matches
Germán Pezzella\German-Pezzella,ar ARG,DF,Fiorentina,27,1991,32,32,2850,31.7,2,1,2,0,0,5,0,0.06,0.03,0.09,0.06,0.09,Matches
Giuseppe Pezzella\Giuseppe-Pezzella,it ITA,DFMF,Udinese,20,1997,4,2,184,2,0,0,0,0,0,1,0,0,0,0,0,0,Matches
Giuseppe Pezzella\Giuseppe-Pezzella,it ITA,DF,Genoa,20,1997,5,1,112,1.2,0,0,0,0,0,0,1,0,0,0,0,0,Matches
Krzysztof Pi?tek\Krzysztof-Piatek,pl POL,FW,Genoa,23,1995,19,18,1593,17.7,13,0,11,2,2,5,0,0.73,0,0.73,0.62,0.62,Matches
Krzysztof Pi?tek\Krzysztof-Piatek,pl POL,FW,Milan,23,1995,18,16,1373,15.3,9,0,9,0,0,0,0,0.59,0,0.59,0.59,0.59,Matches
Lucas Piazon\Lucas-Piazon,br BRA,MFFW,Chievo,24,1994,4,0,84,0.9,0,0,0,0,0,0,0,0,0,0,0,0,Matches
Roberto Piccoli\Roberto-Piccoli,it ITA,FW,Atalanta,17,2001,2,0,48,0.5,0,0,0,0,0,0,0,0,0,0,0,0,Matches
Andrea Pinamonti\Andrea-Pinamonti,it ITA,FW,Frosinone,19,1999,27,17,1625,18.1,5,3,5,0,0,2,0,0.28,0.17,0.44,0.28,0.44,Matches
Carlo Pinsoglio\Carlo-Pinsoglio,it ITA,GK,Juventus,28,1990,1,1,90,1,0,0,0,0,0,0,0,0,0,0,0,0,Matches
Fabio Pisacane\Fabio-Pisacane,it ITA,DF,Cagliari,32,1986,27,24,2266,25.2,1,1,1,0,0,6,0,0.04,0.04,0.08,0.04,0.08,Matches
Marko Pjaca\Marko-Pjaca,hr CRO,FWMF,Fiorentina,23,1995,19,8,750,8.3,1,1,1,0,0,1,0,0.12,0.12,0.24,0.12,0.24,Matches
Miralem Pjani?\Miralem-Pjanic,ba BIH,MF,Juventus,28,1990,31,27,2280,25.3,2,6,2,0,0,6,1,0.08,0.24,0.32,0.08,0.32,Matches
Andrea Poli\Andrea-Poli,it ITA,MF,Bologna,28,1989,30,23,1932,21.5,4,1,4,0,0,5,0,0.19,0.05,0.23,0.19,0.23,Matches
Matteo Politano\Matteo-Politano,it ITA,FWMF,Inter,24,1993,36,31,2549,28.3,5,6,5,0,0,4,1,0.18,0.21,0.39,0.18,0.39,Matches
Giacomo Poluzzi\Giacomo-Poluzzi,it ITA,GK,SPAL,30,1988,1,0,6,0.1,0,0,0,0,0,0,0,0,0,0,0,0,Matches
Manolo Portanova\Manolo-Portanova,it ITA,MF,Juventus,18,2000,1,0,33,0.4,0,0,0,0,0,1,0,0,0,0,0,0,Matches
Dennis Praet\Dennis-Praet,be BEL,MF,Sampdoria,24,1994,34,33,2890,32.1,2,3,2,0,0,6,0,0.06,0.09,0.16,0.06,0.16,Matches
Silvio Proto\Silvio-Proto,be BEL,GK,Lazio,35,1983,2,2,180,2,0,0,0,0,0,1,0,0,0,0,0,0,Matches
Ivan Provedel\Ivan-Provedel,it ITA,GK,Empoli,24,1994,16,16,1440,16,0,0,0,0,0,0,0,0,0,0,0,0,Matches
Manuel Pucciarelli\Manuel-Pucciarelli,it ITA,FW,Chievo,27,1991,10,3,302,3.4,0,0,0,0,0,1,0,0,0,0,0,0,Matches
Erick Pulgar\Erick-Pulgar,cl CHI,MF,Bologna,24,1994,28,27,2357,26.2,6,2,1,5,5,6,1,0.23,0.08,0.31,0.04,0.11,Matches
Ignacio Pussetto\Ignacio-Pussetto,ar ARG,FWMF,Udinese,22,1995,35,24,2178,24.2,4,4,4,0,0,8,0,0.17,0.17,0.33,0.17,0.33,Matches
Fabio Quagliarella\Fabio-Quagliarella,it ITA,FW,Sampdoria,35,1983,37,37,3199,35.5,26,8,17,9,10,1,0,0.73,0.23,0.96,0.48,0.7,Matches
Ivan Radovanovi?\Ivan-Radovanovic,rs SRB,MF,Genoa,29,1988,16,15,1278,14.2,0,0,0,0,0,3,0,0,0,0,0,0,Matches
Ivan Radovanovi?\Ivan-Radovanovic,rs SRB,MF,Chievo,29,1988,19,19,1706,19,0,0,0,0,0,6,0,0,0,0,0,0,Matches
Ionu? Radu\Ionut-Radu,ro ROU,GK,Genoa,21,1997,33,33,2970,33,0,0,0,0,0,0,0,0,0,0,0,0,Matches
?tefan Radu\Stefan-Radu,ro ROU,DF,Lazio,31,1986,28,28,2243,24.9,0,1,0,0,0,5,0,0,0.04,0.04,0,0.04,Matches
Gastón Ramírez\Gaston-Ramirez,uy URU,MFFW,Sampdoria,27,1990,27,19,1578,17.5,4,4,4,0,0,7,1,0.23,0.23,0.46,0.23,0.46,Matches
Andrea Ranocchia\Andrea-Ranocchia,it ITA,DFMF,Inter,30,1988,4,0,62,0.7,0,0,0,0,0,1,0,0,0,0,0,0,Matches
Jacob Rasmussen\Jacob-Rasmussen,dk DEN,DFMF,Empoli,21,1997,14,10,1016,11.3,0,1,0,0,0,3,0,0,0.09,0.09,0,0.09,Matches
Giacomo Raspadori\Giacomo-Raspadori,it ITA,DF,Sassuolo,18,2000,1,0,1,0,0,0,0,0,0,0,0,0,0,0,0,0,Matches
Arkadiusz Reca\Arkadiusz-Reca,pl POL,DFFW,Atalanta,23,1995,3,0,49,0.5,0,0,0,0,0,0,0,0,0,0,0,0,Matches
Vasco Regini\Vasco-Regini,it ITA,DF,SPAL,27,1990,4,1,81,0.9,0,0,0,0,0,0,0,0,0,0,0,0,Matches
Pepe Reina\Pepe-Reina,es ESP,GK,Milan,35,1982,4,2,330,3.7,0,0,0,0,0,0,0,0,0,0,0,0,Matches
Emiliano Rigoni\Emiliano-Rigoni,ar ARG,FWMF,Atalanta,25,1993,12,6,522,5.8,3,0,3,0,0,1,0,0.52,0,0.52,0.52,0.52,Matches
Luca Rigoni\Luca-Rigoni,it ITA,MF,Parma,33,1984,23,20,1761,19.6,2,1,2,0,0,5,0,0.1,0.05,0.15,0.1,0.15,Matches
Nicola Rigoni\Nicola-Rigoni,it ITA,MF,Chievo,27,1990,24,23,1951,21.7,0,1,0,0,0,9,1,0,0.05,0.05,0,0.05,Matches
Tomás Rincón\Tomas-Rincon,ve VEN,MF,Torino,30,1988,34,32,2799,31.1,3,1,3,0,0,15,0,0.1,0.03,0.13,0.1,0.13,Matches
Alejandro Rodríguez\Alejandro-Rodriguez,es ESP,FW,Empoli,27,1991,1,0,25,0.3,0,0,0,0,0,0,0,0,0,0,0,0,Matches
Ricardo Rodríguez\Ricardo-Rodriguez,ch SUI,DF,Milan,25,1992,35,35,3047,33.9,0,3,0,0,0,5,0,0,0.09,0.09,0,0.09,Matches
Marko Rog\Marko-Rog,hr CRO,MF,Napoli,23,1995,9,4,333,3.7,1,0,1,0,0,3,0,0.27,0,0.27,0.27,0.27,Matches
Rogério\Rogerio,br BRA,DFMF,Sassuolo,20,1998,33,29,2672,29.7,1,2,1,0,0,9,1,0.03,0.07,0.1,0.03,0.1,Matches
Esteban Rolón\Esteban-Rolon,ar ARG,MF,Genoa,23,1995,19,10,1046,11.6,0,0,0,0,0,9,0,0,0,0,0,0,Matches
Filippo Romagna\Filippo-Romagna,it ITA,DF,Cagliari,21,1997,18,16,1474,16.4,0,0,0,0,0,2,0,0,0,0,0,0,Matches
Alessio Romagnoli\Alessio-Romagnoli,it ITA,DF,Milan,23,1995,32,32,2847,31.6,2,0,2,0,0,6,1,0.06,0,0.06,0.06,0.06,Matches
Cristian Romero\Cristian-Romero,ar ARG,DF,Genoa,20,1998,27,27,2336,26,2,2,2,0,0,11,2,0.08,0.08,0.15,0.08,0.15,Matches
Rômulo\Romulo,it ITA,DFMF,Lazio,31,1987,10,9,776,8.6,0,1,0,0,0,1,0,0,0.12,0.12,0,0.12,Matches
Rômulo\Romulo,it ITA,MFDF,Genoa,31,1987,17,17,1351,15,1,2,0,1,1,1,1,0.07,0.13,0.2,0,0.13,Matches
Cristiano Ronaldo\Cristiano-Ronaldo,pt POR,FW,Juventus,33,1985,31,30,2688,29.9,21,8,16,5,6,3,0,0.7,0.27,0.97,0.54,0.8,Matches
Marten de Roon\Marten-de-Roon,nl NED,MF,Atalanta,27,1991,35,34,2975,33.1,2,3,1,1,1,8,0,0.06,0.09,0.15,0.03,0.12,Matches
Luca Rossettini\Luca-Rossettini,it ITA,DF,Chievo,33,1985,21,20,1823,20.3,0,0,0,0,0,5,0,0,0,0,0,0,Matches
Francesco Rossi\Francesco-Rossi,it ITA,GK,Atalanta,27,1991,1,0,1,0,0,0,0,0,0,0,0,0,0,0,0,0,Matches
Daniele Rugani\Daniele-Rugani,it ITA,DF,Juventus,24,1994,15,15,1350,15,2,0,2,0,0,3,0,0.13,0,0.13,0.13,0.13,Matches
Mário Rui\Mario-Rui,pt POR,DF,Napoli,27,1991,20,17,1417,15.7,1,1,1,0,0,5,1,0.06,0.06,0.13,0.06,0.13,Matches
Fabián Ruiz Peña\Fabian-Ruiz-Pena,es ESP,MFFW,Napoli,22,1996,27,20,1992,22.1,5,4,5,0,0,3,1,0.23,0.18,0.41,0.23,0.41,Matches
Jacopo Sala\Jacopo-Sala,it ITA,DF,Sampdoria,26,1991,21,16,1518,16.9,0,1,0,0,0,5,0,0,0.06,0.06,0,0.06,Matches
Bartosz Salamon\Bartosz-Salamon,pl POL,DF,Frosinone,27,1991,20,19,1725,19.2,0,0,0,0,0,3,0,0,0,0,0,0,Matches
Paolo Sammarco\Paolo-Sammarco,it ITA,MF,Frosinone,35,1983,8,6,553,6.1,1,0,1,0,0,1,0,0.16,0,0.16,0.16,0.16,Matches
Antonio Sanabria\Antonio-Sanabria,py PAR,FW,Genoa,22,1996,15,9,766,8.5,3,0,3,0,1,1,0,0.35,0,0.35,0.35,0.35,Matches
Sandro\Sandro,br BRA,MF,Udinese,29,1989,12,7,594,6.6,0,0,0,0,0,5,0,0,0,0,0,0,Matches
Sandro\Sandro,br BRA,MF,Genoa,29,1989,13,9,711,7.9,0,1,0,0,0,3,0,0,0.13,0.13,0,0.13,Matches
Alex Sandro\Alex-Sandro,br BRA,DF,Juventus,27,1991,31,28,2387,26.5,1,2,1,0,0,7,0,0.04,0.08,0.11,0.04,0.11,Matches
Nicola Sansone\Nicola-Sansone,it ITA,FW,Bologna,26,1991,15,13,1139,12.7,2,4,2,0,0,4,1,0.16,0.32,0.47,0.16,0.47,Matches
Federico Santander\Federico-Santander,py PAR,FW,Bologna,27,1991,32,23,2065,22.9,8,3,8,0,0,5,0,0.35,0.13,0.48,0.35,0.48,Matches
Davide Santon\Davide-Santon,it ITA,DF,Roma,27,1991,17,11,1009,11.2,0,1,0,0,0,0,0,0,0.09,0.09,0,0.09,Matches
Samir Santos\Samir-Santos,br BRA,DF,Udinese,23,1994,21,21,1797,20,2,0,2,0,0,7,0,0.1,0,0.1,0.1,0.1,Matches
Riccardo Saponara\Riccardo-Saponara,it ITA,MFFW,Sampdoria,26,1991,22,11,905,10.1,2,4,2,0,0,2,0,0.2,0.4,0.6,0.2,0.6,Matches
Marco Sau\Marco-Sau,it ITA,MFFW,Sampdoria,30,1987,5,0,55,0.6,0,0,0,0,0,0,0,0,0,0,0,0,Matches
Marco Sau\Marco-Sau,it ITA,FW,Cagliari,30,1987,14,5,558,6.2,1,0,1,0,0,4,0,0.16,0,0.16,0.16,0.16,Matches
Ezequiel Schelotto\Ezequiel-Schelotto,it ITA,DFMF,Chievo,29,1989,4,2,143,1.6,0,0,0,0,0,0,0,0,0,0,0,0,Matches
Nicolás Schiappacasse\Nicolas-Schiappacasse,uy URU,FW,Parma,19,1999,3,1,81,0.9,0,0,0,0,0,0,0,0,0,0,0,0,Matches
Pasquale Schiattarella\Pasquale-Schiattarella,it ITA,MF,SPAL,31,1987,28,20,1841,20.5,0,4,0,0,0,10,0,0,0.2,0.2,0,0.2,Matches
Patrik Schick\Patrik-Schick,cz CZE,FW,Roma,22,1996,24,15,1314,14.6,3,0,3,0,0,4,0,0.21,0,0.21,0.21,0.21,Matches
Matteo Scozzarella\Matteo-Scozzarella,it ITA,MF,Parma,30,1988,22,17,1459,16.2,0,3,0,0,0,8,0,0,0.19,0.19,0,0.19,Matches
Simone Scuffet\Simone-Scuffet,it ITA,GK,Udinese,22,1996,9,9,810,9,0,0,0,0,0,0,0,0,0,0,0,0,Matches
Andrea Seculin\Andrea-Seculin,it ITA,GK,Chievo,28,1990,2,1,91,1,0,0,0,0,0,0,0,0,0,0,0,0,Matches
Adrian Šemper\Adrian-Semper,hr CRO,GK,Chievo,20,1998,6,6,540,6,0,0,0,0,0,0,0,0,0,0,0,0,Matches
Stefano Sensi\Stefano-Sensi,it ITA,MF,Sassuolo,22,1995,28,23,1972,21.9,2,4,2,0,0,8,0,0.09,0.18,0.27,0.09,0.27,Matches
Luigi Sepe\Luigi-Sepe,it ITA,GK,Parma,27,1991,37,37,3330,37,0,0,0,0,0,1,0,0,0,0,0,0,Matches
Leonardo Sernicola\Leonardo-Sernicola,it ITA,FW,Sassuolo,21,1997,1,0,6,0.1,0,0,0,0,0,0,0,0,0,0,0,0,Matches
Stephan El Shaarawy\Stephan-El-Shaarawy,it ITA,FW,Roma,25,1992,28,23,2104,23.4,11,3,11,0,0,2,0,0.47,0.13,0.6,0.47,0.6,Matches
Francisco Sierralta\Francisco-Sierralta,cl CHI,DF,Parma,21,1997,6,2,269,3,0,0,0,0,0,2,0,0,0,0,0,0,Matches
Luca Siligardi\Luca-Siligardi,it ITA,FW,Parma,30,1988,29,19,1639,18.2,1,2,1,0,0,2,0,0.05,0.11,0.16,0.05,0.16,Matches
Matheus Pereira da Silva\Matheus-Pereira-da-Silva,br BRA,MF,Juventus,20,1998,3,1,92,1,0,0,0,0,0,0,0,0,0,0,0,0,Matches
Matías Silvestre\Matias-Silvestre,ar ARG,DF,Empoli,33,1984,34,34,3060,34,2,0,2,0,0,6,0,0.06,0,0.06,0.06,0.06,Matches
Giovanni Simeone\Giovanni-Simeone,ar ARG,FW,Fiorentina,23,1995,36,27,2454,27.3,6,3,6,0,0,2,0,0.22,0.11,0.33,0.22,0.33,Matches
Lorenco Šimi?\Lorenco-Simic,hr CRO,DF,SPAL,22,1996,8,2,238,2.6,0,0,0,0,0,0,0,0,0,0,0,0,Matches
Salvatore Sirigu\Salvatore-Sirigu,it ITA,GK,Torino,31,1987,36,36,3169,35.2,0,0,0,0,0,1,0,0,0,0,0,0,Matches
?ukasz Skorupski\Lukasz-Skorupski,pl POL,GK,Bologna,27,1991,38,38,3420,38,0,0,0,0,0,1,0,0,0,0,0,0,Matches
Milan Škriniar\Milan-Skriniar,sk SVK,DF,Inter,23,1995,35,35,3150,35,0,1,0,0,0,4,0,0,0.03,0.03,0,0.03,Matches
Cédric Soares\Cedric-Soares,pt POR,DF,Inter,26,1991,4,3,259,2.9,0,1,0,0,0,0,0,0,0.35,0.35,0,0.35,Matches
Danilo Soddimo\Danilo-Soddimo,it ITA,MF,Frosinone,30,1987,10,1,252,2.8,0,1,0,0,0,2,0,0,0.36,0.36,0,0.36,Matches
Roberto Soriano\Roberto-Soriano,it ITA,MF,Bologna,27,1991,17,17,1489,16.5,2,2,2,0,0,5,0,0.12,0.12,0.24,0.12,0.24,Matches
Roberto Soriano\Roberto-Soriano,it ITA,MFFW,Torino,27,1991,11,6,468,5.2,0,2,0,0,0,1,0,0,0.38,0.38,0,0.38,Matches
Stefano Sorrentino\Stefano-Sorrentino,it ITA,GK,Chievo,39,1979,31,31,2789,31,0,0,0,0,0,2,0,0,0,0,0,0,Matches
Riccardo Sottil\Riccardo-Sottil,it ITA,FWMF,Fiorentina,19,1999,2,0,20,0.2,0,0,0,0,0,0,0,0,0,0,0,0,Matches
Leonardo Spinazzola\Leonardo-Spinazzola,it ITA,DF,Juventus,25,1993,10,6,601,6.7,0,1,0,0,0,0,0,0,0.15,0.15,0,0.15,Matches
Nicolás Spolli\Nicolas-Spolli,ar ARG,DF,Genoa,35,1983,7,7,538,6,0,0,0,0,0,2,0,0,0,0,0,0,Matches
Marco Sportiello\Marco-Sportiello,it ITA,GK,Frosinone,26,1992,35,35,3150,35,0,0,0,0,0,5,0,0,0,0,0,0,Matches
Mattia Sprocati\Mattia-Sprocati,it ITA,FWMF,Parma,25,1993,16,5,644,7.2,1,0,1,0,0,0,0,0.14,0,0.14,0.14,0.14,Matches
Darijo Srna\Darijo-Srna,hr CRO,DF,Cagliari,36,1982,26,24,2087,23.2,0,3,0,0,0,5,1,0,0.13,0.13,0,0.13,Matches
Mariusz St?pi?ski\Mariusz-Stepinski,pl POL,FW,Chievo,23,1995,35,27,2476,27.5,6,2,6,0,0,5,0,0.22,0.07,0.29,0.22,0.29,Matches
Thomas Strakosha\Thomas-Strakosha,al ALB,GK,Lazio,23,1995,35,35,3150,35,0,0,0,0,0,4,0,0,0,0,0,0,Matches
Kevin Strootman\Kevin-Strootman,nl NED,MF,Roma,28,1990,1,1,90,1,0,0,0,0,0,0,0,0,0,0,0,0,Matches
Jens Stryger Larsen\Jens-Stryger-Larsen,dk DEN,DFMF,Udinese,27,1991,36,36,3234,35.9,1,4,1,0,0,6,0,0.03,0.11,0.14,0.03,0.14,Matches
Leo Štulac\Leo-Stulac,si SVN,MF,Parma,23,1994,26,17,1452,16.1,0,2,0,0,0,3,1,0,0.12,0.12,0,0.12,Matches
Stefano Sturaro\Stefano-Sturaro,it ITA,MF,Genoa,25,1993,5,4,213,2.4,1,0,1,0,0,0,1,0.42,0,0.42,0.42,0.42,Matches
Suso\Suso,es ESP,FWMF,Milan,24,1993,35,35,3018,33.5,7,10,7,0,0,9,1,0.21,0.3,0.51,0.21,0.51,Matches
Mattias Svanberg\Mattias-Svanberg,se SWE,MF,Bologna,19,1999,23,13,1176,13.1,0,3,0,0,0,2,0,0,0.23,0.23,0,0.23,Matches
Wojciech Szcz?sny\Wojciech-Szczesny,pl POL,GK,Juventus,28,1990,28,28,2520,28,0,0,0,0,0,0,0,0,0,0,0,0,Matches
Strahinja Tanasijevi?\Strahinja-Tanasijevic,rs SRB,DF,Chievo,21,1997,1,0,17,0.2,0,0,0,0,0,2,1,0,0,0,0,0,Matches
Júnior Tavares\Junior-Tavares,br BRA,DF,Sampdoria,21,1996,3,2,184,2,0,0,0,0,0,1,0,0,0,0,0,0,Matches
?ukasz Teodorczyk\Lukasz-Teodorczyk,pl POL,FWMF,Udinese,27,1991,16,2,400,4.4,1,0,1,0,1,1,0,0.23,0,0.23,0.23,0.23,Matches
Hidde ter Avest\Hidde-ter-Avest,nl NED,DFMF,Udinese,21,1997,13,12,973,10.8,0,1,0,0,0,0,0,0,0.09,0.09,0,0.09,Matches
Pietro Terracciano\Pietro-Terracciano,it ITA,GK,Fiorentina,28,1990,2,2,180,2,0,0,0,0,0,0,0,0,0,0,0,0,Matches
Pietro Terracciano\Pietro-Terracciano,it ITA,GK,Empoli,28,1990,8,8,720,8,0,0,0,0,0,0,0,0,0,0,0,0,Matches
Cyril Théréau\Cyril-Thereau,fr FRA,FW,Fiorentina,35,1983,2,0,30,0.3,0,0,0,0,0,1,0,0,0,0,0,0,Matches
Cyril Théréau\Cyril-Thereau,fr FRA,FWMF,Cagliari,35,1983,5,1,131,1.5,0,0,0,0,0,0,0,0,0,0,0,0,Matches
Rafael Tolói\Rafael-Toloi,it ITA,DF,Atalanta,27,1990,21,20,1746,19.4,1,3,1,0,0,1,1,0.05,0.15,0.21,0.05,0.21,Matches
Nenad Tomovi?\Nenad-Tomovic,rs SRB,DF,Chievo,30,1987,10,9,739,8.2,1,0,1,0,0,1,0,0.12,0,0.12,0.12,0.12,Matches
Lorenzo Tonelli\Lorenzo-Tonelli,it ITA,DF,Sampdoria,28,1990,19,17,1655,18.4,1,0,1,0,0,6,0,0.05,0,0.05,0.05,0.05,Matches
William Troost-Ekong\William-Troost-Ekong,ng NGA,DF,Udinese,24,1993,35,35,3064,34,0,0,0,0,0,4,0,0,0,0,0,0,Matches
Marcello Trotta\Marcello-Trotta,it ITA,FW,Frosinone,25,1992,12,4,398,4.4,0,0,0,0,0,0,0,0,0,0,0,0,Matches
Marcello Trotta\Marcello-Trotta,it ITA,FW,Sassuolo,25,1992,1,0,6,0.1,0,0,0,0,0,0,0,0,0,0,0,0,Matches
Marco Tumminello\Marco-Tumminello,it ITA,FWDF,Atalanta,19,1998,2,0,9,0.1,0,0,0,0,0,1,0,0,0,0,0,0,Matches
Salih Uçan\Salih-Ucan,tr TUR,MFDF,Empoli,24,1994,14,1,259,2.9,1,1,1,0,0,1,0,0.35,0.35,0.69,0.35,0.69,Matches
Cengiz Ünder\Cengiz-Under,tr TUR,FW,Roma,21,1997,26,17,1375,15.3,3,7,3,0,0,1,0,0.2,0.46,0.65,0.2,0.65,Matches
Joel Untersee\Joel-Untersee,ch SUI,DF,Empoli,24,1994,3,1,126,1.4,0,0,0,0,0,0,0,0,0,0,0,0,Matches
Mirko Valdifiori\Mirko-Valdifiori,it ITA,MF,SPAL,32,1986,15,8,668,7.4,0,1,0,0,0,3,0,0,0.13,0.13,0,0.13,Matches
Borja Valero\Borja-Valero,es ESP,MF,Inter,33,1985,27,12,1231,13.7,0,1,0,0,0,4,0,0,0.07,0.07,0,0.07,Matches
Mattia Valoti\Mattia-Valoti,it ITA,MF,SPAL,24,1993,24,14,1222,13.6,2,0,2,0,0,6,0,0.15,0,0.15,0.15,0.15,Matches
Luca Valzania\Luca-Valzania,it ITA,MFFW,Atalanta,22,1996,2,1,73,0.8,0,0,0,0,0,0,0,0,0,0,0,0,Matches
Luca Valzania\Luca-Valzania,it ITA,MF,Frosinone,22,1996,13,11,897,10,2,1,2,0,0,4,0,0.2,0.1,0.3,0.2,0.3,Matches
Matías Vecino\Matias-Vecino,uy URU,MF,Inter,26,1991,30,23,2015,22.4,3,1,3,0,0,8,0,0.13,0.04,0.18,0.13,0.18,Matches
Miguel Veloso\Miguel-Veloso,pt POR,MF,Genoa,32,1986,21,14,1257,14,0,1,0,0,0,7,0,0,0.07,0.07,0,0.07,Matches
Francesco Verde\Francesco-Verde,it ITA,FW,Cagliari,19,1999,1,0,12,0.1,0,0,0,0,0,0,0,0,0,0,0,0,Matches
Simone Verdi\Simone-Verdi,it ITA,MFFW,Napoli,26,1992,22,9,704,7.8,3,3,2,1,1,0,0,0.38,0.38,0.77,0.26,0.64,Matches
Jordan Veretout\Jordan-Veretout,fr FRA,MF,Fiorentina,25,1993,33,33,2941,32.7,5,3,0,5,6,12,1,0.15,0.09,0.24,0,0.09,Matches
Freddie Veseli\Freddie-Veseli,al ALB,DF,Empoli,25,1992,31,28,2539,28.2,0,0,0,0,0,4,0,0,0,0,0,0,Matches
Francesco Vicari\Francesco-Vicari,it ITA,DF,SPAL,23,1994,28,26,2335,25.9,2,1,2,0,0,6,0,0.08,0.04,0.12,0.08,0.12,Matches
Ronaldo Vieira\Ronaldo-Vieira,gw GNB,MF,Sampdoria,20,1998,14,6,599,6.7,0,0,0,0,0,3,0,0,0,0,0,0,Matches
Emanuel Vignato\Emanuel-Vignato,it ITA,MF,Chievo,17,2000,10,8,655,7.3,1,1,1,0,0,0,0,0.14,0.14,0.27,0.14,0.27,Matches
Federico Viviani\Federico-Viviani,it ITA,MF,Frosinone,26,1992,5,5,337,3.7,0,0,0,0,0,1,0,0,0,0,0,0,Matches
Emiliano Viviano\Emiliano-Viviano,it ITA,GK,SPAL,32,1985,17,17,1524,16.9,0,0,0,0,0,0,0,0,0,0,0,0,Matches
Felipe Vizeu\Felipe-Vizeu,br BRA,FWDF,Udinese,21,1997,5,0,32,0.4,0,0,0,0,0,0,0,0,0,0,0,0,Matches
Dušan Vlahovi?\Dusan-Vlahovic,rs SRB,FWMF,Fiorentina,18,2000,10,1,160,1.8,0,0,0,0,0,0,0,0,0,0,0,0,Matches
Rai Vloet\Rai-Vloet,nl NED,FWDF,Frosinone,23,1995,5,1,122,1.4,0,0,0,0,0,0,0,0,0,0,0,0,Matches
Stefan de Vrij\Stefan-de-Vrij,nl NED,DF,Inter,26,1992,28,28,2520,28,2,0,2,0,0,2,0,0.07,0,0.07,0.07,0.07,Matches
Šime Vrsaljko\Sime-Vrsaljko,hr CRO,DF,Inter,26,1992,10,8,727,8.1,0,2,0,0,0,2,0,0,0.25,0.25,0,0.25,Matches
Molla Wagué\Molla-Wague,ml MLI,DF,Udinese,27,1991,2,1,95,1.1,0,0,0,0,0,0,0,0,0,0,0,0,Matches
Wallace\Wallace,br BRA,DF,Lazio,23,1994,16,14,1233,13.7,0,0,0,0,0,3,0,0,0,0,0,0,Matches
Ben Wilmot\Ben-Wilmot,eng ENG,DFMF,Udinese,18,1999,5,2,199,2.2,0,0,0,0,0,1,0,0,0,0,0,0,Matches
Amin Younes\Amin-Younes,de GER,FWMF,Napoli,24,1993,12,6,498,5.5,3,2,3,0,0,1,0,0.54,0.36,0.9,0.54,0.9,Matches
Miha Zajc\Miha-Zajc,si SVN,FWMF,Empoli,24,1994,20,12,1166,13,3,2,3,0,0,2,1,0.23,0.15,0.39,0.23,0.39,Matches
Francesco Zampano\Francesco-Zampano,it ITA,DFMF,Frosinone,24,1993,27,24,2102,23.4,0,1,0,0,0,1,0,0,0.04,0.04,0,0.04,Matches
Nicolò Zaniolo\Nicolo-Zaniolo,it ITA,MFFW,Roma,19,1999,27,20,1766,19.6,4,2,4,0,0,8,0,0.2,0.1,0.31,0.2,0.31,Matches
Cristián Zapata\Cristian-Zapata,co COL,DF,Milan,31,1986,13,12,1026,11.4,0,0,0,0,0,4,0,0,0,0,0,0,Matches
Duván Zapata\Duvan-Zapata,co COL,FW,Atalanta,27,1991,37,32,2896,32.2,23,7,22,1,2,5,0,0.71,0.22,0.93,0.68,0.9,Matches
Simone Zaza\Simone-Zaza,it ITA,FW,Torino,27,1991,29,11,1437,16,4,3,4,0,0,8,1,0.25,0.19,0.44,0.25,0.44,Matches
Marvin Zeegelaar\Marvin-Zeegelaar,nl NED,DF,Udinese,27,1990,12,10,956,10.6,0,0,0,0,0,6,1,0,0,0,0,0,Matches
Piotr Zieli?ski\Piotr-Zielinski,pl POL,MFFW,Napoli,24,1994,36,33,2875,31.9,6,2,6,0,0,6,0,0.19,0.06,0.25,0.19,0.25,Matches
Ervin Zukanovi?\Ervin-Zukanovic,ba BIH,DF,Genoa,31,1987,25,22,1960,21.8,0,0,0,0,0,5,0,0,0,0,0,0,Matches
Filip ?or?evi?\Filip-Djordjevic,rs SRB,FW,Chievo,30,1987,13,6,634,7,1,1,1,0,0,1,0,0.14,0.14,0.28,0.14,0.28,Matches
Filip ?uri?i?\Filip-Djuricic,rs SRB,FWMF,Sassuolo,26,1992,23,16,1252,13.9,2,1,2,0,0,2,1,0.14,0.07,0.22,0.14,0.22,Matches
