Player,Nation,Pos,Squad,Age,Born,MP,Starts,Min,90s,Gls,Ast,G-PK,PK,PKatt,CrdY,CrdR,Gls,Ast,G+A,G-PK,G+A-PK,Matches
Issah Abbas\Issah-Abbas,gh GHA,FW,Mainz 05,19,1998,1,0,9,0.1,0,0,0,0,0,0,0,0,0,0,0,0,Matches
David Abraham\David-Abraham,ar ARG,DF,Eint Frankfurt,32,1986,17,17,1420,15.8,0,0,0,0,0,2,0,0,0,0,0,0,Matches
Amir Abrashi\Amir-Abrashi,al ALB,MF,Freiburg,28,1990,10,9,790,8.8,0,0,0,0,0,5,0,0,0,0,0,0,Matches
Tyler Adams\Tyler-Adams,us USA,MF,RB Leipzig,19,1999,10,8,721,8,0,2,0,0,0,0,0,0,0.25,0.25,0,0.25,Matches
Antonis Aidonis\Antonis-Aidonis,de GER,DF,Stuttgart,17,2001,2,1,80,0.9,0,0,0,0,0,1,0,0,0,0,0,0,Matches
Manuel Akanji\Manuel-Akanji,ch SUI,DF,Dortmund,23,1995,25,25,2205,24.5,1,0,1,0,0,1,0,0.04,0,0.04,0.04,0.04,Matches
Chadrac Akolo\Chadrac-Akolo,cd COD,MFFW,Stuttgart,23,1995,16,5,525,5.8,0,1,0,0,0,0,0,0,0.17,0.17,0,0.17,Matches
Kevin Akpoguma\Kevin-Akpoguma,ng NGA,DF,Hoffenheim,23,1995,8,5,499,5.5,0,0,0,0,0,2,0,0,0,0,0,0,Matches
Kevin Akpoguma\Kevin-Akpoguma,ng NGA,DF,Hannover 96,23,1995,4,4,313,3.5,0,0,0,0,0,2,0,0,0,0,0,0,Matches
David Alaba\David-Alaba,at AUT,DF,Bayern Munich,26,1992,31,29,2530,28.1,3,3,3,0,0,4,0,0.11,0.11,0.21,0.11,0.21,Matches
Lucas Alario\Lucas-Alario,ar ARG,FW,Leverkusen,25,1992,27,11,1265,14.1,9,3,9,0,0,1,0,0.64,0.21,0.85,0.64,0.85,Matches
Miiko Albornoz\Miiko-Albornoz,cl CHI,DFMF,Hannover 96,27,1990,22,19,1660,18.4,1,3,1,0,0,3,1,0.05,0.16,0.22,0.05,0.22,Matches
Paco Alcácer\Paco-Alcacer,es ESP,FW,Dortmund,24,1993,26,11,1211,13.5,18,0,17,1,1,0,0,1.34,0,1.34,1.26,1.26,Matches
Thiago Alcántara\Thiago-Alcantara,es ESP,MF,Bayern Munich,27,1991,30,26,2408,26.8,2,6,2,0,0,5,0,0.07,0.22,0.3,0.07,0.3,Matches
Allan\Allan,br BRA,MFDF,Eint Frankfurt,21,1997,4,2,176,2,0,0,0,0,0,1,0,0,0,0,0,0,Matches
Alfons Amade\Alfons-Amade,de GER,MF,Hoffenheim,18,1999,1,0,9,0.1,0,0,0,0,0,0,0,0,0,0,0,0,Matches
Nadiem Amiri\Nadiem-Amiri,de GER,MFFW,Hoffenheim,21,1996,13,10,754,8.4,3,1,3,0,0,1,0,0.36,0.12,0.48,0.36,0.48,Matches
Waldemar Anton\Waldemar-Anton,de GER,DF,Hannover 96,22,1996,34,34,3060,34,1,0,1,0,0,4,0,0.03,0,0.03,0.03,0.03,Matches
Dennis Aogo\Dennis-Aogo,de GER,MF,Stuttgart,31,1987,15,13,1025,11.4,0,0,0,0,0,1,0,0,0,0,0,0,Matches
Charles Aránguiz\Charles-Aranguiz,cl CHI,MF,Leverkusen,29,1989,24,22,1891,21,2,7,2,0,0,3,0,0.1,0.33,0.43,0.1,0.43,Matches
Maximilian Arnold\Maximilian-Arnold,de GER,MF,Wolfsburg,24,1994,33,33,2872,31.9,2,6,2,0,0,7,0,0.06,0.19,0.25,0.06,0.25,Matches
Takuma Asano\Takuma-Asano,jp JPN,MFFW,Hannover 96,23,1994,13,9,699,7.8,0,0,0,0,0,0,0,0,0,0,0,0,Matches
Santiago Ascacíbar\Santiago-Ascacibar,ar ARG,MF,Stuttgart,21,1997,27,27,2428,27,0,0,0,0,0,10,1,0,0,0,0,0,Matches
Simon Asta\Simon-Asta,de GER,DF,Augsburg,17,2001,1,1,90,1,0,0,0,0,0,1,0,0,0,0,0,0,Matches
Jean-Kévin Augustin\Jean-Kevin-Augustin,fr FRA,FW,RB Leipzig,21,1997,17,4,461,5.1,3,0,3,0,0,0,0,0.59,0,0.59,0.59,0.59,Matches
Ludwig Augustinsson\Ludwig-Augustinsson,se SWE,DF,Werder Bremen,24,1994,34,34,3026,33.6,1,4,1,0,0,5,0,0.03,0.12,0.15,0.03,0.15,Matches
Kaan Ayhan\Kaan-Ayhan,tr TUR,DF,Düsseldorf,23,1994,28,28,2449,27.2,4,1,4,0,0,10,0,0.15,0.04,0.18,0.15,0.18,Matches
Florian Baak\Florian-Baak,de GER,MF,Hertha BSC,19,1999,1,0,1,0,0,0,0,0,0,0,0,0,0,0,0,0,Matches
Holger Badstuber\Holger-Badstuber,de GER,DF,Stuttgart,29,1989,10,5,522,5.8,0,0,0,0,0,1,0,0,0,0,0,0,Matches
Daniel Baier\Daniel-Baier,de GER,MF,Augsburg,34,1984,33,33,2815,31.3,0,1,0,0,0,7,0,0,0.03,0.03,0,0.03,Matches
Leon Bailey\Leon-Bailey,jm JAM,FWMF,Leverkusen,20,1997,29,21,1914,21.3,5,1,5,0,0,4,0,0.24,0.05,0.28,0.24,0.28,Matches
Marvin Bakalorz\Marvin-Bakalorz,de GER,MF,Hannover 96,28,1989,25,16,1470,16.3,1,0,1,0,0,5,0,0.06,0,0.06,0.06,0.06,Matches
Ridle Baku\Ridle-Baku,de GER,MF,Mainz 05,20,1998,15,10,937,10.4,0,0,0,0,0,1,0,0,0,0,0,0,Matches
Philipp Bargfrede\Philipp-Bargfrede,de GER,MFDF,Werder Bremen,29,1989,15,13,1079,12,0,0,0,0,0,6,0,0,0,0,0,0,Matches
Aymen Barkok\Aymen-Barkok,ma MAR,MF,Düsseldorf,20,1998,12,4,510,5.7,0,0,0,0,0,0,0,0,0,0,0,0,Matches
Leandro Barreiro Martins\Leandro-Barreiro-Martins,lu LUX,MF,Mainz 05,18,2000,1,1,90,1,0,0,0,0,0,1,0,0,0,0,0,0,Matches
Fin Bartels\Fin-Bartels,de GER,FW,Werder Bremen,31,1987,2,0,23,0.3,0,0,0,0,0,0,0,0,0,0,0,0,Matches
Robert Bauer\Robert-Bauer,de GER,DF,Nürnberg,23,1995,22,19,1722,19.1,0,0,0,0,0,4,1,0,0,0,0,0,Matches
Oliver Baumann\Oliver-Baumann,de GER,GK,Hoffenheim,28,1990,33,33,2970,33,0,1,0,0,0,0,0,0,0.03,0.03,0,0.03,Matches
Timo Baumgartl\Timo-Baumgartl,de GER,DF,Stuttgart,22,1996,18,18,1620,18,1,0,1,0,0,2,0,0.06,0,0.06,0.06,0.06,Matches
Julian Baumgartlinger\Julian-Baumgartlinger,at AUT,MF,Leverkusen,30,1988,21,16,1559,17.3,0,1,0,0,0,2,0,0,0.06,0.06,0,0.06,Matches
Christoph Baumgartner\Christoph-Baumgartner,at AUT,MF,Hoffenheim,18,1999,2,1,85,0.9,0,0,0,0,0,2,1,0,0,0,0,0,Matches
Noah Joel Sarenren Bazee\Noah-Joel-Sarenren-Bazee,ng NGA,FW,Hannover 96,21,1996,3,3,155,1.7,0,0,0,0,0,0,0,0,0,0,0,0,Matches
Ihlas Bebou\Ihlas-Bebou,tg TOG,FWMF,Hannover 96,24,1994,12,12,1066,11.8,4,3,3,1,1,1,0,0.34,0.25,0.59,0.25,0.51,Matches
Uffe Bech\Uffe-Bech,dk DEN,FW,Hannover 96,25,1993,2,0,19,0.2,0,0,0,0,0,1,0,0,0,0,0,0,Matches
Andreas Beck\Andreas-Beck,de GER,DFMF,Stuttgart,31,1987,24,21,1776,19.7,0,2,0,0,0,2,0,0,0.1,0.1,0,0.1,Matches
Hanno Behrens\Hanno-Behrens,de GER,MF,Nürnberg,28,1990,30,30,2639,29.3,4,1,3,1,3,3,0,0.14,0.03,0.17,0.1,0.14,Matches
Ishak Belfodil\Ishak-Belfodil,dz ALG,FW,Hoffenheim,26,1992,28,20,1863,20.7,16,3,16,0,0,3,0,0.77,0.14,0.92,0.77,0.92,Matches
Stefan Bell\Stefan-Bell,de GER,DF,Mainz 05,26,1991,25,25,2250,25,0,0,0,0,0,7,0,0,0,0,0,0,Matches
Karim Bellarabi\Karim-Bellarabi,de GER,FWMF,Leverkusen,28,1990,19,14,1057,11.7,5,4,5,0,0,4,1,0.43,0.34,0.77,0.43,0.77,Matches
Lars Bender\Lars-Bender,de GER,DFMF,Leverkusen,29,1989,20,18,1361,15.1,1,4,1,0,0,2,0,0.07,0.26,0.33,0.07,0.33,Matches
Sven Bender\Sven-Bender,de GER,DF,Leverkusen,29,1989,27,25,1991,22.1,0,0,0,0,0,3,0,0,0,0,0,0,Matches
László Bénes\Laszlo-Benes,sk SVK,MF,M'Gladbach,20,1997,1,0,27,0.3,0,0,0,0,0,0,0,0,0,0,0,0,Matches
Nabil Bentaleb\Nabil-Bentaleb,dz ALG,MF,Schalke 04,23,1994,25,19,1792,19.9,3,0,0,3,3,4,0,0.15,0,0.15,0,0,Matches
Louis Beyer\Louis-Beyer,de GER,DF,M'Gladbach,18,2000,9,8,720,8,0,0,0,0,0,1,0,0,0,0,0,0,Matches
Ermin Bi?ak?i?\Ermin-Bicakcic,ba BIH,DF,Hoffenheim,28,1990,25,20,1790,19.9,1,2,1,0,0,0,0,0.05,0.1,0.15,0.05,0.15,Matches
Leonardo Bittencourt\Leonardo-Bittencourt,de GER,MF,Hoffenheim,24,1993,21,13,1069,11.9,1,3,1,0,0,1,0,0.08,0.25,0.34,0.08,0.34,Matches
Pablo de Blasis\Pablo-de-Blasis,ar ARG,FW,Mainz 05,30,1988,1,1,90,1,0,0,0,0,0,0,0,0,0,0,0,0,Matches
Danny Blum\Danny-Blum,de GER,FW,Eint Frankfurt,27,1991,1,0,3,0,0,0,0,0,0,0,0,0,0,0,0,0,Matches
Jérôme Boateng\Jerome-Boateng,de GER,DF,Bayern Munich,29,1988,20,19,1693,18.8,0,2,0,0,0,1,0,0,0.11,0.11,0,0.11,Matches
Adam Bodzek\Adam-Bodzek,de GER,MFDF,Düsseldorf,32,1985,21,20,1596,17.7,0,1,0,0,0,5,1,0,0.06,0.06,0,0.06,Matches
Jean-Paul Boëtius\Jean-Paul-Boetius,nl NED,MFFW,Mainz 05,24,1994,30,25,2127,23.6,4,7,4,0,0,8,0,0.17,0.3,0.47,0.17,0.47,Matches
Robin Bormuth\Robin-Bormuth,de GER,DF,Düsseldorf,22,1995,10,6,616,6.8,0,0,0,0,0,2,0,0,0,0,0,0,Matches
Nassim Boujellab\Nassim-Boujellab,ma MAR,MF,Schalke 04,19,1999,7,4,378,4.2,0,1,0,0,0,0,0,0,0.24,0.24,0,0.24,Matches
Julian Brandt\Julian-Brandt,de GER,MFFW,Leverkusen,22,1996,33,30,2666,29.6,7,11,7,0,0,0,0,0.24,0.37,0.61,0.24,0.61,Matches
Fabian Bredlow\Fabian-Bredlow,de GER,GK,Nürnberg,23,1995,13,12,1128,12.5,0,0,0,0,0,1,0,0,0,0,0,0,Matches
Josip Brekalo\Josip-Brekalo,hr CRO,FWMF,Wolfsburg,20,1998,25,15,1415,15.7,3,3,3,0,0,2,0,0.19,0.19,0.38,0.19,0.38,Matches
Joshua Brenet\Joshua-Brenet,nl NED,DFMF,Hoffenheim,24,1994,14,10,906,10.1,2,1,2,0,0,0,0,0.2,0.1,0.3,0.2,0.3,Matches
John Brooks\John-Brooks,us USA,DF,Wolfsburg,25,1993,29,29,2610,29,3,2,3,0,0,7,0,0.1,0.07,0.17,0.1,0.17,Matches
Daniel Brosinski\Daniel-Brosinski,de GER,DF,Mainz 05,30,1988,26,26,2203,24.5,3,5,0,3,3,2,0,0.12,0.2,0.33,0,0.2,Matches
Bruma\Bruma,pt POR,MFFW,RB Leipzig,23,1994,14,6,553,6.1,1,1,1,0,1,1,0,0.16,0.16,0.33,0.16,0.33,Matches
Jeffrey Bruma\Jeffrey-Bruma,nl NED,DF,Schalke 04,26,1991,9,7,624,6.9,0,0,0,0,0,4,0,0,0,0,0,0,Matches
Jacob Bruun Larsen\Jacob-Bruun-Larsen,dk DEN,FWMF,Dortmund,19,1998,24,16,1265,14.1,2,2,2,0,0,0,0,0.14,0.14,0.28,0.14,0.28,Matches
Niko Bungert\Niko-Bungert,de GER,DF,Mainz 05,31,1986,7,3,284,3.2,0,0,0,0,0,0,0,0,0,0,0,0,Matches
Guido Burgstaller\Guido-Burgstaller,at AUT,FW,Schalke 04,29,1989,24,17,1526,17,4,0,4,0,0,4,0,0.24,0,0.24,0.24,0.24,Matches
Jonathan Burkardt\Jonathan-Burkardt,de GER,FWMF,Mainz 05,18,2000,4,4,259,2.9,0,0,0,0,0,0,0,0,0,0,0,0,Matches
Roman Bürki\Roman-Burki,ch SUI,GK,Dortmund,27,1990,32,32,2880,32,0,0,0,0,0,1,0,0,0,0,0,0,Matches
Gaëtan Bussmann\Gaetan-Bussmann,fr FRA,DF,Mainz 05,27,1991,1,1,90,1,0,0,0,0,0,0,0,0,0,0,0,0,Matches
Jakub B?aszczykowski\Jakub-Blaszczykowski,pl POL,FW,Wolfsburg,32,1985,1,0,13,0.1,0,0,0,0,0,0,0,0,0,0,0,0,Matches
Caiuby\Caiuby,br BRA,FWMF,Augsburg,30,1988,14,10,1006,11.2,1,1,1,0,0,3,0,0.09,0.09,0.18,0.09,0.18,Matches
Daniel Caligiuri\Daniel-Caligiuri,it ITA,DF,Schalke 04,30,1988,31,31,2756,30.6,7,3,3,4,6,9,0,0.23,0.1,0.33,0.1,0.2,Matches
Jan-Ingwer Callsen-Bracker\Jan-Ingwer-Callsen-Bracker,de GER,DF,Augsburg,33,1984,1,0,7,0.1,0,0,0,0,0,1,0,0,0,0,0,0,Matches
Ignacio Camacho\Ignacio-Camacho,es ESP,MF,Wolfsburg,28,1990,6,6,540,6,0,0,0,0,0,3,0,0,0,0,0,0,Matches
Jonas Carls\Jonas-Carls,de GER,DF,Schalke 04,21,1997,1,1,90,1,0,0,0,0,0,0,0,0,0,0,0,0,Matches
Koen Casteels\Koen-Casteels,be BEL,GK,Wolfsburg,26,1992,26,26,2295,25.5,0,0,0,0,0,0,0,0,0,0,0,0,Matches
Gonzalo Castro\Gonzalo-Castro,de GER,MF,Stuttgart,31,1987,25,19,1692,18.8,2,4,2,0,0,4,0,0.11,0.21,0.32,0.11,0.32,Matches
Timothy Chandler\Timothy-Chandler,us USA,FW,Eint Frankfurt,28,1990,1,0,17,0.2,0,0,0,0,0,0,0,0,0,0,0,0,Matches
Per Ciljan Skjelbred\Per-Ciljan-Skjelbred,no NOR,MF,Hertha BSC,31,1987,16,12,997,11.1,0,1,0,0,0,3,0,0,0.09,0.09,0,0.09,Matches
Kingsley Coman\Kingsley-Coman,fr FRA,FWMF,Bayern Munich,22,1996,21,17,1378,15.3,6,4,6,0,0,2,0,0.39,0.26,0.65,0.39,0.65,Matches
Sergio Córdova\Sergio-Cordova,ve VEN,FW,Augsburg,20,1997,20,3,531,5.9,3,0,3,0,0,1,0,0.51,0,0.51,0.51,0.51,Matches
Danny da Costa\Danny-da-Costa,de GER,DFMF,Eint Frankfurt,25,1993,34,34,3033,33.7,2,4,2,0,0,1,0,0.06,0.12,0.18,0.06,0.18,Matches
Mickaël Cuisance\Mickael-Cuisance,fr FRA,MF,M'Gladbach,18,1999,11,1,279,3.1,0,1,0,0,0,3,0,0,0.32,0.32,0,0.32,Matches
Matheus Cunha\Matheus-Cunha,br BRA,FWMF,RB Leipzig,19,1999,25,9,853,9.5,2,0,2,0,0,1,0,0.21,0,0.21,0.21,0.21,Matches
Christoph Daferner\Christoph-Daferner,de GER,FW,Freiburg,20,1998,1,0,25,0.3,0,0,0,0,0,0,0,0,0,0,0,0,Matches
Mahmoud Dahoud\Mahmoud-Dahoud,de GER,MF,Dortmund,22,1996,14,7,697,7.7,1,0,1,0,0,2,0,0.13,0,0.13,0.13,0.13,Matches
Leon Dajaku\Leon-Dajaku,de GER,MFFW,Stuttgart,17,2001,2,0,27,0.3,0,0,0,0,0,0,0,0,0,0,0,0,Matches
Kevin Danso\Kevin-Danso,at AUT,DF,Augsburg,19,1998,18,13,1247,13.9,1,1,1,0,0,3,0,0.07,0.07,0.14,0.07,0.14,Matches
Palkó Dárdai\Palko-Dardai,hu HUN,MFFW,Hertha BSC,19,1999,7,1,113,1.3,0,0,0,0,0,0,0,0,0,0,0,0,Matches
Vladimír Darida\Vladimir-Darida,cz CZE,MF,Hertha BSC,27,1990,10,3,376,4.2,0,1,0,0,0,1,0,0,0.24,0.24,0,0.24,Matches
Alphonso Davies\Alphonso-Davies,ca CAN,FWMF,Bayern Munich,17,2000,6,0,80,0.9,1,0,1,0,0,1,0,1.13,0,1.13,1.13,1.13,Matches
Thomas Delaney\Thomas-Delaney,dk DEN,MF,Dortmund,26,1991,30,27,2283,25.4,3,5,3,0,0,7,0,0.12,0.2,0.32,0.12,0.32,Matches
Kerem Demirbay\Kerem-Demirbay,de GER,MF,Hoffenheim,25,1993,26,24,2017,22.4,4,9,4,0,0,6,0,0.18,0.4,0.58,0.18,0.58,Matches
Diego Demme\Diego-Demme,de GER,MF,RB Leipzig,26,1991,26,24,2055,22.8,0,2,0,0,0,4,0,0,0.09,0.09,0,0.09,Matches
Franco Di Santo\Franco-Di-Santo,ar ARG,FWMF,Schalke 04,29,1989,4,3,245,2.7,0,0,0,0,0,0,0,0,0,0,0,0,Matches
Abdou Diallo\Abdou-Diallo,sn SEN,DF,Dortmund,22,1996,28,27,2379,26.4,1,1,1,0,0,1,1,0.04,0.04,0.08,0.04,0.08,Matches
Daniel Didavi\Daniel-Didavi,de GER,MFFW,Stuttgart,28,1990,20,8,956,10.6,2,2,2,0,0,0,0,0.19,0.19,0.38,0.19,0.38,Matches
Tim Dierßen\Tim-Dierssen,de GER,FW,Hannover 96,22,1996,1,0,16,0.2,0,0,0,0,0,0,0,0,0,0,0,0,Matches
Javairô Dilrosun\Javairo-Dilrosun,nl NED,FWMF,Hertha BSC,20,1998,17,7,898,10,2,3,2,0,0,2,0,0.2,0.3,0.5,0.2,0.5,Matches
Giulio Donati\Giulio-Donati,it ITA,DF,Mainz 05,28,1990,9,6,625,6.9,0,0,0,0,0,2,0,0,0,0,0,0,Matches
Ji Dong-won\Ji-Dong-won,kr KOR,FWMF,Augsburg,27,1991,14,10,891,9.9,4,1,4,0,0,2,0,0.4,0.1,0.51,0.4,0.51,Matches
Anastasios Donis\Anastasios-Donis,gr GRE,FWMF,Stuttgart,21,1996,24,11,962,10.7,5,2,5,0,0,4,0,0.47,0.19,0.65,0.47,0.65,Matches
Aleksandar Dragovi?\Aleksandar-Dragovic,at AUT,DF,Leverkusen,27,1991,18,13,1335,14.8,2,0,2,0,0,4,0,0.13,0,0.13,0.13,0.13,Matches
Josip Drmi?\Josip-Drmic,ch SUI,FW,M'Gladbach,25,1992,5,2,222,2.5,2,0,2,0,0,0,0,0.81,0,0.81,0.81,0.81,Matches
Jaroslav Drobný\Jaroslav-Drobny,cz CZE,GK,Düsseldorf,38,1979,2,2,180,2,0,0,0,0,0,0,0,0,0,0,0,0,Matches
Marvin Ducksch\Marvin-Ducksch,de GER,FW,Düsseldorf,24,1994,16,8,823,9.1,1,1,1,0,0,1,0,0.11,0.11,0.22,0.11,0.22,Matches
Ondrej Duda\Ondrej-Duda,sk SVK,MF,Hertha BSC,23,1994,32,30,2563,28.5,11,5,11,0,0,7,0,0.39,0.18,0.56,0.39,0.56,Matches
Johannes Eggestein\Johannes-Eggestein,de GER,FWMF,Werder Bremen,20,1998,23,12,1113,12.4,4,1,4,0,0,0,0,0.32,0.08,0.4,0.32,0.4,Matches
Maximilian Eggestein\Maximilian-Eggestein,de GER,MF,Werder Bremen,21,1996,34,34,3052,33.9,5,4,5,0,0,4,0,0.15,0.12,0.27,0.15,0.27,Matches
Josip Elez\Josip-Elez,hr CRO,DF,Hannover 96,24,1994,10,7,646,7.2,0,0,0,0,0,1,0,0,0,0,0,0,Matches
Nico Elvedi\Nico-Elvedi,ch SUI,DF,M'Gladbach,21,1996,30,30,2623,29.1,2,1,2,0,0,1,0,0.07,0.03,0.1,0.07,0.1,Matches
Breel Embolo\Breel-Embolo,ch SUI,FW,Schalke 04,21,1997,20,15,1345,14.9,5,1,5,0,0,4,0,0.33,0.07,0.4,0.33,0.4,Matches
Patrick Erras\Patrick-Erras,de GER,MF,Nürnberg,23,1995,19,13,1222,13.6,0,1,0,0,0,1,0,0,0.07,0.07,0,0.07,Matches
Michael Esser\Michael-Esser,de GER,GK,Hannover 96,30,1987,32,32,2880,32,0,0,0,0,0,3,0,0,0,0,0,0,Matches
Alexander Esswein\Alexander-Esswein,de GER,FWMF,Stuttgart,28,1990,17,15,1251,13.9,0,0,0,0,0,3,0,0,0,0,0,0,Matches
Ewerton\Ewerton,br BRA,DF,Nürnberg,29,1989,18,15,1341,14.9,0,0,0,0,0,2,0,0,0,0,0,0,Matches
Marco Fabián\Marco-Fabian,mx MEX,FW,Eint Frankfurt,29,1989,1,1,62,0.7,0,0,0,0,0,0,0,0,0,0,0,0,Matches
Ralf Fährmann\Ralf-Fahrmann,de GER,GK,Schalke 04,29,1988,17,16,1470,16.3,0,0,0,0,0,0,0,0,0,0,0,0,Matches
Simon Falette\Simon-Falette,gn GUI,DF,Eint Frankfurt,26,1992,7,7,600,6.7,0,0,0,0,0,0,0,0,0,0,0,0,Matches
Felipe\Felipe,br BRA,DF,Hannover 96,31,1987,17,14,1095,12.2,2,0,2,0,0,5,1,0.16,0,0.16,0.16,0.16,Matches
Ohis Felix Uduokhai\Ohis-Felix-Uduokhai,de GER,DF,Wolfsburg,20,1997,11,2,244,2.7,0,0,0,0,0,2,0,0,0,0,0,0,Matches
Gelson Fernandes\Gelson-Fernandes,ch SUI,MF,Eint Frankfurt,31,1986,28,28,2225,24.7,1,0,1,0,0,10,1,0.04,0,0.04,0.04,0.04,Matches
Oliver Fink\Oliver-Fink,de GER,MF,Düsseldorf,36,1982,18,13,1055,11.7,3,0,3,0,0,4,0,0.26,0,0.26,0.26,0.26,Matches
Alfreð Finnbogason\Alfred-Finnbogason,is ISL,FW,Augsburg,29,1989,18,17,1335,14.8,10,1,6,4,4,2,0,0.67,0.07,0.74,0.4,0.47,Matches
Mark Flekken\Mark-Flekken,nl NED,GK,Freiburg,25,1993,1,1,90,1,0,0,0,0,0,0,0,0,0,0,0,0,Matches
Emil Forsberg\Emil-Forsberg,se SWE,MFFW,RB Leipzig,26,1991,20,14,1249,13.9,4,7,1,3,3,0,0,0.29,0.5,0.79,0.07,0.58,Matches
Iver Fossum\Iver-Fossum,no NOR,MFFW,Hannover 96,22,1996,9,5,455,5.1,0,0,0,0,0,0,0,0,0,0,0,0,Matches
Raphael Framberger\Raphael-Framberger,de GER,DFMF,Augsburg,22,1995,7,6,548,6.1,0,0,0,0,0,2,0,0,0,0,0,0,Matches
Mike Frantz\Mike-Frantz,de GER,MFFW,Freiburg,31,1986,31,29,2216,24.6,2,1,2,0,0,2,0,0.08,0.04,0.12,0.08,0.12,Matches
Marco Friedl\Marco-Friedl,at AUT,DF,Werder Bremen,20,1998,7,5,474,5.3,0,0,0,0,0,3,0,0,0,0,0,0,Matches
Alexander Fuchs\Alexander-Fuchs,de GER,MF,Nürnberg,21,1997,9,8,655,7.3,1,0,1,0,0,3,0,0.14,0,0.14,0.14,0.14,Matches
Niclas Füllkrug\Niclas-Fullkrug,de GER,FW,Hannover 96,25,1993,14,13,1112,12.4,2,1,1,1,1,1,0,0.16,0.08,0.24,0.08,0.16,Matches
Mijat Ga?inovi?\Mijat-Gacinovic,rs SRB,MF,Eint Frankfurt,23,1995,29,16,1626,18.1,0,1,0,0,0,3,0,0,0.06,0.06,0,0.06,Matches
Jean-Philippe Gbamin\Jean-Philippe-Gbamin,ci CIV,MF,Mainz 05,22,1995,31,30,2672,29.7,2,1,2,0,0,3,0,0.07,0.03,0.1,0.07,0.1,Matches
Theodor Gebre Selassie\Theodor-Gebre-Selassie,cz CZE,DF,Werder Bremen,31,1986,32,32,2814,31.3,3,2,3,0,0,2,0,0.1,0.06,0.16,0.1,0.16,Matches
Dennis Geiger\Dennis-Geiger,de GER,MFFW,Hoffenheim,20,1998,4,2,246,2.7,0,1,0,0,0,1,0,0,0.37,0.37,0,0.37,Matches
Christian Gentner\Christian-Gentner,de GER,MF,Stuttgart,32,1985,29,24,2018,22.4,0,5,0,0,0,3,0,0,0.22,0.22,0,0.22,Matches
Yannick Gerhardt\Yannick-Gerhardt,de GER,MF,Wolfsburg,24,1994,30,28,2455,27.3,2,2,2,0,0,2,0,0.07,0.07,0.15,0.07,0.15,Matches
Fabian Giefer\Fabian-Giefer,de GER,GK,Augsburg,28,1990,4,4,360,4,0,0,0,0,0,0,0,0,0,0,0,0,Matches
Niko Gießelmann\Niko-Giesselmann,de GER,DF,Düsseldorf,26,1991,30,29,2593,28.8,0,3,0,0,0,2,0,0,0.1,0.1,0,0.1,Matches
Daniel Ginczek\Daniel-Ginczek,de GER,FW,Wolfsburg,27,1991,24,12,1276,14.2,6,2,6,0,0,4,0,0.42,0.14,0.56,0.42,0.56,Matches
Matthias Ginter\Matthias-Ginter,de GER,DF,M'Gladbach,24,1994,27,27,2379,26.4,2,0,2,0,0,2,0,0.08,0,0.08,0.08,0.08,Matches
Serge Gnabry\Serge-Gnabry,de GER,FWMF,Bayern Munich,23,1995,30,21,1762,19.6,10,5,10,0,0,0,0,0.51,0.26,0.77,0.51,0.77,Matches
Kevin Goden\Kevin-Goden,de GER,DFFW,Nürnberg,19,1999,5,3,273,3,0,0,0,0,0,1,0,0,0,0,0,0,Matches
Mario Gómez\Mario-Gomez,de GER,FW,Stuttgart,33,1985,31,25,2211,24.6,7,2,7,0,0,4,1,0.28,0.08,0.37,0.28,0.37,Matches
Jérôme Gondorf\Jerome-Gondorf,de GER,MFFW,Freiburg,30,1988,25,13,1296,14.4,2,2,2,0,0,3,0,0.14,0.14,0.28,0.14,0.28,Matches
Nicolás González\Nicolas-Gonzalez,ar ARG,FWMF,Stuttgart,20,1998,30,23,2162,24,2,3,2,0,0,2,1,0.08,0.12,0.21,0.08,0.21,Matches
Leon Goretzka\Leon-Goretzka,de GER,MF,Bayern Munich,23,1995,30,23,2023,22.5,8,4,8,0,0,3,0,0.36,0.18,0.53,0.36,0.53,Matches
Felix Götze\Felix-Gotze,de GER,MF,Augsburg,20,1998,6,0,126,1.4,1,0,1,0,0,0,0,0.71,0,0.71,0.71,0.71,Matches
Mario Götze\Mario-Gotze,de GER,FWMF,Dortmund,26,1992,26,19,1674,18.6,7,7,7,0,0,0,0,0.38,0.38,0.75,0.38,0.75,Matches
Jeffrey Gouweleeuw\Jeffrey-Gouweleeuw,nl NED,DF,Augsburg,27,1991,25,24,2092,23.2,0,2,0,0,0,4,0,0,0.09,0.09,0,0.09,Matches
Michael Gregoritsch\Michael-Gregoritsch,at AUT,MFFW,Augsburg,24,1994,32,28,2487,27.6,6,2,5,1,1,4,0,0.22,0.07,0.29,0.18,0.25,Matches
Vincenzo Grifo\Vincenzo-Grifo,it ITA,MFFW,Freiburg,25,1993,16,16,1427,15.9,6,3,5,1,1,1,0,0.38,0.19,0.57,0.32,0.5,Matches
Vincenzo Grifo\Vincenzo-Grifo,it ITA,MFFW,Hoffenheim,25,1993,7,3,335,3.7,1,2,0,1,1,0,0,0.27,0.54,0.81,0,0.54,Matches
Florian Grillitsch\Florian-Grillitsch,at AUT,MF,Hoffenheim,22,1995,30,27,2394,26.6,0,3,0,0,0,8,0,0,0.11,0.11,0,0.11,Matches
Marko Gruji?\Marko-Grujic,rs SRB,MF,Hertha BSC,22,1996,22,20,1780,19.8,5,1,5,0,0,5,0,0.25,0.05,0.3,0.25,0.3,Matches
Raphaël Guerreiro\Raphael-Guerreiro,pt POR,FWDF,Dortmund,24,1993,23,17,1527,17,2,6,2,0,0,2,0,0.12,0.35,0.47,0.12,0.47,Matches
Josuha Guilavogui\Josuha-Guilavogui,fr FRA,MF,Wolfsburg,27,1990,19,18,1570,17.4,2,1,2,0,0,5,0,0.11,0.06,0.17,0.11,0.17,Matches
Péter Gulácsi\Peter-Gulacsi,hu HUN,GK,RB Leipzig,28,1990,33,33,2925,32.5,0,0,0,0,0,0,0,0,0,0,0,0,Matches
Manuel Gulde\Manuel-Gulde,de GER,DF,Freiburg,27,1991,21,20,1712,19,1,0,1,0,0,3,0,0.05,0,0.05,0.05,0.05,Matches
Christian Günter\Christian-Gunter,de GER,DF,Freiburg,25,1993,32,32,2879,32,0,5,0,0,0,4,1,0,0.16,0.16,0,0.16,Matches
Ahmet Gürleyen\Ahmet-Gurleyen,de GER,DF,Mainz 05,19,1999,1,0,13,0.1,0,0,0,0,0,0,0,0,0,0,0,0,Matches
Jonathan de Guzmán\Jonathan-de-Guzman,nl NED,MF,Eint Frankfurt,30,1987,28,17,1564,17.4,3,6,3,0,0,4,0,0.17,0.35,0.52,0.17,0.52,Matches
Janik Haberer\Janik-Haberer,de GER,MFFW,Freiburg,24,1994,27,26,2340,26,1,3,1,0,0,5,1,0.04,0.12,0.15,0.04,0.15,Matches
Alexander Hack\Alexander-Hack,de GER,DF,Mainz 05,24,1993,14,11,1020,11.3,1,1,1,0,0,1,0,0.09,0.09,0.18,0.09,0.18,Matches
Benjamin Hadži?\Benjamin-Hadzic,ba BIH,FWMF,Hannover 96,19,1999,3,0,25,0.3,0,1,0,0,0,0,0,0,3.6,3.6,0,3.6,Matches
André Hahn\Andre-Hahn,de GER,FWMF,Augsburg,27,1990,28,21,2052,22.8,4,4,4,0,0,7,0,0.18,0.18,0.35,0.18,0.35,Matches
Amadou Haidara\Amadou-Haidara,ml MLI,MF,RB Leipzig,20,1998,9,4,378,4.2,1,0,1,0,0,1,0,0.24,0,0.24,0.24,0.24,Matches
Achraf Hakimi\Achraf-Hakimi,ma MAR,DF,Dortmund,19,1998,21,19,1740,19.3,2,4,2,0,0,4,0,0.1,0.21,0.31,0.1,0.31,Matches
Sébastien Haller\Sebastien-Haller,ci CIV,FW,Eint Frankfurt,24,1994,29,23,2182,24.2,15,9,12,3,3,3,0,0.62,0.37,0.99,0.49,0.87,Matches
Marcel Halstenberg\Marcel-Halstenberg,de GER,DF,RB Leipzig,26,1991,28,27,2414,26.8,3,6,1,2,2,2,0,0.11,0.22,0.34,0.04,0.26,Matches
Genki Haraguchi\Genki-Haraguchi,jp JPN,MFDF,Hannover 96,27,1991,28,22,2133,23.7,0,3,0,0,0,1,0,0,0.13,0.13,0,0.13,Matches
Amine Harit\Amine-Harit,ma MAR,MFFW,Schalke 04,21,1997,18,12,1082,12,1,1,1,0,0,1,0,0.08,0.08,0.17,0.08,0.17,Matches
Martin Harnik\Martin-Harnik,at AUT,FWMF,Werder Bremen,31,1987,18,10,828,9.2,4,2,4,0,0,2,0,0.43,0.22,0.65,0.43,0.65,Matches
Makoto Hasebe\Makoto-Hasebe,jp JPN,DFMF,Eint Frankfurt,34,1984,28,28,2520,28,0,0,0,0,0,4,0,0,0,0,0,0,Matches
Kai Havertz\Kai-Havertz,de GER,MFFW,Leverkusen,19,1999,34,33,2894,32.2,17,3,14,3,3,2,0,0.53,0.09,0.62,0.44,0.53,Matches
Thorgan Hazard\Thorgan-Hazard,be BEL,FWDF,M'Gladbach,25,1993,33,33,2873,31.9,10,11,7,3,5,1,0,0.31,0.34,0.66,0.22,0.56,Matches
Dominique Heintz\Dominique-Heintz,de GER,DF,Freiburg,24,1993,34,34,3053,33.9,1,1,1,0,0,5,0,0.03,0.03,0.06,0.03,0.06,Matches
Rouwen Hennings\Rouwen-Hennings,de GER,FW,Düsseldorf,30,1987,29,19,1833,20.4,7,4,6,1,1,3,0,0.34,0.2,0.54,0.29,0.49,Matches
Benjamin Henrichs\Benjamin-Henrichs,de GER,DF,Leverkusen,21,1997,1,1,63,0.7,0,0,0,0,0,1,0,0,0,0,0,0,Matches
Patrick Herrmann\Patrick-Herrmann,de GER,FWDF,M'Gladbach,27,1991,24,10,1079,12,3,2,3,0,0,1,0,0.25,0.17,0.42,0.25,0.42,Matches
Martin Hinteregger\Martin-Hinteregger,at AUT,DF,Eint Frankfurt,25,1992,14,14,1142,12.7,1,0,1,0,0,3,0,0.08,0,0.08,0.08,0.08,Matches
Martin Hinteregger\Martin-Hinteregger,at AUT,DF,Augsburg,25,1992,18,18,1575,17.5,2,0,2,0,0,0,0,0.11,0,0.11,0.11,0.11,Matches
Marwin Hitz\Marwin-Hitz,ch SUI,GK,Dortmund,30,1987,2,2,180,2,0,0,0,0,0,1,0,0,0,0,0,0,Matches
André Hoffmann\Andre-Hoffmann,de GER,DFMF,Düsseldorf,25,1993,13,11,1049,11.7,0,0,0,0,0,4,0,0,0,0,0,0,Matches
Nicolas Höfler\Nicolas-Hofler,de GER,MF,Freiburg,28,1990,18,18,1615,17.9,0,0,0,0,0,6,0,0,0,0,0,0,Matches
Jonas Hofmann\Jonas-Hofmann,de GER,MF,M'Gladbach,26,1992,27,21,1911,21.2,5,5,4,1,2,2,0,0.24,0.24,0.47,0.19,0.42,Matches
Lucas Höler\Lucas-Holer,de GER,FWMF,Freiburg,24,1994,26,11,1006,11.2,4,0,4,0,0,0,0,0.36,0,0.36,0.36,0.36,Matches
Gerrit Holtmann\Gerrit-Holtmann,de GER,FWMF,Mainz 05,23,1995,4,1,145,1.6,0,0,0,0,0,2,0,0,0,0,0,0,Matches
Justin Hoogma\Justin-Hoogma,nl NED,DFMF,Hoffenheim,20,1998,2,1,111,1.2,0,0,0,0,0,0,0,0,0,0,0,0,Matches
Lukáš Hrádecký\Lukas-Hradecky,fi FIN,GK,Leverkusen,28,1989,32,32,2880,32,0,0,0,0,0,1,0,0,0,0,0,0,Matches
Branimir Hrgota\Branimir-Hrgota,se SWE,FW,Eint Frankfurt,25,1993,1,0,5,0.1,0,0,0,0,0,0,0,0,0,0,0,0,Matches
Benjamin Hübner\Benjamin-Hubner,de GER,DF,Hoffenheim,29,1989,10,9,813,9,0,0,0,0,0,2,0,0,0,0,0,0,Matches
Mats Hummels\Mats-Hummels,de GER,DF,Bayern Munich,29,1988,21,20,1775,19.7,1,1,1,0,0,1,0,0.05,0.05,0.1,0.05,0.1,Matches
Vedad Ibiševi?\Vedad-Ibisevic,ba BIH,FW,Hertha BSC,33,1984,28,24,1807,20.1,10,2,9,1,1,5,1,0.5,0.1,0.6,0.45,0.55,Matches
Ivo Ili?evi?\Ivo-Ilicevic,hr CRO,MF,Nürnberg,31,1986,3,0,39,0.4,0,0,0,0,0,1,0,0,0,0,0,0,Matches
Stefan Ilsanker\Stefan-Ilsanker,at AUT,DFMF,RB Leipzig,29,1989,19,10,933,10.4,0,0,0,0,0,5,1,0,0,0,0,0,Matches
Emiliano Insúa\Emiliano-Insua,ar ARG,DF,Stuttgart,29,1989,27,24,2114,23.5,2,2,2,0,0,4,1,0.09,0.09,0.17,0.09,0.17,Matches
Mikael Ishak\Mikael-Ishak,se SWE,FW,Nürnberg,25,1993,29,22,1917,21.3,4,3,3,1,2,1,0,0.19,0.14,0.33,0.14,0.28,Matches
Gian-Luca Itter\Gian-Luca-Itter,de GER,DF,Wolfsburg,19,1999,2,1,94,1,0,0,0,0,0,0,0,0,0,0,0,0,Matches
Koo Ja-cheol\Koo-Ja-cheol,kr KOR,MFFW,Augsburg,29,1989,26,19,1640,18.2,2,1,2,0,0,3,0,0.11,0.05,0.16,0.11,0.16,Matches
Lukas Jäger\Lukas-Jager,at AUT,MF,Nürnberg,24,1994,2,0,27,0.3,0,0,0,0,0,0,0,0,0,0,0,0,Matches
Christoph Janker\Christoph-Janker,de GER,MFFW,Augsburg,33,1985,4,1,72,0.8,0,0,0,0,0,0,0,0,0,0,0,0,Matches
Tony Jantschke\Tony-Jantschke,de GER,DF,M'Gladbach,28,1990,14,10,933,10.4,0,1,0,0,0,0,0,0,0.1,0.1,0,0.1,Matches
Rune Jarstein\Rune-Jarstein,no NOR,GK,Hertha BSC,33,1984,31,31,2745,30.5,0,0,0,0,0,2,0,0,0,0,0,0,Matches
Dennis Jastrzembski\Dennis-Jastrzembski,pl POL,DFMF,Hertha BSC,18,2000,5,0,61,0.7,0,0,0,0,0,1,0,0,0,0,0,0,Matches
Tin Jedvaj\Tin-Jedvaj,hr CRO,DF,Leverkusen,22,1995,16,13,1121,12.5,0,0,0,0,0,3,0,0,0,0,0,0,Matches
Fredrik Jensen\Fredrik-Jensen,fi FIN,FWMF,Augsburg,20,1997,6,2,207,2.3,0,0,0,0,0,0,0,0,0,0,0,0,Matches
Joelinton\Joelinton,br BRA,FWMF,Hoffenheim,21,1996,28,25,2130,23.7,7,5,7,0,0,5,0,0.3,0.21,0.51,0.3,0.51,Matches
Aron Jóhannsson\Aron-Johannsson,us USA,MF,Werder Bremen,27,1990,1,0,4,0,0,0,0,0,0,0,0,0,0,0,0,0,Matches
Fabian Johnson\Fabian-Johnson,us USA,DFFW,M'Gladbach,30,1987,18,11,1012,11.2,1,0,1,0,0,1,0,0.09,0,0.09,0.09,0.09,Matches
Jonathas\Jonathas,br BRA,FW,Hannover 96,29,1989,10,6,607,6.7,3,1,2,1,1,3,1,0.44,0.15,0.59,0.3,0.44,Matches
Luka Jovi?\Luka-Jovic,rs SRB,FWMF,Eint Frankfurt,20,1997,32,25,2243,24.9,17,5,16,1,1,1,0,0.68,0.2,0.88,0.64,0.84,Matches
Sebastian Jung\Sebastian-Jung,de GER,DF,Wolfsburg,28,1990,1,1,56,0.6,0,0,0,0,0,0,0,0,0,0,0,0,Matches
Ozan Kabak\Ozan-Kabak,tr TUR,DF,Stuttgart,18,2000,15,15,1350,15,3,0,3,0,0,4,0,0.2,0,0.2,0.2,0.2,Matches
Pavel Kade?ábek\Pavel-Kaderabek,cz CZE,DFMF,Hoffenheim,26,1992,29,28,2509,27.9,3,4,3,0,0,7,0,0.11,0.14,0.25,0.11,0.25,Matches
Shinji Kagawa\Shinji-Kagawa,jp JPN,MF,Dortmund,29,1989,2,1,98,1.1,0,0,0,0,0,0,0,0,0,0,0,0,Matches
Florian Kainz\Florian-Kainz,at AUT,FW,Werder Bremen,25,1992,8,5,373,4.1,0,1,0,0,0,2,0,0,0.24,0.24,0,0.24,Matches
Salomon Kalou\Salomon-Kalou,ci CIV,FWMF,Hertha BSC,32,1985,30,27,2317,25.7,8,2,5,3,3,0,0,0.31,0.08,0.39,0.19,0.27,Matches
Marcin Kami?ski\Marcin-Kaminski,pl POL,DF,Düsseldorf,26,1992,27,27,2430,27,0,1,0,0,0,1,0,0,0.04,0.04,0,0.04,Matches
Patrick Kammerbauer\Patrick-Kammerbauer,de GER,FW,Freiburg,21,1997,1,0,2,0,0,0,0,0,0,0,0,0,0,0,0,0,Matches
Kevin Kampl\Kevin-Kampl,si SVN,MF,RB Leipzig,27,1990,27,25,2113,23.5,2,5,2,0,0,5,0,0.09,0.21,0.3,0.09,0.3,Matches
Stefanos Kapino\Stefanos-Kapino,gr GRE,GK,Werder Bremen,24,1994,1,0,45,0.5,0,0,0,0,0,0,0,0,0,0,0,0,Matches
Kenan Karaman\Kenan-Karaman,tr TUR,FWMF,Düsseldorf,24,1994,21,9,919,10.2,3,1,3,0,0,0,0,0.29,0.1,0.39,0.29,0.39,Matches
Marc-Oliver Kempf\Marc-Oliver-Kempf,de GER,DF,Stuttgart,23,1995,23,23,2025,22.5,2,0,2,0,0,3,0,0.09,0,0.09,0.09,0.09,Matches
Sebastian Kerk\Sebastian-Kerk,de GER,MFFW,Nürnberg,24,1994,21,17,1179,13.1,0,1,0,0,0,0,0,0,0.08,0.08,0,0.08,Matches
Rani Khedira\Rani-Khedira,de GER,DFMF,Augsburg,24,1994,30,30,2624,29.2,4,1,4,0,0,6,0,0.14,0.03,0.17,0.14,0.17,Matches
Isaac Kiese Thelin\Isaac-Kiese-Thelin,se SWE,FW,Leverkusen,26,1992,6,1,180,2,0,0,0,0,0,1,0,0,0,0,0,0,Matches
Joshua Kimmich\Joshua-Kimmich,de GER,DFMF,Bayern Munich,23,1995,34,34,3060,34,2,13,2,0,0,4,0,0.06,0.38,0.44,0.06,0.44,Matches
Davy Klaassen\Davy-Klaassen,nl NED,MF,Werder Bremen,25,1993,33,33,2816,31.3,5,4,5,0,0,5,0,0.16,0.13,0.29,0.16,0.29,Matches
Felix Klaus\Felix-Klaus,de GER,FWMF,Wolfsburg,25,1992,15,5,443,4.9,1,1,1,0,0,0,0,0.2,0.2,0.41,0.2,0.41,Matches
Tim Kleindienst\Tim-Kleindienst,de GER,FW,Freiburg,22,1995,4,2,200,2.2,0,0,0,0,0,0,0,0,0,0,0,0,Matches
Lukas Klostermann\Lukas-Klostermann,de GER,DF,RB Leipzig,22,1996,26,22,2003,22.3,5,1,5,0,0,1,0,0.22,0.04,0.27,0.22,0.27,Matches
Lukas Klünter\Lukas-Klunter,de GER,DF,Hertha BSC,22,1996,10,7,592,6.6,0,0,0,0,0,2,1,0,0,0,0,0,Matches
Robin Knoche\Robin-Knoche,de GER,DF,Wolfsburg,26,1992,31,31,2790,31,3,0,3,0,0,0,0,0.1,0,0.1,0.1,0.1,Matches
Törles Knöll\Torles-Knoll,de GER,FW,Nürnberg,20,1997,16,2,370,4.1,1,0,1,0,0,0,0,0.24,0,0.24,0.24,0.24,Matches
Gregor Kobel\Gregor-Kobel,ch SUI,GK,Hoffenheim,20,1997,1,1,90,1,0,0,0,0,0,0,0,0,0,0,0,0,Matches
Gregor Kobel\Gregor-Kobel,ch SUI,GK,Augsburg,20,1997,16,16,1389,15.4,0,0,0,0,0,0,0,0,0,0,0,0,Matches
Robin Koch\Robin-Koch,de GER,MFDF,Freiburg,22,1996,24,21,1901,21.1,1,0,1,0,0,3,0,0.05,0,0.05,0.05,0.05,Matches
Dominik Kohr\Dominik-Kohr,de GER,MF,Leverkusen,24,1994,18,10,973,10.8,0,2,0,0,0,4,0,0,0.18,0.18,0,0.18,Matches
Ibrahima Konaté\Ibrahima-Konate,fr FRA,DF,RB Leipzig,19,1999,28,27,2431,27,1,1,1,0,0,7,0,0.04,0.04,0.07,0.04,0.07,Matches
Yevhen Konoplyanka\Yevhen-Konoplyanka,ua UKR,FW,Schalke 04,28,1989,13,7,656,7.3,1,1,1,0,0,0,1,0.14,0.14,0.27,0.14,0.27,Matches
Pascal Köpke\Pascal-Kopke,de GER,FWMF,Hertha BSC,22,1995,7,0,74,0.8,0,0,0,0,0,0,0,0,0,0,0,0,Matches
Julian Korb\Julian-Korb,de GER,DF,Hannover 96,26,1992,12,11,1006,11.2,0,0,0,0,0,0,0,0,0,0,0,0,Matches
Filip Kosti?\Filip-Kostic,rs SRB,DFMF,Eint Frankfurt,25,1992,34,33,2956,32.8,6,10,6,0,0,4,0,0.18,0.3,0.49,0.18,0.49,Matches
Dawid Kownacki\Dawid-Kownacki,pl POL,MFFW,Düsseldorf,21,1997,10,7,575,6.4,4,0,4,0,0,2,0,0.63,0,0.63,0.63,0.63,Matches
Thomas Kraft\Thomas-Kraft,de GER,GK,Hertha BSC,30,1988,4,3,315,3.5,0,0,0,0,0,0,0,0,0,0,0,0,Matches
Andrej Kramari?\Andrej-Kramaric,hr CRO,MFFW,Hoffenheim,27,1991,30,28,2396,26.6,17,4,12,5,6,2,0,0.64,0.15,0.79,0.45,0.6,Matches
Christoph Kramer\Christoph-Kramer,de GER,MF,M'Gladbach,27,1991,18,13,1136,12.6,2,1,2,0,0,6,0,0.16,0.08,0.24,0.16,0.24,Matches
Max Kruse\Max-Kruse,de GER,FWMF,Werder Bremen,30,1988,32,32,2832,31.5,11,9,8,3,3,0,0,0.35,0.29,0.64,0.25,0.54,Matches
Lukas Kübler\Lukas-Kubler,de GER,DF,Freiburg,25,1992,16,15,1184,13.2,0,2,0,0,0,2,0,0,0.15,0.15,0,0.15,Matches
Yuya Kubo\Yuya-Kubo,jp JPN,FWMF,Nürnberg,24,1993,22,15,1357,15.1,1,0,1,0,0,2,0,0.07,0,0.07,0.07,0.07,Matches
Pierre Kunde\Pierre-Kunde,cm CMR,MF,Mainz 05,23,1995,29,23,1909,21.2,0,0,0,0,0,5,0,0,0,0,0,0,Matches
Ahmed Kutucu\Ahmed-Kutucu,tr TUR,FWMF,Schalke 04,18,2000,13,3,425,4.7,2,0,2,0,0,0,0,0.42,0,0.42,0.42,0.42,Matches
Konrad Laimer\Konrad-Laimer,at AUT,MFDF,RB Leipzig,21,1997,29,20,1874,20.8,1,1,1,0,0,7,0,0.05,0.05,0.1,0.05,0.1,Matches
Michael Lang\Michael-Lang,ch SUI,DF,M'Gladbach,27,1991,17,15,1255,13.9,1,0,1,0,0,0,0,0.07,0,0.07,0.07,0.07,Matches
Sebastian Langkamp\Sebastian-Langkamp,de GER,DF,Werder Bremen,30,1988,21,15,1414,15.7,0,0,0,0,0,4,0,0,0,0,0,0,Matches
Danny Latza\Danny-Latza,de GER,MF,Mainz 05,28,1989,24,22,1863,20.7,0,3,0,0,0,4,0,0,0.14,0.14,0,0.14,Matches
Valentino Lazaro\Valentino-Lazaro,at AUT,DFMF,Hertha BSC,22,1996,31,31,2741,30.5,3,6,3,0,0,6,0,0.1,0.2,0.3,0.1,0.3,Matches
Mathew Leckie\Mathew-Leckie,au AUS,FWMF,Hertha BSC,27,1991,18,10,941,10.5,2,0,2,0,0,3,0,0.19,0,0.19,0.19,0.19,Matches
Tim Leibold\Tim-Leibold,de GER,DF,Nürnberg,24,1993,32,32,2765,30.7,0,2,0,0,1,6,1,0,0.07,0.07,0,0.07,Matches
Robert Lewandowski\Robert-Lewandowski,pl POL,FW,Bayern Munich,29,1988,33,33,2957,32.9,22,7,19,3,4,2,0,0.67,0.21,0.88,0.58,0.79,Matches
Philipp Lienhart\Philipp-Lienhart,at AUT,DF,Freiburg,22,1996,14,7,614,6.8,0,0,0,0,0,0,0,0,0,0,0,0,Matches
Davor Lovren\Davor-Lovren,hr CRO,MFFW,Düsseldorf,19,1998,2,0,46,0.5,0,0,0,0,0,0,0,0,0,0,0,0,Matches
Eduard Löwen\Eduard-Lowen,de GER,MFFW,Nürnberg,21,1997,22,17,1623,18,3,2,3,0,0,3,0,0.17,0.11,0.28,0.17,0.28,Matches
Derrick Luckassen\Derrick-Luckassen,nl NED,DF,Hertha BSC,23,1995,4,2,250,2.8,0,0,0,0,0,0,0,0,0,0,0,0,Matches
Dodi Lukebakio\Dodi-Lukebakio,be BEL,FWMF,Düsseldorf,20,1997,31,22,1972,21.9,10,3,6,4,6,6,0,0.46,0.14,0.59,0.27,0.41,Matches
Fabian Lustenberger\Fabian-Lustenberger,ch SUI,DFMF,Hertha BSC,30,1988,29,24,2172,24.1,0,1,0,0,0,2,0,0,0.04,0.04,0,0.04,Matches
Andreas Luthe\Andreas-Luthe,de GER,GK,Augsburg,31,1987,15,14,1311,14.6,0,0,0,0,0,0,0,0,0,0,0,0,Matches
Pablo Maffeo\Pablo-Maffeo,es ESP,DFMF,Stuttgart,21,1997,8,8,597,6.6,0,0,0,0,0,1,0,0,0,0,0,0,Matches
Arne Maier\Arne-Maier,de GER,MF,Hertha BSC,19,1999,24,23,2064,22.9,0,0,0,0,0,2,0,0,0,0,0,0,Matches
Linton Maina\Linton-Maina,de GER,MFFW,Hannover 96,19,1999,20,17,1414,15.7,1,3,1,0,0,0,0,0.06,0.19,0.25,0.06,0.25,Matches
Yunus Mall?\Yunus-Malli,tr TUR,MFFW,Wolfsburg,26,1992,21,5,701,7.8,1,1,0,1,1,0,0,0.13,0.13,0.26,0,0.13,Matches
Georg Margreitter\Georg-Margreitter,at AUT,DF,Nürnberg,29,1988,27,22,2064,22.9,2,0,2,0,0,2,0,0.09,0,0.09,0.09,0.09,Matches
Aarón Martín\Aaron-Martin,es ESP,DF,Mainz 05,21,1997,33,32,2878,32,0,3,0,0,0,3,0,0,0.09,0.09,0,0.09,Matches
Javi Martínez\Javi-Martinez,es ESP,MF,Bayern Munich,29,1988,21,16,1309,14.5,3,0,3,0,0,3,0,0.21,0,0.21,0.21,0.21,Matches
Omar Mascarell\Omar-Mascarell,es ESP,MF,Schalke 04,25,1993,14,11,993,11,0,2,0,0,0,2,0,0,0.18,0.18,0,0.18,Matches
Jean-Philippe Mateta\Jean-Philippe-Mateta,fr FRA,FW,Mainz 05,21,1997,34,29,2483,27.6,14,2,14,0,0,2,0,0.51,0.07,0.58,0.51,0.58,Matches
Christian Mathenia\Christian-Mathenia,de GER,GK,Nürnberg,26,1992,22,22,1932,21.5,0,0,0,0,0,2,0,0,0,0,0,0,Matches
Rabbi Matondo\Rabbi-Matondo,wal WAL,FWMF,Schalke 04,17,2000,7,1,189,2.1,0,0,0,0,0,0,0,0,0,0,0,0,Matches
Philipp Max\Philipp-Max,de GER,DFMF,Augsburg,24,1993,30,30,2569,28.5,4,2,4,0,0,1,0,0.14,0.07,0.21,0.14,0.21,Matches
Alexandru Maxim\Alexandru-Maxim,ro ROU,MF,Mainz 05,28,1990,22,3,579,6.4,1,0,1,0,0,3,0,0.16,0,0.16,0.16,0.16,Matches
Weston McKennie\Weston-McKennie,us USA,MFDF,Schalke 04,19,1998,24,19,1746,19.4,1,4,1,0,0,6,0,0.05,0.21,0.26,0.05,0.26,Matches
Admir Mehmedi\Admir-Mehmedi,ch SUI,FWMF,Wolfsburg,27,1991,26,20,1692,18.8,6,5,6,0,0,1,0,0.32,0.27,0.59,0.32,0.59,Matches
Hamza Mendyl\Hamza-Mendyl,ma MAR,DFMF,Schalke 04,20,1997,9,7,544,6,0,0,0,0,0,5,0,0,0,0,0,0,Matches
Virgil Misidjan\Virgil-Misidjan,nl NED,FWMF,Nürnberg,25,1993,23,17,1543,17.1,1,1,1,0,0,5,0,0.06,0.06,0.12,0.06,0.12,Matches
Maximilian Mittelstädt\Maximilian-Mittelstadt,de GER,DFMF,Hertha BSC,21,1997,25,20,1804,20,1,1,1,0,0,3,1,0.05,0.05,0.1,0.05,0.1,Matches
Kevin Möhwald\Kevin-Mohwald,de GER,MFFW,Werder Bremen,25,1993,23,7,873,9.7,3,1,3,0,0,2,0,0.31,0.1,0.41,0.31,0.41,Matches
Niklas Moisander\Niklas-Moisander,fi FIN,DF,Werder Bremen,32,1985,30,30,2637,29.3,0,0,0,0,0,7,1,0,0,0,0,0,Matches
Alfredo Morales\Alfredo-Morales,us USA,MF,Düsseldorf,28,1990,23,16,1532,17,1,1,1,0,0,6,0,0.06,0.06,0.12,0.06,0.12,Matches
Jan Morávek\Jan-Moravek,cz CZE,MF,Augsburg,28,1989,13,7,757,8.4,0,2,0,0,0,1,0,0,0.24,0.24,0,0.24,Matches
Lukas Mühl\Lukas-Muhl,de GER,DF,Nürnberg,21,1997,31,31,2790,31,1,0,1,0,0,4,0,0.03,0,0.03,0.03,0.03,Matches
Nordi Mukiele\Nordi-Mukiele,fr FRA,DF,RB Leipzig,20,1997,19,14,1225,13.6,1,1,1,0,0,3,0,0.07,0.07,0.15,0.07,0.15,Matches
Florian Müller\Florian-Muller,de GER,GK,Mainz 05,20,1997,24,24,2160,24,0,0,0,0,0,0,0,0,0,0,0,0,Matches
Nicolai Müller\Nicolai-Muller,de GER,MFFW,Hannover 96,30,1987,14,11,899,10,3,0,3,0,0,2,0,0.3,0,0.3,0.3,0.3,Matches
Nicolai Müller\Nicolai-Muller,de GER,FWMF,Eint Frankfurt,30,1987,7,3,217,2.4,2,0,2,0,0,1,0,0.83,0,0.83,0.83,0.83,Matches
Thomas Müller\Thomas-Muller,de GER,MFFW,Bayern Munich,28,1989,32,28,2378,26.4,6,9,6,0,0,1,0,0.23,0.34,0.57,0.23,0.57,Matches
Florent Muslija\Florent-Muslija,xk KVX,MFFW,Hannover 96,20,1998,17,6,679,7.5,2,0,2,0,0,1,0,0.27,0,0.27,0.27,0.27,Matches
Yvon Mvogo\Yvon-Mvogo,ch SUI,GK,RB Leipzig,24,1994,2,1,135,1.5,0,0,0,0,0,0,0,0,0,0,0,0,Matches
Phillipp Mwene\Phillipp-Mwene,at AUT,DF,Mainz 05,24,1994,6,2,274,3,0,0,0,0,0,0,0,0,0,0,0,0,Matches
Obite N'Dicka\Obite-NDicka,fr FRA,DF,Eint Frankfurt,18,1999,27,24,2304,25.6,1,1,1,0,0,3,0,0.04,0.04,0.08,0.04,0.08,Matches
Naldo\Naldo,br BRA,DF,Schalke 04,35,1982,7,7,630,7,0,0,0,0,0,1,0,0,0,0,0,0,Matches
Matija Nastasi?\Matija-Nastasic,rs SRB,DF,Schalke 04,25,1993,28,28,2449,27.2,1,0,1,0,0,6,1,0.04,0,0.04,0.04,0.04,Matches
Reiss Nelson\Reiss-Nelson,eng ENG,MFFW,Hoffenheim,18,1999,23,5,643,7.1,7,0,7,0,0,0,0,0.98,0,0.98,0.98,0.98,Matches
Manuel Neuer\Manuel-Neuer,de GER,GK,Bayern Munich,32,1986,26,26,2302,25.6,0,0,0,0,0,1,0,0,0,0,0,0,Matches
Florian Neuhaus\Florian-Neuhaus,de GER,MF,M'Gladbach,21,1997,32,25,2062,22.9,3,8,3,0,0,5,0,0.13,0.35,0.48,0.13,0.48,Matches
Moussa Niakhate\Moussa-Niakhate,fr FRA,DF,Mainz 05,22,1996,33,32,2789,31,1,1,1,0,0,3,0,0.03,0.03,0.06,0.03,0.06,Matches
Florian Niederlechner\Florian-Niederlechner,de GER,FWMF,Freiburg,27,1990,24,12,970,10.8,4,1,4,0,0,3,0,0.37,0.09,0.46,0.37,0.46,Matches
Håvard Nordtveit\Havard-Nordtveit,no NOR,MFDF,Hoffenheim,28,1990,8,4,470,5.2,0,0,0,0,0,2,0,0,0,0,0,0,Matches
Alexander Nübel\Alexander-Nubel,de GER,GK,Schalke 04,21,1996,18,18,1588,17.6,0,0,0,0,0,1,1,0,0,0,0,0,Matches
Kasim Nuhu\Kasim-Nuhu,gh GHA,DF,Hoffenheim,23,1995,13,11,904,10,0,1,0,0,0,5,1,0,0.1,0.1,0,0.1,Matches
Hans Nunoo Sarpei\Hans-Nunoo-Sarpei,gh GHA,FWMF,Stuttgart,19,1998,2,0,42,0.5,0,0,0,0,0,0,0,0,0,0,0,0,Matches
Bastian Oczipka\Bastian-Oczipka,de GER,DF,Schalke 04,29,1989,21,21,1875,20.8,1,5,1,0,0,3,0,0.05,0.24,0.29,0.05,0.29,Matches
Chima Okoroji\Chima-Okoroji,ng NGA,DFMF,Freiburg,21,1997,2,1,104,1.2,0,0,0,0,0,0,0,0,0,0,0,0,Matches
Karim Onisiwo\Karim-Onisiwo,at AUT,FWMF,Mainz 05,26,1992,26,11,1161,12.9,7,3,7,0,0,2,0,0.54,0.23,0.78,0.54,0.78,Matches
Willi Orban\Willi-Orban,hu HUN,DF,RB Leipzig,25,1992,24,23,2049,22.8,4,0,4,0,0,5,0,0.18,0,0.18,0.18,0.18,Matches
Yuya Osako\Yuya-Osako,jp JPN,FWMF,Werder Bremen,28,1990,21,15,1346,15,3,2,3,0,0,2,0,0.2,0.13,0.33,0.2,0.33,Matches
Matthias Ostrzolek\Matthias-Ostrzolek,de GER,DF,Hannover 96,28,1990,18,16,1468,16.3,0,0,0,0,0,2,0,0,0,0,0,0,Matches
David Otto\David-Otto,de GER,FW,Hoffenheim,19,1999,3,0,28,0.3,0,0,0,0,0,0,0,0,0,0,0,0,Matches
Reece Oxford\Reece-Oxford,eng ENG,DF,Augsburg,19,1998,8,6,505,5.6,0,1,0,0,0,0,1,0,0.18,0.18,0,0.18,Matches
Berkay Özcan\Berkay-Ozcan,tr TUR,MF,Stuttgart,20,1998,3,0,51,0.6,0,0,0,0,0,0,0,0,0,0,0,0,Matches
Ramazan Özcan\Ramazan-Ozcan,at AUT,GK,Leverkusen,34,1984,2,2,180,2,0,0,0,0,0,0,0,0,0,0,0,0,Matches
Levin Öztunal?\Levin-Oztunali,de GER,MFFW,Mainz 05,22,1996,15,11,921,10.2,0,1,0,0,0,3,0,0,0.1,0.1,0,0.1,Matches
Gonçalo Paciência\Goncalo-Paciencia,pt POR,FW,Eint Frankfurt,23,1994,11,4,390,4.3,3,1,3,0,0,1,0,0.69,0.23,0.92,0.69,0.92,Matches
Federico Palacios Martínez\Federico-Palacios-Martinez,de GER,FWMF,Nürnberg,23,1995,17,9,942,10.5,2,0,2,0,0,1,0,0.19,0,0.19,0.19,0.19,Matches
Paulinho\Paulinho,br BRA,FWMF,Leverkusen,18,2000,15,0,180,2,0,0,0,0,0,0,0,0,0,0,0,0,Matches
Benjamin Pavard\Benjamin-Pavard,fr FRA,DF,Stuttgart,22,1996,29,29,2610,29,0,0,0,0,0,3,0,0,0,0,0,0,Matches
Ji?í Pavlenka\Jiri-Pavlenka,cz CZE,GK,Werder Bremen,26,1992,34,34,2977,33.1,0,0,0,0,0,2,0,0,0,0,0,0,Matches
Peter Pekarík\Peter-Pekarik,sk SVK,DF,Hertha BSC,31,1986,3,2,217,2.4,0,0,0,0,0,0,0,0,0,0,0,0,Matches
Matheus Pereira\Matheus-Pereira,br BRA,MFFW,Nürnberg,22,1996,19,16,1232,13.7,3,2,3,0,0,3,1,0.22,0.15,0.37,0.22,0.37,Matches
Pavao Pervan\Pavao-Pervan,at AUT,GK,Wolfsburg,30,1987,9,8,765,8.5,0,0,0,0,0,1,0,0,0,0,0,0,Matches
Nils Petersen\Nils-Petersen,de GER,FW,Freiburg,29,1988,24,20,1929,21.4,10,3,9,1,2,0,0,0.47,0.14,0.61,0.42,0.56,Matches
Ond?ej Petrák\Ondrej-Petrak,cz CZE,MF,Nürnberg,26,1992,22,18,1624,18,0,0,0,0,0,5,0,0,0,0,0,0,Matches
Maximilian Philipp\Maximilian-Philipp,de GER,FWMF,Dortmund,24,1994,18,9,758,8.4,1,1,1,0,0,0,0,0.12,0.12,0.24,0.12,0.24,Matches
?ukasz Piszczek\Lukasz-Piszczek,pl POL,DF,Dortmund,33,1985,20,20,1756,19.5,1,6,1,0,0,3,0,0.05,0.31,0.36,0.05,0.36,Matches
Claudio Pizarro\Claudio-Pizarro,pe PER,FW,Werder Bremen,39,1978,26,3,692,7.7,5,2,5,0,0,1,0,0.65,0.26,0.91,0.65,0.91,Matches
Marvin Plattenhardt\Marvin-Plattenhardt,de GER,DF,Hertha BSC,26,1992,22,22,1924,21.4,1,2,1,0,0,4,0,0.05,0.09,0.14,0.05,0.14,Matches
Alassane Pléa\Alassane-Plea,fr FRA,FW,M'Gladbach,25,1993,34,28,2503,27.8,12,4,12,0,0,2,0,0.43,0.14,0.58,0.43,0.58,Matches
Luca Plogmann\Luca-Plogmann,de GER,GK,Werder Bremen,18,2000,1,0,38,0.4,0,0,0,0,0,0,0,0,0,0,0,0,Matches
Stefan Posch\Stefan-Posch,at AUT,DF,Hoffenheim,21,1997,17,16,1402,15.6,0,0,0,0,0,5,0,0,0,0,0,0,Matches
Yussuf Poulsen\Yussuf-Poulsen,dk DEN,FW,RB Leipzig,24,1994,31,27,2451,27.2,15,3,15,0,0,2,0,0.55,0.11,0.66,0.55,0.66,Matches
Edgar Prib\Edgar-Prib,de GER,MF,Hannover 96,28,1989,4,2,202,2.2,0,1,0,0,0,1,0,0,0.45,0.45,0,0.45,Matches
Christian Pulisic\Christian-Pulisic,us USA,FWMF,Dortmund,19,1998,20,9,932,10.4,4,4,4,0,0,2,0,0.39,0.39,0.77,0.39,0.77,Matches
Robin Quaison\Robin-Quaison,se SWE,FWMF,Mainz 05,24,1993,28,25,2194,24.4,7,3,7,0,0,1,0,0.29,0.12,0.41,0.29,0.41,Matches
Raffael\Raffael,br BRA,FW,M'Gladbach,33,1985,13,5,543,6,2,1,2,0,0,0,0,0.33,0.17,0.5,0.33,0.5,Matches
Rafinha\Rafinha,br BRA,DF,Bayern Munich,32,1985,16,9,901,10,1,1,1,0,0,1,0,0.1,0.1,0.2,0.1,0.2,Matches
Baba Rahman\Baba-Rahman,gh GHA,DF,Schalke 04,24,1994,2,2,162,1.8,0,0,0,0,0,0,0,0,0,0,0,0,Matches
Benito Raman\Benito-Raman,be BEL,MFFW,Düsseldorf,23,1994,30,19,1681,18.7,10,4,10,0,0,1,0,0.54,0.21,0.75,0.54,0.75,Matches
Milot Rashica\Milot-Rashica,xk KVX,FWMF,Werder Bremen,22,1996,26,19,1550,17.2,9,5,8,1,1,1,0,0.52,0.29,0.81,0.46,0.75,Matches
Yoric Ravet\Yoric-Ravet,fr FRA,MFFW,Freiburg,28,1989,4,0,75,0.8,0,0,0,0,0,0,0,0,0,0,0,0,Matches
Ante Rebi?\Ante-Rebic,hr CRO,FWMF,Eint Frankfurt,24,1993,28,23,1978,22,9,4,9,0,0,4,1,0.41,0.18,0.59,0.41,0.59,Matches
Karim Rekik\Karim-Rekik,nl NED,DF,Hertha BSC,23,1994,24,24,2068,23,0,0,0,0,0,4,1,0,0,0,0,0,Matches
Michael Rensing\Michael-Rensing,de GER,GK,Düsseldorf,34,1984,32,32,2880,32,0,0,0,0,0,1,0,0,0,0,0,0,Matches
Marco Reus\Marco-Reus,de GER,MFFW,Dortmund,29,1989,27,27,2316,25.7,17,8,14,3,3,3,1,0.66,0.31,0.97,0.54,0.85,Matches
Elvis Rexhbeçaj\Elvis-Rexhbecaj,de GER,MF,Wolfsburg,20,1997,24,13,1144,12.7,2,2,2,0,0,4,0,0.16,0.16,0.31,0.16,0.31,Matches
Simon Rhein\Simon-Rhein,de GER,MF,Nürnberg,20,1998,8,7,494,5.5,0,0,0,0,0,1,1,0,0,0,0,0,Matches
Franck Ribéry\Franck-Ribery,fr FRA,FWMF,Bayern Munich,35,1983,25,10,1174,13,6,3,6,0,0,3,0,0.46,0.23,0.69,0.46,0.69,Matches
Marco Richter\Marco-Richter,de GER,FWMF,Augsburg,20,1997,25,17,1426,15.8,4,6,4,0,0,4,0,0.25,0.38,0.63,0.25,0.63,Matches
Sascha Riether\Sascha-Riether,de GER,DF,Schalke 04,35,1983,1,0,2,0,0,0,0,0,0,0,0,0,0,0,0,0,Matches
Arjen Robben\Arjen-Robben,nl NED,FWMF,Bayern Munich,34,1984,12,7,567,6.3,4,0,4,0,0,1,1,0.63,0,0.63,0.63,0.63,Matches
Sebastian Rode\Sebastian-Rode,de GER,MF,Eint Frankfurt,27,1990,12,12,923,10.3,0,0,0,0,0,4,0,0,0,0,0,0,Matches
James Rodríguez\James-Rodriguez,co COL,MFFW,Bayern Munich,27,1991,20,13,1138,12.6,7,3,7,0,0,2,0,0.55,0.24,0.79,0.55,0.79,Matches
Jérôme Roussillon\Jerome-Roussillon,fr FRA,DF,Wolfsburg,25,1993,28,28,2461,27.3,3,4,3,0,0,4,0,0.11,0.15,0.26,0.11,0.26,Matches
Sebastian Rudy\Sebastian-Rudy,de GER,MF,Schalke 04,28,1990,21,17,1356,15.1,0,0,0,0,0,4,0,0,0,0,0,0,Matches
Lukas Rupp\Lukas-Rupp,de GER,MF,Hoffenheim,27,1991,1,0,25,0.3,0,0,0,0,0,0,0,0,0,0,0,0,Matches
Marco Russ\Marco-Russ,de GER,DF,Eint Frankfurt,32,1985,5,3,380,4.2,0,0,0,0,0,1,0,0,0,0,0,0,Matches
Frederik Rønnow\Frederik-Ronnow,dk DEN,GK,Eint Frankfurt,25,1992,2,1,123,1.4,0,0,0,0,0,0,0,0,0,0,0,0,Matches
Marcel Sabitzer\Marcel-Sabitzer,at AUT,MFFW,RB Leipzig,24,1994,30,26,2352,26.1,4,3,4,0,0,9,0,0.15,0.11,0.27,0.15,0.27,Matches
Nuri ?ahin\Nuri-Sahin,tr TUR,MF,Werder Bremen,29,1988,20,19,1476,16.4,1,1,1,0,0,5,0,0.06,0.06,0.12,0.06,0.12,Matches
Samuel ?ahin-Radlinger\Samuel-Sahin-Radlinger,at AUT,GK,Hannover 96,25,1992,1,1,90,1,0,0,0,0,0,0,0,0,0,0,0,0,Matches
Carlos Salcedo\Carlos-Salcedo,mx MEX,DF,Eint Frankfurt,24,1993,6,6,460,5.1,0,0,0,0,0,3,0,0,0,0,0,0,Matches
Roland Sallai\Roland-Sallai,hu HUN,MFFW,Freiburg,21,1997,10,5,527,5.9,2,0,2,0,0,3,0,0.34,0,0.34,0.34,0.34,Matches
Edgar Salli\Edgar-Salli,cm CMR,MFFW,Nürnberg,25,1992,3,1,116,1.3,0,0,0,0,0,1,0,0,0,0,0,0,Matches
Renato Sanches\Renato-Sanches,pt POR,MF,Bayern Munich,20,1997,17,4,577,6.4,1,1,1,0,0,2,1,0.16,0.16,0.31,0.16,0.31,Matches
Jadon Sancho\Jadon-Sancho,eng ENG,FWMF,Dortmund,18,2000,34,26,2461,27.3,12,14,12,0,0,2,0,0.44,0.51,0.95,0.44,0.95,Matches
Salif Sané\Salif-Sane,sn SEN,DF,Schalke 04,27,1990,30,29,2614,29,2,0,2,0,0,4,0,0.07,0,0.07,0.07,0.07,Matches
Marcelo Saracchi\Marcelo-Saracchi,uy URU,DF,RB Leipzig,20,1998,9,7,653,7.3,0,1,0,0,0,2,0,0,0.14,0.14,0,0.14,Matches
Josh Sargent\Josh-Sargent,us USA,FW,Werder Bremen,18,2000,10,1,212,2.4,2,0,2,0,0,1,0,0.85,0,0.85,0.85,0.85,Matches
Julian Schieber\Julian-Schieber,de GER,FW,Augsburg,29,1989,9,3,258,2.9,1,0,1,0,0,1,0,0.35,0,0.35,0.35,0.35,Matches
Keven Schlotterbeck\Keven-Schlotterbeck,de GER,DF,Freiburg,21,1997,9,8,773,8.6,0,0,0,0,0,1,0,0,0,0,0,0,Matches
Nico Schlotterbeck\Nico-Schlotterbeck,de GER,DF,Freiburg,18,1999,4,2,226,2.5,0,0,0,0,0,1,0,0,0,0,0,0,Matches
Marcel Schmelzer\Marcel-Schmelzer,de GER,DF,Dortmund,30,1988,9,6,566,6.3,0,1,0,0,0,1,0,0,0.16,0.16,0,0.16,Matches
Jonathan Schmid\Jonathan-Schmid,fr FRA,DF,Augsburg,28,1990,28,28,2520,28,3,7,3,0,0,1,0,0.11,0.25,0.36,0.11,0.36,Matches
Alessandro Schöpf\Alessandro-Schopf,at AUT,MFDF,Schalke 04,24,1994,15,11,1004,11.2,1,0,1,0,0,3,0,0.09,0,0.09,0.09,0.09,Matches
Nico Schulz\Nico-Schulz,de GER,DFMF,Hoffenheim,25,1993,30,29,2537,28.2,1,5,1,0,0,6,0,0.04,0.18,0.21,0.04,0.21,Matches
Pirmin Schwegler\Pirmin-Schwegler,ch SUI,MF,Hannover 96,31,1987,27,25,2075,23.1,0,1,0,0,0,7,0,0,0.04,0.04,0,0.04,Matches
Alexander Schwolow\Alexander-Schwolow,de GER,GK,Freiburg,26,1992,33,33,2970,33,0,1,0,0,0,1,0,0,0.03,0.03,0,0.03,Matches
Davie Selke\Davie-Selke,de GER,FWMF,Hertha BSC,23,1995,30,16,1739,19.3,3,5,3,0,0,4,0,0.16,0.26,0.41,0.16,0.41,Matches
Suat Serdar\Suat-Serdar,de GER,MF,Schalke 04,21,1997,26,20,1729,19.2,2,1,2,0,0,4,2,0.1,0.05,0.16,0.1,0.16,Matches
Meritan Shabani\Meritan-Shabani,al ALB,FW,Bayern Munich,19,1999,1,0,1,0,0,0,0,0,0,0,0,0,0,0,0,0,Matches
Steven Skrzybski\Steven-Skrzybski,de GER,FWMF,Schalke 04,25,1992,12,8,664,7.4,3,1,3,0,0,1,0,0.41,0.14,0.54,0.41,0.54,Matches
Emile Smith-Rowe\Emile-Smith-Rowe,eng ENG,MF,RB Leipzig,18,2000,3,0,29,0.3,0,0,0,0,0,0,0,0,0,0,0,0,Matches
Marcel Sobottka\Marcel-Sobottka,de GER,MF,Düsseldorf,24,1994,14,11,942,10.5,0,0,0,0,0,3,0,0,0,0,0,0,Matches
Yann Sommer\Yann-Sommer,ch SUI,GK,M'Gladbach,29,1988,34,34,3060,34,0,0,0,0,0,1,0,0,0,0,0,0,Matches
Oliver Sorg\Oliver-Sorg,de GER,DF,Hannover 96,28,1990,19,18,1580,17.6,0,0,0,0,0,6,1,0,0,0,0,0,Matches
Borna Sosa\Borna-Sosa,hr CRO,DFMF,Stuttgart,20,1998,12,7,616,6.8,0,1,0,0,0,3,0,0,0.15,0.15,0,0.15,Matches
Sebastian Soto\Sebastian-Soto,us USA,MF,Hannover 96,18,2000,3,0,29,0.3,0,0,0,0,0,0,0,0,0,0,0,0,Matches
Kostas Stafylidis\Kostas-Stafylidis,gr GRE,DF,Augsburg,24,1993,12,11,920,10.2,0,0,0,0,0,1,0,0,0,0,0,0,Matches
Benjamin Stambouli\Benjamin-Stambouli,fr FRA,DFMF,Schalke 04,27,1990,21,20,1763,19.6,0,2,0,0,0,3,0,0,0.1,0.1,0,0.1,Matches
Jozo Stani?\Jozo-Stanic,hr CRO,DF,Augsburg,19,1999,1,0,3,0,0,0,0,0,0,0,0,0,0,0,0,0,Matches
Niklas Stark\Niklas-Stark,de GER,DF,Hertha BSC,23,1995,22,22,1868,20.8,1,0,1,0,0,5,0,0.05,0,0.05,0.05,0.05,Matches
Renato Steffen\Renato-Steffen,ch SUI,FWDF,Wolfsburg,26,1991,31,18,1503,16.7,5,1,5,0,0,4,0,0.3,0.06,0.36,0.3,0.36,Matches
Marc Stendera\Marc-Stendera,de GER,MF,Eint Frankfurt,22,1995,7,0,110,1.2,0,0,0,0,0,0,0,0,0,0,0,0,Matches
Pascal Stenzel\Pascal-Stenzel,de GER,DF,Freiburg,22,1996,21,16,1449,16.1,0,2,0,0,0,5,1,0,0.12,0.12,0,0.12,Matches
Lars Stindl\Lars-Stindl,de GER,FWMF,M'Gladbach,29,1988,21,19,1508,16.8,3,1,3,0,0,3,0,0.18,0.06,0.24,0.18,0.24,Matches
Kevin Stöger\Kevin-Stoger,at AUT,MF,Düsseldorf,24,1993,25,24,2118,23.5,1,7,1,0,0,8,0,0.04,0.3,0.34,0.04,0.34,Matches
Tobias Strobl\Tobias-Strobl,de GER,MFDF,M'Gladbach,28,1990,29,26,2293,25.5,0,4,0,0,0,4,0,0,0.16,0.16,0,0.16,Matches
Niklas Süle\Niklas-Sule,de GER,DF,Bayern Munich,22,1995,31,29,2654,29.5,2,0,2,0,0,3,0,0.07,0,0.07,0.07,0.07,Matches
Markus Suttner\Markus-Suttner,at AUT,DFMF,Düsseldorf,31,1987,6,6,489,5.4,1,1,1,0,0,1,0,0.18,0.18,0.37,0.18,0.37,Matches
Ádám Szalai\Adam-Szalai,hu HUN,FW,Hoffenheim,30,1987,30,15,1627,18.1,6,3,6,0,0,3,0,0.33,0.17,0.5,0.33,0.5,Matches
Jonathan Tah\Jonathan-Tah,de GER,DF,Leverkusen,22,1996,33,33,2937,32.6,3,1,3,0,0,3,0,0.09,0.03,0.12,0.09,0.12,Matches
Taleb Tawatha\Taleb-Tawatha,il ISR,DFFW,Eint Frankfurt,26,1992,3,1,125,1.4,0,0,0,0,0,0,0,0,0,0,0,0,Matches
Georg Teigl\Georg-Teigl,at AUT,MFFW,Augsburg,27,1991,6,2,296,3.3,0,0,0,0,0,0,0,0,0,0,0,0,Matches
Marco Terrazzino\Marco-Terrazzino,de GER,FWMF,Freiburg,27,1991,13,7,517,5.7,1,0,1,0,0,0,0,0.17,0,0.17,0.17,0.17,Matches
Cedric Teuchert\Cedric-Teuchert,de GER,FW,Schalke 04,21,1997,5,2,160,1.8,0,0,0,0,0,0,0,0,0,0,0,0,Matches
Erik Thommy\Erik-Thommy,de GER,MFFW,Stuttgart,23,1994,19,6,794,8.8,1,1,1,0,0,3,1,0.11,0.11,0.23,0.11,0.23,Matches
Timothy Tillman\Timothy-Tillman,de GER,FWMF,Nürnberg,19,1999,6,1,206,2.3,0,0,0,0,0,0,0,0,0,0,0,0,Matches
George Timotheou\George-Timotheou,au AUS,DF,Schalke 04,21,1997,1,1,90,1,0,0,0,0,0,0,0,0,0,0,0,0,Matches
Marcel Tisserand\Marcel-Tisserand,cd COD,DF,Wolfsburg,25,1993,10,10,886,9.8,1,0,1,0,0,2,0,0.1,0,0.1,0.1,0.1,Matches
Corentin Tolisso\Corentin-Tolisso,fr FRA,MF,Bayern Munich,23,1994,2,1,52,0.6,1,0,1,0,0,0,0,1.73,0,1.73,1.73,1.73,Matches
Ömer Toprak\Omer-Toprak,tr TUR,DF,Dortmund,29,1989,9,1,236,2.6,0,0,0,0,0,0,0,0,0,0,0,0,Matches
Lucas Torró\Lucas-Torro,es ESP,MF,Eint Frankfurt,24,1994,8,6,560,6.2,0,0,0,0,0,1,0,0,0,0,0,0,Matches
Jordan Torunarigha\Jordan-Torunarigha,de GER,DF,Hertha BSC,20,1997,14,13,1158,12.9,2,2,2,0,0,3,1,0.16,0.16,0.31,0.16,0.31,Matches
Almamy Touré\Almamy-Toure,ml MLI,DF,Eint Frankfurt,22,1996,7,6,519,5.8,0,0,0,0,0,0,0,0,0,0,0,0,Matches
Ibrahima Traoré\Ibrahima-Traore,gn GUI,FWMF,M'Gladbach,30,1988,16,5,552,6.1,0,2,0,0,0,1,0,0,0.33,0.33,0,0.33,Matches
Kevin Trapp\Kevin-Trapp,de GER,GK,Eint Frankfurt,28,1990,33,33,2937,32.6,0,0,0,0,0,2,0,0,0,0,0,0,Matches
Philipp Tschauner\Philipp-Tschauner,de GER,GK,Hannover 96,32,1985,1,1,90,1,0,0,0,0,0,0,0,0,0,0,0,0,Matches
Anthony Ujah\Anthony-Ujah,ng NGA,FW,Mainz 05,27,1990,22,6,735,8.2,4,0,4,0,0,2,0,0.49,0,0.49,0.49,0.49,Matches
Sven Ulreich\Sven-Ulreich,de GER,GK,Bayern Munich,29,1988,9,8,758,8.4,0,0,0,0,0,0,0,0,0,0,0,0,Matches
Dayot Upamecano\Dayot-Upamecano,fr FRA,DF,RB Leipzig,19,1998,15,14,1293,14.4,0,0,0,0,0,5,0,0,0,0,0,0,Matches
Takashi Usami\Takashi-Usami,jp JPN,FWMF,Düsseldorf,26,1992,19,10,879,9.8,1,2,1,0,0,1,0,0.1,0.2,0.31,0.1,0.31,Matches
Mark Uth\Mark-Uth,de GER,FWMF,Schalke 04,26,1991,20,15,1407,15.6,2,1,2,0,0,3,0,0.13,0.06,0.19,0.13,0.19,Matches
Enrico Valentini\Enrico-Valentini,it ITA,DF,Nürnberg,29,1989,15,15,1299,14.4,0,2,0,0,0,2,0,0,0.14,0.14,0,0.14,Matches
Miloš Veljkovi?\Milos-Veljkovic,rs SRB,DF,Werder Bremen,22,1995,23,21,1877,20.9,1,0,1,0,0,7,2,0.05,0,0.05,0.05,0.05,Matches
Paul Verhaegh\Paul-Verhaegh,nl NED,DF,Wolfsburg,34,1983,2,2,180,2,0,0,0,0,0,0,0,0,0,0,0,0,Matches
Kevin Vogt\Kevin-Vogt,de GER,DF,Hoffenheim,26,1991,28,28,2391,26.6,0,0,0,0,0,5,0,0,0,0,0,0,Matches
Kevin Volland\Kevin-Volland,de GER,FW,Leverkusen,26,1992,34,32,2814,31.3,14,9,14,0,0,4,0,0.45,0.29,0.74,0.45,0.74,Matches
Sandro Wagner\Sandro-Wagner,de GER,FW,Bayern Munich,30,1987,7,1,143,1.6,0,0,0,0,0,2,0,0,0,0,0,0,Matches
Walace\Walace,br BRA,MF,Hannover 96,23,1995,26,23,1996,22.2,1,1,1,0,0,5,0,0.05,0.05,0.09,0.05,0.09,Matches
Luca Waldschmidt\Luca-Waldschmidt,de GER,FWMF,Freiburg,22,1996,30,16,1717,19.1,9,1,6,3,3,1,0,0.47,0.05,0.52,0.31,0.37,Matches
Wout Weghorst\Wout-Weghorst,nl NED,FW,Wolfsburg,25,1992,34,33,2925,32.5,17,7,13,4,4,4,0,0.52,0.22,0.74,0.4,0.62,Matches
Julian Weigl\Julian-Weigl,de GER,DFMF,Dortmund,22,1995,18,16,1455,16.2,1,0,1,0,0,3,0,0.06,0,0.06,0.06,0.06,Matches
Mitchell Weiser\Mitchell-Weiser,de GER,DF,Leverkusen,24,1994,30,22,2111,23.5,1,3,1,0,0,3,0,0.04,0.13,0.17,0.04,0.17,Matches
Wendell\Wendell,br BRA,DF,Leverkusen,25,1993,28,25,2277,25.3,2,2,1,1,2,5,0,0.08,0.08,0.16,0.04,0.12,Matches
Oscar Wendt\Oscar-Wendt,se SWE,DF,M'Gladbach,32,1985,32,30,2731,30.3,1,1,1,0,0,2,0,0.03,0.03,0.07,0.03,0.07,Matches
Timo Werner\Timo-Werner,de GER,FW,RB Leipzig,22,1996,30,29,2509,27.9,16,7,16,0,1,1,0,0.57,0.25,0.83,0.57,0.83,Matches
Hendrik Weydandt\Hendrik-Weydandt,de GER,FWMF,Hannover 96,23,1995,28,18,1723,19.1,6,1,6,0,0,1,0,0.31,0.05,0.37,0.31,0.37,Matches
Jetro Willems\Jetro-Willems,nl NED,MFDF,Eint Frankfurt,24,1994,23,7,730,8.1,0,1,0,0,0,2,1,0,0.12,0.12,0,0.12,Matches
William\William,br BRA,DF,Wolfsburg,23,1995,31,30,2675,29.7,2,1,2,0,0,10,0,0.07,0.03,0.1,0.07,0.1,Matches
Kevin Wimmer\Kevin-Wimmer,at AUT,DF,Hannover 96,25,1992,22,17,1683,18.7,0,0,0,0,0,5,0,0,0,0,0,0,Matches
Axel Witsel\Axel-Witsel,be BEL,MF,Dortmund,29,1989,33,32,2873,31.9,4,1,4,0,0,2,0,0.13,0.03,0.16,0.13,0.16,Matches
Marius Wolf\Marius-Wolf,de GER,DFFW,Dortmund,23,1995,16,10,828,9.2,1,0,1,0,0,1,1,0.11,0,0.11,0.11,0.11,Matches
Jeong Woo-yeong\Jeong-Woo-yeong,kr KOR,FW,Bayern Munich,18,1999,1,0,5,0.1,0,0,0,0,0,0,0,0,0,0,0,0,Matches
Bobby Wood\Bobby-Wood,us USA,FWMF,Hannover 96,25,1992,20,12,1182,13.1,3,1,3,0,0,1,0,0.23,0.08,0.3,0.23,0.3,Matches
Haji Wright\Haji-Wright,us USA,FW,Schalke 04,20,1998,7,2,197,2.2,1,0,1,0,0,0,0,0.46,0,0.46,0.46,0.46,Matches
John Yeboah\John-Yeboah,de GER,FW,Wolfsburg,18,2000,2,0,55,0.6,0,0,0,0,0,0,0,0,0,0,0,0,Matches
Dan-Axel Zagadou\Dan-Axel-Zagadou,fr FRA,DF,Dortmund,19,1999,17,15,1267,14.1,2,0,2,0,0,4,0,0.14,0,0.14,0.14,0.14,Matches
Denis Zakaria\Denis-Zakaria,ch SUI,MF,M'Gladbach,21,1996,31,21,1959,21.8,4,0,4,0,0,7,0,0.18,0,0.18,0.18,0.18,Matches
Robin Zentner\Robin-Zentner,de GER,GK,Mainz 05,23,1994,10,10,900,10,0,0,0,0,0,1,0,0,0,0,0,0,Matches
Ron-Robert Zieler\Ron-Robert-Zieler,de GER,GK,Stuttgart,29,1989,34,34,3060,34,0,0,0,0,0,3,0,0,0,0,0,0,Matches
Jean Zimmer\Jean-Zimmer,de GER,DFMF,Düsseldorf,24,1993,18,17,1435,15.9,1,2,1,0,0,2,0,0.06,0.13,0.19,0.06,0.19,Matches
Matthias Zimmermann\Matthias-Zimmermann,de GER,DFMF,Düsseldorf,26,1992,34,34,3049,33.9,1,3,1,0,0,4,0,0.03,0.09,0.12,0.03,0.12,Matches
Adam Zre?ák\Adam-Zrelak,sk SVK,FW,Nürnberg,24,1994,14,10,941,10.5,2,1,2,0,0,4,0,0.19,0.1,0.29,0.19,0.29,Matches
Steven Zuber\Steven-Zuber,ch SUI,FWMF,Stuttgart,26,1991,13,13,1051,11.7,5,1,4,1,1,3,0,0.43,0.09,0.51,0.34,0.43,Matches
Steven Zuber\Steven-Zuber,ch SUI,MFFW,Hoffenheim,26,1991,9,6,571,6.3,0,1,0,0,0,1,0,0,0.16,0.16,0,0.16,Matches
